displayName,appID,createdDateTime,keyCredentials,passwordCredentials,id,isFallbackPublicClient,identifierUris,isDeviceOnlyAuthSupported,groupMembershipClaims,publisherDomain,signInAudience,tags,tokenEncryptionKeyId,api.requestedAccessTokenVersion,api.acceptMappedClaims,api.knownClientApplications,api.preAuthorizedApplications,publicClient.redirectUris,info.termsOfServiceUrl,info.supportUrl,info.privacyStatementUrl,info.marketingUrl,info.logoUrl,parentalControlSettings.countriesBlockedForMinors,parentalControlSettings.legalAgeGroupRule,web.redirectUris,web.homePageUrl,web.logoutUrl,web.implicitGrantSettings.enableIdTokenIssuance,web.implicitGrantSettings.enableAccessTokenIssuance
"""Climatecalc""","37332ba7-09b0-42d3-8579-707997f4e7e4","2018-08-31T11:17:49Z","[]","[{""customKeyIdentifier"":null,""displayName"":null,""endDateTime"":""2028-08-31T11:17:49.5458811Z"",""hint"":null,""keyId"":""18fd64bf-027a-4635-9073-5b1c44e823ff"",""startDateTime"":""2018-08-31T11:17:49.5458811Z"",""secretText"":null}]","00299893-92ba-47be-8b62-fae431f4e413","null","[""https://wa-prod-cmn-climatecalc.ase02.ncc.info""]","null","null","null","AzureADMyOrg","[]","null","null","null","[]","[]","[]","null","null","null","null","null","[]","Allow","[""https://klimatkalkylator.ncc.se/.auth/login/aad/callback"",""https://wa-prod-cmn-climatecalc.ase02.ncc.info/.auth/login/aad/callback""]","https://wa-prod-cmn-climatecalc.ase02.ncc.info","null","true","false"
"""ar-test-cmn-aad-b2c-nccexttest""","ba7429e0-992f-4e2e-906c-e988117a4f39","2022-01-20T09:35:42Z","[]","[{""customKeyIdentifier"":null,""displayName"":""Password uploaded on Thu Jan 20 2022"",""endDateTime"":""2022-07-20T08:36:49.927Z"",""hint"":""JaL"",""keyId"":""85ba2f0e-9a63-4e9f-ab52-0e32640e79ac"",""startDateTime"":""2022-01-20T09:36:49.927Z"",""secretText"":null}]","0030ad99-b524-4d4b-9cf2-39b985673825","null","[]","null","null","ncconline.onmicrosoft.com","AzureADMyOrg","[]","null","null","null","[]","[]","[]","null","null","null","null","null","[]","Allow","[""https://nccexttest.b2clogin.com/nccexttest.onmicrosoft.com/oauth2/authresp""]","null","null","false","false"
"""NccDevelopment-Cmn-Integration-97b66c9a-8b56-481c-a17e-a9939feb864d""","a34967f1-b0b5-4e85-9538-cd3a4cccdf09","2019-02-28T10:03:39Z","[]","[{""customKeyIdentifier"":null,""displayName"":null,""endDateTime"":""2021-02-28T10:48:52.6677489Z"",""hint"":null,""keyId"":""5f305ba6-3012-434a-8bdb-f7e8f1181cab"",""startDateTime"":""2019-02-28T10:48:52.6677489Z"",""secretText"":null}]","00368a00-b294-478f-996c-1460092d60d2","null","[""https://VisualStudio/SPN4de95941-ebff-4c65-931f-950c3d3b3429""]","null","null","ncconline.onmicrosoft.com","AzureADMyOrg","[]","null","null","null","[]","[]","[]","null","null","null","null","null","[]","Allow","[""https://VisualStudio/SPN""]","https://VisualStudio/SPN","null","true","false"
"""ar-dev-cmn-ramp-cds""","67d1dcd5-1051-4b9c-934a-0ce7dc61514d","2023-11-06T14:14:33Z","[]","[{""customKeyIdentifier"":null,""displayName"":""EventToCorpAPI-ClientSecret"",""endDateTime"":""2025-11-22T07:49:17.944Z"",""hint"":""Jpd"",""keyId"":""cbae4e96-1aa7-4fec-9b7b-fccb86aa508c"",""startDateTime"":""2023-11-23T07:49:17.944Z"",""secretText"":null},{""customKeyIdentifier"":null,""displayName"":""ServiceBus-ClientSecret"",""endDateTime"":""2025-11-22T07:48:05.392Z"",""hint"":""mDA"",""keyId"":""882cb38c-d9a8-482f-8234-d45274d441c0"",""startDateTime"":""2023-11-23T07:48:05.392Z"",""secretText"":null},{""customKeyIdentifier"":null,""displayName"":""GlobalIdService-ClientSecret"",""endDateTime"":""2025-11-22T07:46:12.57Z"",""hint"":""Uqm"",""keyId"":""8a7b8075-67ef-4897-b490-345176fa5a4d"",""startDateTime"":""2023-11-23T07:46:12.57Z"",""secretText"":null}]","0071b4f2-06c1-47f1-9e9e-ffcdf5bfc0a7","null","[]","null","null","ncconline.onmicrosoft.com","AzureADMyOrg","[]","null","null","null","[]","[]","[]","null","null","null","null","null","[]","Allow","[]","null","null","false","false"
"""D365 Sales Agent - Email Validation (Microsoft Copilot Studio)""","d829a4f5-eb5b-43e1-9334-8c2fbdf5d09a","2025-05-20T01:20:42Z","[]","[]","007634fe-70dd-43ae-919e-67a80f7283fc","null","[]","null","null","ncconline.onmicrosoft.com","AzureADMyOrg","[""AIAgentBuilder"",""AgentCreatedBy:CopilotStudio"",""AgenticApp"",""power-virtual-agents-4acd47e5-36b3-bfdf-95a6-83b5086797e8""]","null","null","null","[]","[]","[]","null","null","null","null","null","[]","Allow","[]","null","null","false","false"
"""Microsoft CRM Portals""","f8d8a9c6-7c82-40ec-850e-aa50137d4000","2021-11-30T08:50:06Z","[{""customKeyIdentifier"":""aN2oebHtAFq+RqR/ig=="",""displayName"":""CN=a644d3ce-0a58-4f47-b523-d6505162d441"",""endDateTime"":""2023-11-29T19:00:22Z"",""keyId"":""663b9c5c-32ec-4763-9126-a24c2a64973c"",""startDateTime"":""2021-11-30T08:50:06.2276039Z"",""type"":""AsymmetricX509Cert"",""usage"":""Verify"",""key"":null}]","[]","00779b03-c9a1-494c-a4aa-d5fb0e71201a","null","[""api://d04499d5-2857-4e28-9177-6e949859db83/a644d3ce-0a58-4f47-b523-d6505162d441""]","null","null","ncconline.onmicrosoft.com","AzureADMyOrg","[]","null","null","null","[]","[]","[]","null","null","null","null","null","[]","Allow","[""https://HHa-Training-Portal.powerappsportals.com""]","null","null","true","false"
"""Agent (Microsoft Copilot Studio)""","34afc78a-4c74-4e4e-9e04-05d7328ecf08","2025-03-26T14:52:21Z","[]","[]","007b9344-ad8c-4462-9112-d88e1ac147da","null","[]","null","null","ncconline.onmicrosoft.com","AzureADMyOrg","[""AIAgentBuilder"",""AgentCreatedBy:CopilotStudio"",""AgenticApp"",""power-virtual-agents-706ae394-7ed4-6050-8841-61e201eca47b""]","null","null","null","[]","[]","[]","null","null","null","null","null","[]","Allow","[]","null","null","false","false"
"""Quality Evaluation Agent (Microsoft Copilot Studio)""","0afa3883-eb95-48fc-8a61-65b173c5ee94","2025-11-09T12:52:13Z","[]","[]","008cb643-f8cb-474d-a6ab-e2ef95258ca7","null","[]","null","null","ncconline.onmicrosoft.com","AzureADMyOrg","[""AIAgentBuilder"",""AgentCreatedBy:CopilotStudio"",""AgenticApp"",""power-virtual-agents-bc7ff35e-7415-319a-e0c5-dcda4cf164c9""]","null","null","null","[]","[]","[]","null","null","null","null","null","[]","Allow","[]","null","null","false","false"
"""Agent 1 (Microsoft Copilot Studio)""","253873b9-997c-4bbf-873f-525bb5cb814f","2026-01-20T09:40:57Z","[]","[]","00d1e2f6-9841-451e-bd50-aeff28466229","null","[]","null","null","ncconline.onmicrosoft.com","AzureADMyOrg","[""AIAgentBuilder"",""AgentCreatedBy:CopilotStudio"",""AgenticApp"",""power-virtual-agents-1b8583a7-d1e2-37e3-57a9-f97a7e967eae""]","null","null","null","[]","[]","[]","null","null","null","null","null","[]","Allow","[]","null","null","false","false"
"""CS Case Followup and Closure (Microsoft Copilot Studio)""","c84315e6-2982-4ee7-802d-047229e500bb","2025-02-16T23:12:14Z","[]","[]","00e7d0e7-157a-4192-8a55-ee922ae9831f","null","[]","null","null","ncconline.onmicrosoft.com","AzureADMyOrg","[""AIAgentBuilder"",""AgentCreatedBy:CopilotStudio"",""AgenticApp"",""power-virtual-agents-3d79fd31-19ec-0198-1832-c82778d9c3f9""]","null","null","null","[]","[]","[]","null","null","null","null","null","[]","Allow","[]","null","null","false","false"
"""ServiceDesk Plus (SAML SSO)""","f4aed5af-b5b2-4394-bf8e-1c92f224b558","2023-09-20T11:42:14Z","[]","[]","00eb8578-548f-4da6-b5da-811f70358fba","false","[""ME_a9a4e37d-dbc2-4514-a8c4-0e282e0594ba""]","null","null","ncconline.onmicrosoft.com","AzureADMyOrg","[]","null","null","null","[]","[]","[]","null","null","null","null","null","[]","Allow","[""https://cmnap121.adroot.net/SamlResponseServlet""]","https://account.activedirectory.windowsazure.com:444/applications/default.aspx?metadata=customappsso|ISV9.1|primary|z","https://cmnap121.adroot.net/SamlLogoutResponseServlet","true","false"
"""ar-dev-ind-nhip-apimanagement""","60f09775-4bce-4764-b8f2-a61b03fbf697","2019-10-08T13:50:52Z","[]","[{""customKeyIdentifier"":null,""displayName"":""DynamicsDCODev"",""endDateTime"":""2299-12-30T23:00:00Z"",""hint"":""f/O"",""keyId"":""98ae3d1f-2d30-4954-bad8-f423f37cc965"",""startDateTime"":""2019-11-22T12:34:15.432Z"",""secretText"":null},{""customKeyIdentifier"":null,""displayName"":""SecretForSAPIM"",""endDateTime"":""2299-12-30T23:00:00Z"",""hint"":""4dZ"",""keyId"":""1e872958-e655-4117-9724-ef7cb166a563"",""startDateTime"":""2019-11-01T13:37:28.448Z"",""secretText"":null},{""customKeyIdentifier"":null,""displayName"":""SecretForAPIDevIdentities "",""endDateTime"":""2299-12-30T23:00:00Z"",""hint"":""4/X"",""keyId"":""4f4d13d3-0d19-41f1-950c-6683f264e900"",""startDateTime"":""2019-10-09T05:58:46.209Z"",""secretText"":null}]","01081a7c-ba4c-4504-83cb-37af5d9e747f","null","[]","null","null","ncc.info","AzureADMyOrg","[]","null","null","null","[]","[]","[]","null","null","null","null","null","[]","Allow","[""https://apidevportaldev.ncc.info/signin"",""https://apigatewaydev.ncc.info/signin-aad"",""https://apidevportaldev.ncc.info/signin-aad""]","null","null","true","false"
"""CSKnowledgeHarvestV2 (Microsoft Copilot Studio)""","f4e5be2a-fc31-40b5-a7b5-fc349b098407","2024-11-18T00:37:31Z","[]","[]","01138d3a-600b-4966-9afe-556129972097","null","[]","null","null","ncconline.onmicrosoft.com","AzureADMultipleOrgs","[""AIAgentBuilder"",""AgentCreatedBy:CopilotStudio"",""AgenticApp"",""power-virtual-agents-290d1808-3b39-ad31-8367-459f812c59fe""]","null","null","null","[]","[]","[]","null","null","null","null","null","[]","Allow","[]","null","null","false","false"
"""ar-prod-ind-gulamaskiner""","171d5dc3-8e4a-410f-bd98-c43d263bd135","2023-01-16T13:17:34Z","[]","[{""customKeyIdentifier"":null,""displayName"":""DevOpsPipeline2025"",""endDateTime"":""2027-01-07T11:24:36.686Z"",""hint"":""tLZ"",""keyId"":""2359f670-b34f-4bdd-a097-5b8acc8e717c"",""startDateTime"":""2025-01-07T11:24:36.686Z"",""secretText"":null}]","0118f80a-5740-4edf-9f6f-b191e2241ec4","null","[]","null","null","ncconline.onmicrosoft.com","AzureADMyOrg","[]","null","null","null","[]","[]","[]","null","null","null","null","null","[]","Allow","[]","null","null","false","false"
"""D365 Sales Agent - Readiness (Microsoft Copilot Studio)""","6d7c57bb-e2b1-406c-9187-1229795e2ebb","2025-05-17T19:07:40Z","[]","[]","011f5846-cf83-45f6-9ebb-66e0f023f450","null","[]","null","null","ncconline.onmicrosoft.com","AzureADMyOrg","[""AIAgentBuilder"",""AgentCreatedBy:CopilotStudio"",""AgenticApp"",""power-virtual-agents-4edfae48-e5d5-9838-e261-66d8099091c2""]","null","null","null","[]","[]","[]","null","null","null","null","null","[]","Allow","[]","null","null","false","false"
"""NCC PDS""","7612672d-a283-4a3e-b3bc-6388498a8eab","2020-02-27T07:27:36Z","[]","[{""customKeyIdentifier"":null,""displayName"":""CWAP_AuthSecret"",""endDateTime"":""2026-02-24T04:07:45.6437898Z"",""hint"":""Uwe"",""keyId"":""3241e907-28d5-464f-a707-b92bae0116d3"",""startDateTime"":""2025-02-24T04:03:45.6437898Z"",""secretText"":null},{""customKeyIdentifier"":""Q1dBUF9BdXRoU2VjcmV0"",""displayName"":null,""endDateTime"":""2025-05-22T22:48:53.3822969Z"",""hint"":""Tr9"",""keyId"":""e0a312f7-404e-47df-9cc5-2b83648124e3"",""startDateTime"":""2024-05-22T22:44:53.3822969Z"",""secretText"":null},{""customKeyIdentifier"":""Q1dBUF9BdXRoU2VjcmV0"",""displayName"":null,""endDateTime"":""2024-08-20T09:43:57.6835164Z"",""hint"":""Mo2"",""keyId"":""25711e23-350b-4031-a317-97419d554ca1"",""startDateTime"":""2023-08-21T09:39:57.6835164Z"",""secretText"":null}]","01356d5a-12e0-49d6-b2c6-7d511888b988","false","[""https://pds.ncc.com/"",""http://customappsso/611fee2e-5115-46df-8629-228675c5deda""]","null","null","ncconline.onmicrosoft.com","AzureADMyOrg","[]","null","null","null","[]","[]","[]","null","null","null","null","null","[]","Allow","[""https://pds.ncc.com/""]","https://pds.ncc.com/","https://pds.ncc.com/?appproxy=logout","true","false"
"""D365 Sales Agent - Competitor (Microsoft Copilot Studio)""","600e5137-84cc-4f09-a41b-fd88fd15d6b5","2025-07-26T20:51:06Z","[]","[]","0183a8bd-413e-424d-92fd-907f74604a00","null","[]","null","null","ncconline.onmicrosoft.com","AzureADMyOrg","[""AIAgentBuilder"",""AgentCreatedBy:CopilotStudio"",""AgenticApp"",""power-virtual-agents-24e78095-2ea5-3eff-2cf7-7a0c78c85876""]","null","null","null","[]","[]","[]","null","null","null","null","null","[]","Allow","[]","null","null","false","false"
"""ar-mig-cmn-foresee""","fbb24c07-1568-41fc-b789-3ea21b021d13","2021-12-15T11:54:54Z","[]","[{""customKeyIdentifier"":null,""displayName"":""Used for the migration test ForeSee environment"",""endDateTime"":""2022-12-21T13:53:52.181Z"",""hint"":""Sn7"",""keyId"":""bcab8c9f-3b88-444c-8ba8-69e363b2f91c"",""startDateTime"":""2021-12-21T13:53:52.181Z"",""secretText"":null}]","01a4917c-0793-477e-9fb6-3682722d96ef","null","[]","null","null","ncconline.onmicrosoft.com","AzureADMyOrg","[]","null","null","null","[]","[]","[]","null","null","null","null","null","[]","Allow","[]","null","null","false","false"
"""sc-prod-uam-connector-wif-CICDPipelines""","1a476988-7f03-4000-ade7-852e3bccfa73","2025-02-28T15:08:30Z","[]","[]","01d06b88-1be5-49fa-84b2-0338fb57ab4b","null","[]","null","null","ncconline.onmicrosoft.com","AzureADMyOrg","[]","null","null","null","[]","[]","[]","null","null","null","null","null","[]","Allow","[]","null","null","false","false"
"""ncc-tfs-NCC-prod-cmn-appiot-536512e6-44e5-4e9a-849a-33131501e63f""","3a37d578-882d-46f8-9c0c-5cfd975eba48","2017-10-16T11:21:04Z","[]","[{""customKeyIdentifier"":null,""displayName"":null,""endDateTime"":""2019-10-16T11:21:04.0982051Z"",""hint"":null,""keyId"":""de79cd8f-9c7a-4615-a30f-9f6314ebf700"",""startDateTime"":""2017-10-16T11:21:04.0982051Z"",""secretText"":null}]","01f62b41-5058-4177-ba08-6fbb2fb0628c","null","[""https://VisualStudio/SPNa573d548-b4f8-408b-9ce7-c19a0d72b445""]","null","null","null","AzureADMyOrg","[]","null","null","null","[]","[]","[]","null","null","null","null","null","[]","Allow","[""https://VisualStudio/SPN""]","https://VisualStudio/SPN","null","true","false"
"""Quality Evaluation Agent (Microsoft Copilot Studio)""","174aefd9-d098-4b53-a997-b6b8a1326e04","2025-11-24T00:21:50Z","[]","[]","020de3a6-512b-45c8-accb-43e499a401b5","null","[]","null","null","ncconline.onmicrosoft.com","AzureADMyOrg","[""AIAgentBuilder"",""AgentCreatedBy:CopilotStudio"",""AgenticApp"",""power-virtual-agents-8e504878-88f0-b175-8f0a-dacb3fa6968c""]","null","null","null","[]","[]","[]","null","null","null","null","null","[]","Allow","[]","null","null","false","false"
"""D365 Sales - Sales Close Agent - Engage (Microsoft Copilot Studio)""","cdd7b445-e953-4aa5-b656-1f08fbf20df5","2025-11-24T18:45:37Z","[]","[]","020f7d1f-c98f-4a2a-8297-5cb902a7845f","null","[]","null","null","ncconline.onmicrosoft.com","AzureADMyOrg","[""AIAgentBuilder"",""AgentCreatedBy:CopilotStudio"",""AgenticApp"",""power-virtual-agents-c21080ee-195f-10b9-111b-02862ce65512""]","null","null","null","[]","[]","[]","null","null","null","null","null","[]","Allow","[]","null","null","false","false"
"""AzureDevOps_cmn_integration_prod""","4682673c-eb68-4fbd-9c91-e185ba2fbf21","2019-05-13T09:44:16Z","[]","[{""customKeyIdentifier"":null,""displayName"":""devops_SU057_key_2025"",""endDateTime"":""2027-04-23T11:50:24.967Z"",""hint"":""SoM"",""keyId"":""cf347624-418f-4f18-9f85-2ec9d644c0a8"",""startDateTime"":""2025-04-23T11:50:24.967Z"",""secretText"":null},{""customKeyIdentifier"":null,""displayName"":""devops_prod_key_2023"",""endDateTime"":""2026-04-03T09:38:03.992Z"",""hint"":""tiE"",""keyId"":""51db96e5-b448-44cc-952e-0628f826b1e1"",""startDateTime"":""2024-04-03T09:38:03.992Z"",""secretText"":null},{""customKeyIdentifier"":""ZABlAHYAbwBwAHMAXwBwAHIAbwBkAF8AawBlAHkA"",""displayName"":null,""endDateTime"":""2299-12-30T22:00:00Z"",""hint"":null,""keyId"":""a9e39a17-edd0-45c0-8744-8bedee812304"",""startDateTime"":""2019-05-13T09:45:00.1686086Z"",""secretText"":null}]","0227f991-7b08-40f3-b829-1ce3f2080b93","false","[""https://ncconline.onmicrosoft.com/59f70fcd-caba-4dfd-bd66-088bea02448a""]","null","null","ncconline.onmicrosoft.com","AzureADMyOrg","[]","null","null","null","[]","[]","[]","null","null","null","null","null","[]","Allow","[""https://VisualStudio/SPN""]","https://VisualStudio/SPN","null","true","false"
"""ar-test-ind-capcargo-gpb-test""","b731bfc4-b631-4e8f-80ab-cb2415fa0f00","2019-10-24T12:30:23Z","[]","[{""customKeyIdentifier"":null,""displayName"":""capcargo-gpb-key"",""endDateTime"":""2021-10-24T12:40:57.256Z"",""hint"":""W=g"",""keyId"":""081a5b1a-c7c4-43cb-b677-ced68d28f7df"",""startDateTime"":""2019-10-24T12:41:23.788Z"",""secretText"":null}]","0235b245-c64b-44c3-8cdf-e4512155eceb","null","[]","null","null","ncconline.onmicrosoft.com","AzureADMyOrg","[]","null","null","null","[]","[]","[]","null","null","null","null","null","[]","Allow","[""https://ncc-industry-test.sandbox.operations.dynamics.com/""]","null","null","false","false"
"""Dynamics365CE-SIT""","27c24cea-6056-4a48-97ef-efd6afb2c36b","2019-02-05T09:14:54Z","[]","[{""customKeyIdentifier"":""awBlAHkAMgAwADEAOQA="",""displayName"":null,""endDateTime"":""2020-02-06T13:25:09.474Z"",""hint"":null,""keyId"":""62c877ac-b275-4fbd-86f3-a7dfe58e5ceb"",""startDateTime"":""2019-02-06T13:27:30.1006372Z"",""secretText"":null}]","0268da2d-7dc4-4639-9eae-9b5dd07caefe","false","[""https://ncconline.onmicrosoft.com/8ef008f6-89d0-4fc1-a52e-616024226fd2""]","null","null","ncconline.onmicrosoft.com","AzureADMyOrg","[]","null","null","null","[]","[]","[]","null","null","null","null","null","[]","Allow","[""https://localhost"",""https://www.getpostman.com/oauth2/callback"",""https://nccsit.crm4.dynamics.com""]","https://nccsit.crm4.dynamics.com","null","true","true"
"""Supplier Communications Agent - inbound (Microsoft Copilot Studio)""","8483f34e-cdc7-48ad-9da3-be7f7caf6e01","2025-06-10T11:36:12Z","[]","[]","0277bf59-b51a-4177-bdce-a0cbf797a1e6","null","[]","null","null","ncconline.onmicrosoft.com","AzureADMyOrg","[""AIAgentBuilder"",""AgentCreatedBy:CopilotStudio"",""AgenticApp"",""power-virtual-agents-56b98026-0622-42b4-8152-2ed911eb3601""]","null","null","null","[]","[]","[]","null","null","null","null","null","[]","Allow","[]","null","null","false","false"
"""sc-prod-cmn-corepurchasing-ase""","8b538c75-fe91-4643-bc26-640af5fd7efd","2019-05-06T13:44:49Z","[]","[{""customKeyIdentifier"":null,""displayName"":""Password uploaded on Wed Sep 04 2024"",""endDateTime"":""2026-09-04T06:57:37.535Z"",""hint"":""D3b"",""keyId"":""7392c74e-b809-4360-9962-5361d1253d3b"",""startDateTime"":""2024-09-04T06:57:37.535Z"",""secretText"":null},{""customKeyIdentifier"":null,""displayName"":""Password uploaded on Mon Oct 10 2022"",""endDateTime"":""2024-10-10T05:38:28.925Z"",""hint"":""Bf8"",""keyId"":""cd3c19b6-16c6-4757-a6d0-372d256bd08d"",""startDateTime"":""2022-10-10T05:38:28.925Z"",""secretText"":null}]","0285240d-11f1-4fd8-a97d-fb719469cc67","null","[""https://VisualStudio/SPNf1ece76e-2594-4752-85eb-25e8de6a09a1""]","null","null","ncconline.onmicrosoft.com","AzureADMyOrg","[]","null","null","null","[]","[]","[]","null","null","null","null","null","[]","Allow","[""https://VisualStudio/SPN""]","https://VisualStudio/SPN","null","true","false"
"""Sales Close Agent - Compete Research (Microsoft Copilot Studio)""","4fa64ca6-bbe8-436a-8422-236c99bb1f56","2026-02-01T01:03:05Z","[]","[]","028765be-4cbb-4422-ac8e-c5454c98ec4a","null","[]","null","null","ncconline.onmicrosoft.com","AzureADMyOrg","[""AIAgentBuilder"",""AgentCreatedBy:CopilotStudio"",""AgenticApp"",""power-virtual-agents-b99d3d3e-2e83-702a-4075-39c47ef9b545""]","null","null","null","[]","[]","[]","null","null","null","null","null","[]","Allow","[]","null","null","false","false"
"""ncc-tfs-NCC-prod-cmn-appiot-536512e6-44e5-4e9a-849a-33131501e63f""","7e272fa6-a643-45dd-b233-5b05f3fc689c","2018-02-12T09:37:12Z","[]","[{""customKeyIdentifier"":null,""displayName"":null,""endDateTime"":""2020-02-12T09:37:12.5481259Z"",""hint"":null,""keyId"":""86ba2bca-383e-4128-b0f7-8e05d585ffc8"",""startDateTime"":""2018-02-12T09:37:12.5481259Z"",""secretText"":null}]","0296d4aa-8bc4-449c-bf8c-9afc988a1ed0","null","[""https://VisualStudio/SPNe8df62d8-59ed-4e02-97b0-47f27e0df01a""]","null","null","null","AzureADMyOrg","[]","null","null","null","[]","[]","[]","null","null","null","null","null","[]","Allow","[""https://VisualStudio/SPN""]","https://VisualStudio/SPN","null","true","false"
"""D365 Sales Agent - Summary Synthesizer (Microsoft Copilot Studio)""","cfb98be0-5c3b-4509-970e-1b38cc5a5f9c","2025-07-25T18:17:38Z","[]","[]","02bacb4f-cc29-498b-8c56-1313d4e0d597","null","[]","null","null","ncconline.onmicrosoft.com","AzureADMyOrg","[""AIAgentBuilder"",""AgentCreatedBy:CopilotStudio"",""AgenticApp"",""power-virtual-agents-be093bbd-695b-bc85-e36d-d77a0dc5dc27""]","null","null","null","[]","[]","[]","null","null","null","null","null","[]","Allow","[]","null","null","false","false"
"""ar-test-cmn-b2c-idp""","d49a6645-d631-4486-85db-e6a81fe30a64","2024-04-03T11:22:36Z","[]","[{""customKeyIdentifier"":null,""displayName"":""B2C Test IdP"",""endDateTime"":""2025-04-03T11:23:33.48Z"",""hint"":""zco"",""keyId"":""961db242-1451-4d64-83c8-c21acdd7cc83"",""startDateTime"":""2024-04-03T11:23:33.48Z"",""secretText"":null}]","02d56588-e3b4-4f92-bd27-d28d9da5bbc0","null","[]","null","null","ncconline.onmicrosoft.com","AzureADMyOrg","[]","null","null","null","[]","[]","[]","null","null","null","null","null","[]","Allow","[""https://nccaadb2ctest.b2clogin.com/nccaadb2ctest.onmicrosoft.com/oauth2/authresp""]","null","null","false","false"
"""ar-prod-cmn-contract-management-contract-updated""","3474d609-1072-4fe2-8616-cfbf7edcb45f","2024-08-27T15:28:11Z","[]","[]","02dd558a-7f26-41c3-9ef5-6e5be0e65fd6","null","[""api://prod.cm.contract.updated.ncc.se""]","null","null","ncconline.onmicrosoft.com","AzureADMyOrg","[]","null","null","null","[]","[]","[]","null","null","null","null","null","[]","Allow","[]","null","null","false","false"
"""ar-uat-cmn-unit4""","2a029e6f-d04b-42f7-adfb-208744f8590f","2024-11-11T13:50:22Z","[]","[{""customKeyIdentifier"":null,""displayName"":""acp1 env"",""endDateTime"":""2027-11-12T12:31:23.433Z"",""hint"":""NtI"",""keyId"":""50eea694-4715-4706-87da-4f4ccf2d4ede"",""startDateTime"":""2025-11-12T12:31:23.433Z"",""secretText"":null},{""customKeyIdentifier"":null,""displayName"":""acp1"",""endDateTime"":""2026-05-18T19:56:52.956Z"",""hint"":""pLc"",""keyId"":""ed3b7799-58ed-4f6f-a9fc-726587081c9e"",""startDateTime"":""2024-11-19T20:56:52.956Z"",""secretText"":null},{""customKeyIdentifier"":null,""displayName"":""acp1 environment"",""endDateTime"":""2025-11-13T14:28:03.906Z"",""hint"":""Hzp"",""keyId"":""152fb93c-a7f5-42c3-a072-ee0951cffaf7"",""startDateTime"":""2024-11-13T14:28:03.906Z"",""secretText"":null}]","031eb056-caed-48ff-bbef-d1ec0564f6f7","null","[]","null","None","ncconline.onmicrosoft.com","AzureADMyOrg","[]","null","null","null","[]","[]","[]","null","null","null","null","null","[]","Allow","[""https://s-no-ids1-preview.unit4cloud.com/identity"",""https://s-no-ids1-preview.unit4cloud.com/identity/callback""]","null","https://s-no-ids1-preview.unit4cloud.com/identity/postlogoutcallback","true","false"
"""Truesec VDS Integrations""","185e44bb-6ce8-45fc-97ae-fa2989832728","2023-06-27T15:14:07Z","[]","[{""customKeyIdentifier"":null,""displayName"":""Truesec MDE TVM API access"",""endDateTime"":""2024-06-26T15:15:51.426Z"",""hint"":""eus"",""keyId"":""38539fed-ec0b-49e4-805e-c98e24175fc7"",""startDateTime"":""2023-06-27T15:15:51.426Z"",""secretText"":null}]","03311f46-3d71-46f3-bb43-263612270e5b","false","[]","null","null","ncconline.onmicrosoft.com","AzureADMyOrg","[]","null","null","null","[]","[]","[]","null","null","null","null","null","[]","Allow","[]","https://account.activedirectory.windowsazure.com:444/applications/default.aspx?metadata=customappsso|ISV9.1|primary|z","null","true","false"
"""WVDPOCDiagApp""","5e11fccf-24a8-4f99-87a0-9475155b3a62","2020-01-14T10:58:23Z","[]","[{""customKeyIdentifier"":null,""displayName"":""WVDPOC01_ClientSecret"",""endDateTime"":""2022-01-20T12:28:16.731Z"",""hint"":""6qJ"",""keyId"":""540503fe-f731-4c72-903f-d6ad209fe917"",""startDateTime"":""2020-01-20T12:28:36.471Z"",""secretText"":null}]","03a60ce7-871f-42a4-8525-b26298d28d1a","false","[]","null","null","ncconline.onmicrosoft.com","AzureADMyOrg","[]","null","null","null","[]","[]","[]","null","null","null","null","null","[]","Allow","[""https://wvdpocdiag01.azurewebsites.net/security/signin-callback""]","null","null","true","false"
"""Agent 1 (Microsoft Copilot Studio)""","0f4b26ad-1176-479b-9850-3427caf96a31","2025-12-22T10:37:42Z","[]","[]","03de9f70-7ed4-4e3a-a7ab-f1461bb4b3cc","null","[]","null","null","ncconline.onmicrosoft.com","AzureADMyOrg","[""AIAgentBuilder"",""AgentCreatedBy:CopilotStudio"",""AgenticApp"",""power-virtual-agents-1e7cf701-d718-073b-f3bb-52d240557964""]","null","null","null","[]","[]","[]","null","null","null","null","null","[]","Allow","[]","null","null","false","false"
"""sc-prod-ind-delivery-note-insight""","990299e0-a476-4efc-8174-f2e68be0944a","2025-10-10T12:47:38Z","[]","[{""customKeyIdentifier"":null,""displayName"":""DevOps2025"",""endDateTime"":""2027-10-14T07:45:07.425Z"",""hint"":"".64"",""keyId"":""30e1413e-a62b-4c7d-9ffc-87e77aed3041"",""startDateTime"":""2025-10-14T07:45:07.425Z"",""secretText"":null}]","03eaba57-e6eb-45af-a42f-ac4431c640ee","null","[]","null","null","ncconline.onmicrosoft.com","AzureADMyOrg","[]","null","null","null","[]","[]","[]","null","null","null","null","null","[]","Allow","[]","null","null","false","false"
"""ar-prod-cmn-coe-starterkit""","3cc77f00-4252-4cdb-a4cf-4b74469be513","2022-02-16T10:03:01Z","[]","[{""customKeyIdentifier"":null,""displayName"":""coe starterkit 2"",""endDateTime"":""2027-03-11T14:07:28.813Z"",""hint"":""UyF"",""keyId"":""fec1f532-67e5-47df-9a72-7af2f376fc69"",""startDateTime"":""2025-03-11T14:07:28.813Z"",""secretText"":null},{""customKeyIdentifier"":null,""displayName"":""coe starterkit"",""endDateTime"":""2024-02-16T10:04:31.671Z"",""hint"":""nYl"",""keyId"":""15f8b4c1-0ae9-4274-8521-2c6f598783ea"",""startDateTime"":""2022-02-16T10:04:31.671Z"",""secretText"":null}]","03eaf4b1-76c3-4b56-9c2b-09b3d1897778","null","[]","null","null","ncconline.onmicrosoft.com","AzureADMyOrg","[]","null","null","null","[]","[]","[]","null","null","null","null","null","[]","Allow","[]","null","null","false","false"
"""ar-prod-cmn-constructionconnector-bi-api""","89909fe8-6837-4b8e-86c5-c1998e88c5c3","2025-01-30T09:17:32Z","[]","[{""customKeyIdentifier"":null,""displayName"":""ClientSecret"",""endDateTime"":""2027-01-30T09:18:04.361Z"",""hint"":""xYG"",""keyId"":""8c701768-6122-4e34-8a36-53ef4ab4eb47"",""startDateTime"":""2025-01-30T09:18:04.361Z"",""secretText"":null}]","040680e8-6b55-414d-83b1-f7a5429d8c5a","null","[""api://89909fe8-6837-4b8e-86c5-c1998e88c5c3""]","null","null","ncconline.onmicrosoft.com","AzureADMyOrg","[]","null","null","null","[]","[]","[]","null","null","null","null","null","[]","Allow","[]","null","null","false","false"
"""ar-test-cmn-ramp-streambim""","fc635442-d46e-4090-bb92-6dbcdc8af108","2023-10-16T13:13:47Z","[]","[{""customKeyIdentifier"":null,""displayName"":""streambimsecret"",""endDateTime"":""2027-05-22T12:10:44.048Z"",""hint"":""w2Z"",""keyId"":""4350fb96-d64e-47ea-9534-283f161e9191"",""startDateTime"":""2025-05-22T12:10:44.048Z"",""secretText"":null},{""customKeyIdentifier"":null,""displayName"":""Secret for accessing EventToCorp"",""endDateTime"":""2026-05-03T14:13:47.693Z"",""hint"":""ghJ"",""keyId"":""86b9c9f7-32f3-4f85-bda3-20233ea36a94"",""startDateTime"":""2024-05-03T14:13:47.693Z"",""secretText"":null}]","04087586-7eee-4833-bbdf-46bd1c654497","null","[]","null","null","ncconline.onmicrosoft.com","AzureADMyOrg","[]","null","null","null","[]","[]","[]","null","null","null","null","null","[]","Allow","[]","null","null","false","false"
"""Sales Close Agent - Compete Research (Microsoft Copilot Studio)""","17f57a91-f3ae-4c67-b602-1bd110a0cbfb","2026-01-23T15:33:10Z","[]","[]","0415151a-5c04-4a03-94de-c7bfac24e732","null","[]","null","null","ncconline.onmicrosoft.com","AzureADMyOrg","[""AIAgentBuilder"",""AgentCreatedBy:CopilotStudio"",""AgenticApp"",""power-virtual-agents-33d7b7b8-43a0-29b5-0e4f-728b3bfa7eb3""]","null","null","null","[]","[]","[]","null","null","null","null","null","[]","Allow","[]","null","null","false","false"
"""D365 Sales Agent - Outreach (Microsoft Copilot Studio)""","5ec8ed69-4e9f-49a5-a4ec-7dae8f957cca","2025-05-18T02:14:01Z","[]","[]","0482b4b4-6192-455a-b91c-d2a4333766a4","null","[]","null","null","ncconline.onmicrosoft.com","AzureADMyOrg","[""AIAgentBuilder"",""AgentCreatedBy:CopilotStudio"",""AgenticApp"",""power-virtual-agents-c603b0d9-2577-075c-b98e-161e0c8f0413""]","null","null","null","[]","[]","[]","null","null","null","null","null","[]","Allow","[]","null","null","false","false"
"""ar-prod-ind-IAM""","c422b133-b5b9-4320-b134-4b5a4fbfa90c","2023-03-28T11:01:04Z","[]","[{""customKeyIdentifier"":null,""displayName"":""IFS Cloud SSO"",""endDateTime"":""2026-06-13T06:16:29.698Z"",""hint"":""6Nw"",""keyId"":""479f1e8f-7bd0-4392-81a2-31c211b0020f"",""startDateTime"":""2025-12-15T07:16:29.698Z"",""secretText"":null}]","04873085-e0bf-48d2-8a36-1946f419dc7f","null","[]","null","null","ncconline.onmicrosoft.com","AzureADMyOrg","[]","null","null","null","[]","[]","[]","null","null","null","null","null","[]","Allow","[""https://nccab.ifs.cloud/auth/realms/ncsvprd1/broker/NCCIDPPROD/endpoint""]","null","null","false","false"
"""Hoxhunt""","b0ab963c-379f-4a9f-a31f-88a8169cc012","2022-02-09T09:36:33Z","[]","[]","0497d3e6-d5a3-4433-aa0e-6f4f00463e6d","false","[""https://app.hoxhunt.com/saml/consume/61dfde038e7138001bb58f57""]","null","null","ncconline.onmicrosoft.com","AzureADMyOrg","[]","null","null","null","[]","[]","[]","null","null","null","null","null","[]","Allow","[""https://app.hoxhunt.com/saml/consume/61dfde038e7138001bb58f57""]","https://app.hoxhunt.com/saml/consume/*?metadata=hoxhunt|ISV9.1|primary|z","null","true","false"
"""ar-prod-cmn-wordpress-masthuggskajen""","3ecd122b-eac6-4049-87f7-3bfad8ad5486","2020-02-20T11:56:13Z","[]","[{""customKeyIdentifier"":null,""displayName"":""aad-sso-wp"",""endDateTime"":""2023-06-03T11:13:41.964Z"",""hint"":""9Nf"",""keyId"":""69677105-8d5c-4631-a0c6-3ff4e321acd8"",""startDateTime"":""2022-06-03T11:13:41.964Z"",""secretText"":null}]","04bb45a1-481a-4e3a-b3f5-0d928582f103","null","[]","null","null","ncconline.onmicrosoft.com","AzureADMyOrg","[]","null","null","null","[]","[]","[]","null","null","null","null","null","[]","Allow","[""https://masthuggskajen.ncc.se/wp-login.php""]","null","null","false","false"
"""sc-dev-CoreFinanceAI""","a8e54ea2-19ab-41fd-b041-fc43f8cf7e9f","2025-12-18T10:55:49Z","[]","[]","051c1133-7c93-4624-9ebb-f41f22cd7dc4","null","[]","null","null","ncconline.onmicrosoft.com","AzureADMyOrg","[]","null","null","null","[]","[]","[]","null","null","null","null","null","[]","Allow","[]","null","null","false","false"
"""CapCargoGBP-SUP""","82ab0fca-0335-43f9-9ddc-2eaf21ce78e0","2019-06-25T08:04:52Z","[]","[]","052a129e-2416-4638-b9c8-13852a14edc3","true","[]","null","null","ncconline.onmicrosoft.com","AzureADMultipleOrgs","[]","null","null","null","[]","[]","[""https://ncc-industry-sup.sandbox.operations.dynamics.com""]","null","null","null","null","null","[]","Allow","[]","null","null","true","false"
"""D365 Sales Agent - TCP Prefill Agent (Microsoft Copilot Studio)""","8fb45415-29c3-4ce1-8344-ed8ce912cbf4","2025-08-15T19:55:14Z","[]","[]","054171dd-2dfa-48b7-8d43-814d507a1b52","null","[]","null","null","ncconline.onmicrosoft.com","AzureADMyOrg","[""AIAgentBuilder"",""AgentCreatedBy:CopilotStudio"",""AgenticApp"",""power-virtual-agents-d0aa4987-eb3a-163d-1e24-64b46eda42fc""]","null","null","null","[]","[]","[]","null","null","null","null","null","[]","Allow","[]","null","null","false","false"
"""Vacation Agent (copy) (Microsoft Copilot Studio)""","9e742215-08c1-459e-891f-a069762a0126","2026-01-29T08:31:56Z","[]","[]","05457713-dbcf-4d2c-84d7-152b2fedd81f","null","[]","null","null","ncconline.onmicrosoft.com","AzureADMyOrg","[""AIAgentBuilder"",""AgentCreatedBy:CopilotStudio"",""AgenticApp"",""power-virtual-agents-e8f09fde-ace7-0d2f-25e9-9604da124d15""]","null","null","null","[]","[]","[]","null","null","null","null","null","[]","Allow","[]","null","null","false","false"
"""ar-prod-cmn-integration-TA-corp01""","3e5c0a18-7f71-42eb-94e5-3527bdc7503e","2023-11-21T08:17:39Z","[]","[{""customKeyIdentifier"":null,""displayName"":""Service Connection: SU068-CoreIntegration-Online-Prod-01-Deploy"",""endDateTime"":""2027-10-28T05:19:48.751Z"",""hint"":""2rd"",""keyId"":""54376332-e42e-43d2-8a4a-cce2dac5e716"",""startDateTime"":""2025-10-28T06:19:48.751Z"",""secretText"":null}]","054627c1-7d0f-4648-91fc-7fcb351de50a","null","[]","null","null","ncconline.onmicrosoft.com","AzureADMyOrg","[]","null","null","null","[]","[]","[]","null","null","null","null","null","[]","Allow","[]","null","null","false","false"
"""Product service""","f852b73e-d3f8-4484-8d25-3e848186b693","2019-05-22T11:34:01Z","[]","[{""customKeyIdentifier"":null,""displayName"":""Secret"",""endDateTime"":""2299-12-30T23:00:00Z"",""hint"":""o2-"",""keyId"":""d30ac08b-396f-4790-b7f9-010c51549428"",""startDateTime"":""2019-05-22T11:35:05.738Z"",""secretText"":null}]","054cb650-c82b-4f8c-82f6-b9779e3e82a2","null","[""api://f852b73e-d3f8-4484-8d25-3e848186b693""]","null","None","ncconline.onmicrosoft.com","AzureADMyOrg","[]","null","null","null","[]","[{""appId"":""6e6d78cd-65e0-48d2-92ab-8ae9ada27daa"",""delegatedPermissionIds"":[""06df939b-adf4-4b3e-a734-be1a6ae9b2ea""]}]","[]","null","null","null","null","null","[]","Allow","[""https://localhost:44349/signin-oidc""]","null","null","false","false"
"""ar-test-cmn-ramp-coolpro""","844eb8f6-b2eb-4055-b186-a42004afce09","2025-10-22T10:33:22Z","[]","[{""customKeyIdentifier"":null,""displayName"":""Ramp-AppReg-ClientSecret"",""endDateTime"":""2027-10-24T10:24:25.129Z"",""hint"":""cKy"",""keyId"":""74d2e4e0-48f6-450f-8c59-f329bd5ce1eb"",""startDateTime"":""2025-10-24T10:24:25.129Z"",""secretText"":null}]","056e0799-f56b-4ead-8759-8367228456bd","null","[]","null","null","ncconline.onmicrosoft.com","AzureADMyOrg","[]","null","null","null","[]","[]","[]","null","null","null","null","null","[]","Allow","[]","null","null","false","false"
"""wa-dev-ind-costallocation""","f0cdacf3-e37b-470b-888f-ec8aacdbe2bf","2022-08-18T07:19:03Z","[]","[{""customKeyIdentifier"":null,""displayName"":""Generated by App Service"",""endDateTime"":""2032-09-23T14:45:35.334Z"",""hint"":""-MT"",""keyId"":""b8b26a0a-3733-4d25-92b2-d1cb3a1b3e3c"",""startDateTime"":""2022-09-23T14:45:35.334Z"",""secretText"":null}]","05755f99-2aa6-4325-a177-912eced08a17","null","[""api://f0cdacf3-e37b-470b-888f-ec8aacdbe2bf""]","null","None","ncconline.onmicrosoft.com","AzureADMyOrg","[]","null","2","null","[]","[{""appId"":""334b1c20-ad01-42df-a555-2d225d8398ab"",""delegatedPermissionIds"":[""2395dc08-8c44-4ef8-aa90-19e0b409b411""]},{""appId"":""f0cdacf3-e37b-470b-888f-ec8aacdbe2bf"",""delegatedPermissionIds"":[""2395dc08-8c44-4ef8-aa90-19e0b409b411""]}]","[]","null","null","null","null","null","[]","Allow","[]","https://wa-dev-ind-costallocation.azurewebsites.net","null","true","true"
"""Refapp""","4ccd4be0-554d-4bac-81d2-a2e7d7020bb7","2023-02-23T20:49:50Z","[]","[]","057d0647-da33-4af5-8324-2023b8edeff3","false","[""Refapp""]","null","null","ncconline.onmicrosoft.com","AzureADMyOrg","[]","null","null","null","[]","[]","[]","null","null","null","null","null","[]","Allow","[""https://test.refapp.se/sso/saml"",""https://app.refapp.com/sso/saml"",""https://app.refapp.se/sso/saml""]","https://account.activedirectory.windowsazure.com:444/applications/default.aspx?metadata=customappsso|ISV9.1|primary|z","https://test.refapp.se/logout?sso=","true","false"
"""ar-prod-ind-FO-PAC-CLI""","c08b140d-9105-4317-ba7a-051a8b039bef","2024-05-20T12:24:07Z","[]","[]","05c482d9-5435-499d-b86a-afe4ff8e6cb7","null","[]","null","null","ncconline.onmicrosoft.com","AzureADMyOrg","[]","null","null","null","[]","[]","[]","null","null","null","null","null","[]","Allow","[]","null","null","false","false"
"""Poc-APIM-Client""","e924112d-dc3b-4409-be10-71b4830cd8b9","2016-06-22T15:11:44Z","[]","[]","05e4c8d0-88dc-4b3a-b534-cad17b32a9fb","true","[]","null","null","null","AzureADMultipleOrgs","[]","null","null","null","[]","[]","[""http://poc-APIM-Client""]","null","null","null","null","null","[]","Allow","[]","null","null","true","false"
"""sc-ind-c7-sora-prod""","2b84a6be-7969-4662-9d2a-b29f1f579c93","2021-10-18T11:32:37Z","[]","[{""customKeyIdentifier"":null,""displayName"":""DevOps (All Pipelines)"",""endDateTime"":""2026-12-05T10:45:14.268Z"",""hint"":""Lbt"",""keyId"":""438d3f0c-ef7f-4ddf-bcdf-5953d503337a"",""startDateTime"":""2024-12-05T10:45:14.268Z"",""secretText"":null}]","061a5475-b170-4d46-bfc3-6727334b365a","null","[]","null","null","ncconline.onmicrosoft.com","AzureADMyOrg","[]","null","null","null","[]","[]","[]","null","null","null","null","null","[]","Allow","[]","null","null","false","false"
"""Kalkit""","0a3f0f61-d622-4c38-8f0d-915501c2d300","2025-03-07T08:24:21Z","[]","[]","0622fc04-0348-4c99-b0fd-a537d1fccb0f","false","[""https://aa-prod-cmn-blika.azurewebsites.net/saml2""]","null","null","ncconline.onmicrosoft.com","AzureADMyOrg","[]","null","null","null","[]","[]","[]","null","null","null","null","https://aadcdn.msftauthimages.net/c1c6b6c8-6uswhvxlhkkm-sycs0sto1cdksnznubohzifl1jzckc/appbranding/s0oj3gsucagr543queojuairyvgrvpxkpddsupjescm/1033/bannerlogo?ts=638769328595867795","[]","Allow","[""https://aa-prod-cmn-blika.azurewebsites.net/saml2/Acs""]","https://account.activedirectory.windowsazure.com:444/applications/default.aspx?metadata=customappsso|ISV9.1|primary|z","https://aa-prod-cmn-blika.azurewebsites.net/saml2/Logout","true","false"
"""ar-prod-cmn-wordpress-flowhyllie""","599339c3-e76f-4ea1-b7d3-5d8e594481ee","2021-11-30T11:14:46Z","[]","[{""customKeyIdentifier"":null,""displayName"":""Flowhyllie"",""endDateTime"":""2026-05-06T12:41:31.705Z"",""hint"":""0mu"",""keyId"":""735d2490-d09f-4248-8476-fcc180db7db0"",""startDateTime"":""2024-05-06T12:41:31.705Z"",""secretText"":null}]","064b123a-f8d7-46d4-942e-f7eff8063f1f","null","[]","null","null","ncconline.onmicrosoft.com","AzureADMyOrg","[]","null","null","null","[]","[]","[]","null","null","null","null","null","[]","Allow","[""https://flowhyllie.se/wp-login.php""]","null","null","false","false"
"""Basware""","02d5b248-17c8-4091-969f-74b4d55b1bc5","2019-05-21T06:47:51Z","[]","[]","06706c6f-e850-45c3-8608-11d2a8b4d701","false","[""http://sso.p2p.basware.com/adfs/services/trust""]","null","null","ncconline.onmicrosoft.com","AzureADMyOrg","[]","null","null","null","[]","[]","[]","null","null","null","null","null","[]","Allow","[""https://sso.p2p.basware.com/adfs/ls/""]","https://account.activedirectory.windowsazure.com:444/applications/default.aspx?metadata=customappsso|ISV9.1|primary|z","null","true","false"
"""Report this email""","af13e61f-ef15-452b-99d5-62ee2f48d88d","2022-02-09T09:57:49Z","[]","[]","06d84674-3cf4-46d1-8b4a-73fe904c0d39","null","[""https://ncconline.onmicrosoft.com/19f641f9-3de2-47bd-a2fe-81fb5d650705""]","null","null","ncconline.onmicrosoft.com","AzureADMyOrg","[]","null","null","null","[]","[]","[]","null","null","null","null","null","[]","Allow","[]","null","null","true","false"
"""IND-Cognos Analytics""","6fb8a85d-0e79-4c78-a3b7-7de09a1efe60","2018-03-16T12:10:01Z","[]","[{""customKeyIdentifier"":null,""displayName"":""CWAP_AuthSecret"",""endDateTime"":""2026-03-10T02:01:26.8558879Z"",""hint"":""gHo"",""keyId"":""af7b49a5-9214-41d8-9630-3ca34ccf2fb3"",""startDateTime"":""2025-03-10T01:57:26.8558879Z"",""secretText"":null},{""customKeyIdentifier"":""Q1dBUF9BdXRoU2VjcmV0"",""displayName"":null,""endDateTime"":""2025-06-07T03:48:22.5571718Z"",""hint"":""Bz9"",""keyId"":""4ebf813c-5534-4aa6-bd3a-172ab91a6d06"",""startDateTime"":""2024-06-07T03:44:22.5571718Z"",""secretText"":null},{""customKeyIdentifier"":""Q1dBUF9BdXRoU2VjcmV0"",""displayName"":null,""endDateTime"":""2024-09-05T00:51:31.5631375Z"",""hint"":""Wm1"",""keyId"":""a11bc840-70cc-4123-995e-995e6fb38683"",""startDateTime"":""2023-09-06T00:47:31.5631375Z"",""secretText"":null}]","07094004-fb65-4c4d-815b-15b389df1a1c","false","[""https://indcognosanalytics-ncconline.msappproxy.net/"",""http://customappsso3483ACC196DA44D78185650D6FD2BD54"",""http://instanceid_8adf8e6e-67b2-4cf2-a259-e3dc5476c621_43853DF440884C1DB3318D7B5657F34C"",""http://customappsso/d289492c-4e4f-458a-aaa3-cee456877997""]","null","null","null","AzureADMyOrg","[]","null","null","null","[]","[]","[]","null","null","null","null","null","[]","Allow","[""https://127.0.0.1:444/applications/default.aspx"",""https://indcognosanalytics-ncconline.msappproxy.net/""]","https://indcognosanalytics-ncconline.msappproxy.net/","https://indcognosanalytics-ncconline.msappproxy.net/?appproxy=logout","true","false"
"""ar-dev-cmn-ramp-infobric""","61078e0d-be31-4709-b8c5-f785894d98c6","2024-02-27T10:39:13Z","[]","[{""customKeyIdentifier"":null,""displayName"":""Infobric-AppReg-Ramp-ClientSecret"",""endDateTime"":""2026-02-26T14:10:42.928Z"",""hint"":""Uhw"",""keyId"":""257b04c6-cc10-4fbc-9f90-2baa35b95f28"",""startDateTime"":""2024-02-27T14:10:42.928Z"",""secretText"":null},{""customKeyIdentifier"":null,""displayName"":""ServiceBus-Infobric-AppReg-ClientSecret"",""endDateTime"":""2026-02-26T14:10:11.35Z"",""hint"":""P7q"",""keyId"":""6059f8f6-0477-4d6e-aa9c-43d570597d32"",""startDateTime"":""2024-02-27T14:10:11.35Z"",""secretText"":null}]","071d3f26-bd42-46ec-baad-469c7d406de9","null","[]","null","null","ncconline.onmicrosoft.com","AzureADMyOrg","[]","null","null","null","[]","[]","[]","null","null","null","null","null","[]","Allow","[]","null","null","false","false"
"""Korsvägen Agent (Microsoft Copilot Studio)""","4ce11cef-a56d-4741-a3ca-11f8abab2a1e","2026-01-20T11:51:36Z","[]","[]","07428d79-74a9-47dc-9a02-e86280d192cf","null","[]","null","null","ncconline.onmicrosoft.com","AzureADMyOrg","[""AIAgentBuilder"",""AgentCreatedBy:CopilotStudio"",""AgenticApp"",""power-virtual-agents-6c43f105-4334-af20-fec0-fc079928dee0""]","null","null","null","[]","[]","[]","null","null","null","null","null","[]","Allow","[]","null","null","false","false"
"""EWSEditor""","f67718de-96a7-4b67-985a-e55dec1dd5f0","2022-11-28T19:12:53Z","[]","[]","07576681-f726-454e-8888-ae742abeac62","null","[]","null","null","ncconline.onmicrosoft.com","AzureADMyOrg","[]","null","null","null","[]","[]","[""urn:ietf:wg:oauth:2.0:oob"",""https://login.microsoftonline.com/common/oauth2/nativeclient""]","null","null","null","null","null","[]","Allow","[]","null","null","false","false"
"""DK - HR Jobopslag (Microsoft Copilot Studio)""","35e17bea-0997-4aee-9f66-703b03b81659","2025-05-26T11:22:41Z","[]","[]","075f1c43-913b-463e-9be1-e49023b2fcdc","null","[]","null","null","ncconline.onmicrosoft.com","AzureADMyOrg","[""AIAgentBuilder"",""AgentCreatedBy:CopilotStudio"",""AgenticApp"",""power-virtual-agents-562dbee8-8350-a3da-ce39-3d4000648ce0""]","null","null","null","[]","[]","[]","null","null","null","null","null","[]","Allow","[]","null","null","false","false"
"""ar-poc-cmn-CoreIntegration""","eca63859-41be-433f-9566-8bb0b2cb8631","2023-05-04T12:17:14Z","[]","[]","0764a63f-f6e2-41f9-a342-f50648add600","null","[]","null","null","ncconline.onmicrosoft.com","AzureADMyOrg","[]","null","null","null","[]","[]","[]","null","null","null","null","null","[]","Allow","[]","null","null","false","false"
"""ar-test-ind-wheelloader-frontend-api""","f837f31c-3245-46e4-9bb6-dde8d2a3551f","2022-12-23T15:20:17Z","[]","[]","07726312-1c34-4741-8433-2223d189d0d4","null","[""api://f837f31c-3245-46e4-9bb6-dde8d2a3551f""]","null","null","ncconline.onmicrosoft.com","AzureADMyOrg","[]","null","null","null","[]","[{""appId"":""e3c51826-179f-470b-8200-3973bd03e2c2"",""delegatedPermissionIds"":[""2b57f6b0-af4b-4787-a59e-9e55b0d608d7""]}]","[]","null","null","null","null","null","[]","Allow","[]","null","null","false","false"
"""wa-prod-cmn-pricelist""","28f2bbc4-9579-49e4-bfe3-b9c8658dc09a","2018-03-15T13:24:15Z","[]","[{""customKeyIdentifier"":null,""displayName"":""FeatEnv2"",""endDateTime"":""2027-08-18T12:01:33.689Z"",""hint"":""s3N"",""keyId"":""acab6e64-ec28-45c1-98bf-f421921d5be3"",""startDateTime"":""2025-08-18T12:01:33.689Z"",""secretText"":null},{""customKeyIdentifier"":null,""displayName"":""FeatEnv"",""endDateTime"":""2027-03-11T16:31:06.184Z"",""hint"":""7g0"",""keyId"":""b6e2542e-964f-49fc-a0d8-82a89ab2a6a6"",""startDateTime"":""2025-03-11T16:31:06.184Z"",""secretText"":null}]","07776136-981e-4aa3-a457-9b1bc6a78738","false","[""api://28f2bbc4-9579-49e4-bfe3-b9c8658dc09a""]","null","SecurityGroup","null","AzureADMyOrg","[]","null","null","null","[]","[]","[]","null","null","null","null","null","[]","Allow","[""https://feat.pricelist.ncc.com/signin-oidc"",""https://pricelist.ncc.com/signin-oidc"",""https://dev.pricelist.ncc.com/signin-oidc"",""https://test.pricelist.ncc.com/signin-oidc"",""https://localhost:44371/signin-oidc"",""https://pricelist-test.adroot.net/signin-oidc"",""https://pricelist.adroot.net/signin-oidc""]","https://wa-prod-cmn-pricelist.ase02.ncc.info","null","true","true"
"""Sales Close Agent - Account Research (Microsoft Copilot Studio)""","6079b7fe-1d02-4dc6-a51c-875ac635d606","2026-01-23T19:05:17Z","[]","[]","079a0e9d-bfc6-45f3-80ec-eb3b80ae183d","null","[]","null","null","ncconline.onmicrosoft.com","AzureADMyOrg","[""AIAgentBuilder"",""AgentCreatedBy:CopilotStudio"",""AgenticApp"",""power-virtual-agents-fe5dd218-c652-0d53-d066-6a9247d06494""]","null","null","null","[]","[]","[]","null","null","null","null","null","[]","Allow","[]","null","null","false","false"
"""ar-devb-cmn-ramp-tagetik""","a7f94a8f-e202-4a70-ab05-c981442e0884","2025-09-16T15:01:07Z","[]","[{""customKeyIdentifier"":null,""displayName"":""Ramp-AppReg-ClientSecret"",""endDateTime"":""2027-10-16T09:36:01.893Z"",""hint"":""3IG"",""keyId"":""2ba767c5-bd0b-40a0-a93c-8f7c530d1ff4"",""startDateTime"":""2025-10-16T09:36:01.893Z"",""secretText"":null}]","079ad8f4-6f7e-4842-a11d-f06e8f1dd712","null","[]","null","null","ncconline.onmicrosoft.com","AzureADMyOrg","[]","null","null","null","[]","[]","[]","null","null","null","null","null","[]","Allow","[]","null","null","false","false"
"""AR-Test-IND-Dynamics-PriceListService""","dbd3a1dd-58e5-4f64-a555-bb87e0c052f7","2021-11-02T16:17:47Z","[]","[{""customKeyIdentifier"":null,""displayName"":""PriceListService"",""endDateTime"":""2023-11-08T14:09:55.166Z"",""hint"":""dpE"",""keyId"":""24fb332a-a035-468e-acfe-868a691438e5"",""startDateTime"":""2021-11-08T14:09:55.166Z"",""secretText"":null}]","07d5ad89-e88f-48dd-a0ae-fb9e066414ae","null","[]","null","null","ncconline.onmicrosoft.com","AzureADMyOrg","[]","null","null","null","[]","[]","[]","null","null","null","null","null","[]","Allow","[]","null","null","false","false"
"""SmartRecruiters""","11458876-5230-4f5b-a04f-3db097bd5c43","2024-02-26T14:23:36Z","[]","[{""customKeyIdentifier"":null,""displayName"":""SR AuthnKey"",""endDateTime"":""2026-04-25T11:20:28.826Z"",""hint"":""0Kr"",""keyId"":""e539d638-4840-4a05-ae4c-9437fcb38573"",""startDateTime"":""2024-04-25T11:20:28.826Z"",""secretText"":null}]","07e98db5-3c7f-4389-8335-28cabdbcad6c","false","[""https://www.smartrecruiters.com/web-sso/saml/NCC""]","null","null","ncconline.onmicrosoft.com","AzureADMyOrg","[]","null","null","null","[]","[]","[]","null","null","null","null","null","[]","Allow","[""https://www.smartrecruiters.com/web-sso/saml/NCC/callback""]","https://www.smartrecruiters.com/*?metadata=smartrecruiters|ISV9.2|primary|z","null","true","false"
"""D365 Sales Agent - Summary Synthesizer (Microsoft Copilot Studio)""","8fce9a2b-8f0a-436f-8cf3-4e49743e397e","2025-07-28T19:40:12Z","[]","[]","07f3ae07-9504-4202-8fd3-51a5738dddef","null","[]","null","null","ncconline.onmicrosoft.com","AzureADMyOrg","[""AIAgentBuilder"",""AgentCreatedBy:CopilotStudio"",""AgenticApp"",""power-virtual-agents-dd1f1ec9-60c2-ef4b-3790-e3cb42198e58""]","null","null","null","[]","[]","[]","null","null","null","null","null","[]","Allow","[]","null","null","false","false"
"""ar-test-ind-dtc-runmobile-api""","d4da4b77-b394-4252-ba45-f45501228945","2024-05-02T07:46:16Z","[]","[]","080164e1-b930-4a08-b90b-900b2972c881","null","[""api://d4da4b77-b394-4252-ba45-f45501228945""]","null","null","ncconline.onmicrosoft.com","AzureADMyOrg","[]","null","null","null","[]","[{""appId"":""8f74cc56-10fd-488a-8d97-6dde1c725b07"",""delegatedPermissionIds"":[""e112bcc7-660a-4ea7-8e10-73ee00b62d5e""]}]","[]","null","null","null","null","null","[]","Allow","[]","null","null","false","false"
"""ar-prod-cmn-o365-exo-rw""","42939e63-fef1-4ef2-a55e-929419c12c47","2021-09-14T12:02:19Z","[{""customKeyIdentifier"":""EDB8B7AAE48C27F2CE5228DBA3ECCB5219213AB2"",""displayName"":""CN=aa-prod-cmn-adOps"",""endDateTime"":""2025-07-10T11:27:26Z"",""keyId"":""253d5c12-ff9e-47be-8995-a1249b0735c2"",""startDateTime"":""2023-07-10T11:17:26Z"",""type"":""AsymmetricX509Cert"",""usage"":""Verify"",""key"":null},{""customKeyIdentifier"":""3872A08127F950A5A13DD217D7C0089D2189C55D"",""displayName"":""CN=ncconline.onmicrosoft.com"",""endDateTime"":""2026-09-14T12:41:27Z"",""keyId"":""426e8902-e133-49fd-a0a8-2b335675c911"",""startDateTime"":""2021-09-14T12:31:28Z"",""type"":""AsymmetricX509Cert"",""usage"":""Verify"",""key"":null}]","[]","08021e5f-2109-418c-bb0b-7fb15e11b02c","null","[]","null","null","ncconline.onmicrosoft.com","AzureADMyOrg","[]","null","null","null","[]","[]","[]","null","null","null","null","null","[]","Allow","[]","null","null","false","false"
"""Account reconciliation agent (Microsoft Copilot Studio)""","a4229bb6-5cf8-41de-a575-c22c476b6da8","2025-09-03T21:31:59Z","[]","[]","082252ab-7886-4a47-bbcb-0fd90cc1318c","null","[]","null","null","ncconline.onmicrosoft.com","AzureADMyOrg","[""AIAgentBuilder"",""AgentCreatedBy:CopilotStudio"",""AgenticApp"",""power-virtual-agents-9602b084-a91a-ce92-0825-436da72c47e0""]","null","null","null","[]","[]","[]","null","null","null","null","null","[]","Allow","[]","null","null","false","false"
"""D365 Sales Agent - TCP Prefill Agent (Microsoft Copilot Studio)""","46f24519-ddf2-4531-beab-8d936a938c01","2025-08-18T01:10:00Z","[]","[]","08584b7a-59d0-4852-93d2-bcc131d7f278","null","[]","null","null","ncconline.onmicrosoft.com","AzureADMyOrg","[""AIAgentBuilder"",""AgentCreatedBy:CopilotStudio"",""AgenticApp"",""power-virtual-agents-e2f2a637-402c-e09b-06d5-47efd8bc3842""]","null","null","null","[]","[]","[]","null","null","null","null","null","[]","Allow","[]","null","null","false","false"
"""Zefort SAML SSO""","aa5cde1f-0d36-4ae1-92c8-deb06810d1ef","2023-09-06T11:38:11Z","[]","[]","08859381-393c-4fcb-9529-4697cb29b81d","false","[""https://my.zefort.com/sso/metadata/saml_1JhBqAAB5XyeeO5QNY/""]","null","null","ncconline.onmicrosoft.com","AzureADMyOrg","[]","null","null","null","[]","[]","[]","null","null","null","null","https://aadcdn.msftauthimages.net/c1c6b6c8-6uswhvxlhkkm-sycs0sto1cdksnznubohzifl1jzckc/appbranding/zoqz-ljszsoadx0jm3vxvbah2lqtooonjvphglh85us/1033/bannerlogo?ts=638295991663477790","[]","Allow","[""https://my.zefort.com/sso/acs/saml_1JhBqAAB5XyeeO5QNY/""]","https://account.activedirectory.windowsazure.com:444/applications/default.aspx?metadata=customappsso|ISV9.1|primary|z","null","true","false"
"""ar-prod-cmn-wordpress-vaghuset""","c60d53bc-7e87-4b09-9a63-e3c68fd481b3","2019-04-11T13:28:22Z","[]","[{""customKeyIdentifier"":null,""displayName"":""Vaghuset"",""endDateTime"":""2023-09-27T07:32:49.16Z"",""hint"":"".6H"",""keyId"":""9270ff08-d34a-4fdd-b7e2-210f37afaf0a"",""startDateTime"":""2023-03-31T07:32:49.16Z"",""secretText"":null}]","08a4570f-cc6d-42ef-a7e5-111863715c5f","false","[""https://ncconline.onmicrosoft.com/6dd2d35a-af5c-42ec-80ca-ebeff9ac68b4""]","null","null","ncconline.onmicrosoft.com","AzureADMyOrg","[]","null","null","null","[]","[]","[]","null","null","null","null","null","[]","Allow","[""https://vaghuset.ncc.se/wp-login.php""]","https://vaghuset.ncc.se/admin","null","true","false"
"""Agent 1 (Microsoft Copilot Studio)""","0fd7ff6b-eab1-4310-b29f-4fbecc5c1229","2026-01-06T11:15:35Z","[]","[]","08a51908-9d57-4682-bbe8-8a8e7302ec90","null","[]","null","null","ncconline.onmicrosoft.com","AzureADMyOrg","[""AIAgentBuilder"",""AgentCreatedBy:CopilotStudio"",""AgenticApp"",""power-virtual-agents-eb886c01-7472-7ccf-b6ec-96b3946404ef""]","null","null","null","[]","[]","[]","null","null","null","null","null","[]","Allow","[]","null","null","false","false"
"""Handläggare test (Microsoft Copilot Studio)""","1fdd5669-44bc-4ea0-9959-7cd077c23dcb","2025-03-26T20:34:28Z","[]","[]","08aff8d4-bc4f-47e9-8a8f-3a127a41ab28","null","[]","null","null","ncconline.onmicrosoft.com","AzureADMyOrg","[""AIAgentBuilder"",""AgentCreatedBy:CopilotStudio"",""AgenticApp"",""power-virtual-agents-060317f5-68bd-6502-e646-658527f365a4""]","null","null","null","[]","[]","[]","null","null","null","null","null","[]","Allow","[]","null","null","false","false"
"""ncc-tfs-NCC-prod-cmn-appiot-536512e6-44e5-4e9a-849a-33131501e63f""","4a132e16-5281-42ee-80f2-ffc80da13fc0","2018-09-26T09:24:45Z","[]","[{""customKeyIdentifier"":null,""displayName"":null,""endDateTime"":""2020-09-26T09:24:45.8968393Z"",""hint"":null,""keyId"":""db45748c-e232-4787-9bc9-d20da9269b6d"",""startDateTime"":""2018-09-26T09:24:45.8968393Z"",""secretText"":null}]","08ee9461-189b-47bf-bb82-663e2c5e76c4","null","[""https://VisualStudio/SPN2c31a0ab-3981-4078-b995-20ec12323980""]","null","null","null","AzureADMyOrg","[]","null","null","null","[]","[]","[]","null","null","null","null","null","[]","Allow","[""https://VisualStudio/SPN""]","https://VisualStudio/SPN","null","true","false"
"""ar-test-ind-PowerAutomate""","93ceedfa-ef30-4836-8c66-f3c831c2fd0d","2022-11-14T12:01:42Z","[]","[{""customKeyIdentifier"":null,""displayName"":""Service principal"",""endDateTime"":""2024-11-14T12:59:22.141Z"",""hint"":""6QF"",""keyId"":""ca13c651-5738-4be4-b5db-f763501a0d15"",""startDateTime"":""2022-11-14T12:59:22.141Z"",""secretText"":null}]","092b87e2-4538-4ebf-bd18-a4a4710bc31d","null","[]","null","null","ncconline.onmicrosoft.com","AzureADMyOrg","[]","null","null","null","[]","[]","[]","null","null","null","null","null","[]","Allow","[]","null","null","false","false"
"""Content Agent, Communication (Microsoft Copilot Studio)""","1c6ffa9d-cb55-420a-8117-c9bd52c7d807","2025-10-28T08:22:46Z","[]","[]","09367a90-5a5e-4f48-b7bb-78747c45fc31","null","[]","null","null","ncconline.onmicrosoft.com","AzureADMyOrg","[""AIAgentBuilder"",""AgentCreatedBy:CopilotStudio"",""AgenticApp"",""power-virtual-agents-92c7ff1f-97b9-f5b5-2213-f8b17747094f""]","null","null","null","[]","[]","[]","null","null","null","null","null","[]","Allow","[]","null","null","false","false"
"""ar-test-cmn-projectportal""","55a2de07-5c90-47a1-a342-d6f085c18b0b","2022-06-10T09:41:21Z","[]","[{""customKeyIdentifier"":null,""displayName"":""cs-projectportal-ews"",""endDateTime"":""2026-06-11T13:45:04.518Z"",""hint"":""YLH"",""keyId"":""43d7bc92-c710-4f97-95be-69dcbf695816"",""startDateTime"":""2024-06-11T13:45:04.518Z"",""secretText"":null}]","09468e7a-2375-4ffe-a9e6-1e30f2f8121e","null","[]","null","null","ncconline.onmicrosoft.com","AzureADMyOrg","[]","null","null","null","[]","[]","[]","null","null","null","null","null","[]","Allow","[]","null","null","false","false"
"""ar-dev-ind-boss-client""","08229643-5f3b-4dbb-9b3e-b543537bf1d1","2021-12-08T12:35:04Z","[]","[]","094ad2e8-92de-4f17-9c48-213615e2e030","null","[]","null","null","ncconline.onmicrosoft.com","AzureADMultipleOrgs","[]","null","null","null","[]","[]","[]","null","null","null","null","null","[]","Allow","[]","null","https://localhost:3000/signout","false","true"
"""ar-dev-cmn-projectservice""","05678a9f-60c0-4874-92f2-f142aeb6407f","2022-03-24T12:38:26Z","[]","[{""customKeyIdentifier"":null,""displayName"":""Project Service Dev"",""endDateTime"":""2027-04-14T08:55:36.026Z"",""hint"":""Fk8"",""keyId"":""47119b4f-6dc1-4bed-afb4-736ddd17eb52"",""startDateTime"":""2025-04-14T08:55:36.026Z"",""secretText"":null}]","096499bb-83e2-4393-b873-c3cd2bfd5c28","null","[""api://projectservice-dev.ncc.info""]","null","ApplicationGroup","ncconline.onmicrosoft.com","AzureADMyOrg","[]","null","2","true","[]","[{""appId"":""4ef1f70b-c90b-44a1-b5ca-0962e43040e8"",""delegatedPermissionIds"":[""6354f0a1-d886-4fcd-ac75-3f229ae5d076""]},{""appId"":""6e7f73e9-c9c6-4c13-988a-fecffd78ecf3"",""delegatedPermissionIds"":[""6354f0a1-d886-4fcd-ac75-3f229ae5d076""]}]","[]","null","null","null","null","null","[]","Allow","[""https://dev.projectservice.ncc.group/signin-oidc"",""https://wa-dev-cmn-sc-projectservice.azurewebsites.net/signin-oidc"",""https://wa-dev-cmn-projectservice.ase02.ncc.info/signin-oidc"",""https://localhost:44310/signin-oidc""]","null","null","true","false"
"""PurchasePal NO (Power Virtual Agents)""","33fd2c5a-9549-4564-89c3-5babd6f7c63b","2023-10-11T07:17:03Z","[]","[]","09840002-00f6-48d3-baa4-87cf897fd727","null","[]","null","null","ncconline.onmicrosoft.com","AzureADMultipleOrgs","[""AIAgentBuilder"",""AgentCreatedBy:CopilotStudio"",""AgenticApp"",""power-virtual-agents-41eca10c-1cc7-4ea1-b75f-f1400099a9f0""]","null","null","null","[]","[]","[]","null","null","null","null","null","[]","Allow","[]","null","null","false","false"
"""NCCSIEMConnector""","cf52780e-193d-40d1-9766-3555de87eb74","2021-09-06T10:51:21Z","[]","[{""customKeyIdentifier"":null,""displayName"":""20200906"",""endDateTime"":""2022-03-06T11:54:49.108Z"",""hint"":""HV-"",""keyId"":""ff28ee65-e7dc-47fc-a6c7-9de7c3a1def1"",""startDateTime"":""2021-09-06T10:54:49.108Z"",""secretText"":null}]","09953627-943a-4715-835e-8d682bfc096c","null","[]","null","null","ncconline.onmicrosoft.com","AzureADMyOrg","[]","null","null","null","[]","[]","[]","null","null","null","null","null","[]","Allow","[]","null","null","false","false"
"""sc-ind-DynamicsInformationProxy""","8dee6b63-a5d9-4ff6-8d2e-6639b52ed846","2022-12-01T10:14:34Z","[]","[{""customKeyIdentifier"":null,""displayName"":""AzureDevOps deployments"",""endDateTime"":""2024-12-01T10:21:42.305Z"",""hint"":""6Z8"",""keyId"":""2f422e6b-7da1-4088-a1f2-92fa56d7c14d"",""startDateTime"":""2022-12-01T10:21:42.305Z"",""secretText"":null}]","09957239-578d-47ad-8907-b0857ecefdd5","null","[]","null","null","ncconline.onmicrosoft.com","AzureADMyOrg","[]","null","null","null","[]","[]","[]","null","null","null","null","null","[]","Allow","[]","null","null","false","false"
"""ar-dev-cmn-nci-platform""","29432142-fcf7-486b-bef9-25bc563f1e85","2024-02-23T13:47:22Z","[]","[{""customKeyIdentifier"":null,""displayName"":""Wael Personal"",""endDateTime"":""2027-11-10T15:23:10.83Z"",""hint"":""xli"",""keyId"":""0458ca60-8dde-4060-85e9-ef0b08f573f0"",""startDateTime"":""2025-11-10T15:23:10.83Z"",""secretText"":null}]","09d64684-4b27-4070-a2bd-b543e4a74701","null","[""api://29432142-fcf7-486b-bef9-25bc563f1e85""]","null","null","ncconline.onmicrosoft.com","AzureADMyOrg","[]","null","null","null","[]","[]","[]","null","null","null","null","null","[]","Allow","[""https://localhost:8080""]","null","null","false","false"
"""Copilot in Dynamics 365 Sales (Microsoft Copilot Studio)""","b5e08da7-de5b-4288-944e-740371778b12","2025-06-02T13:52:53Z","[]","[]","09e7fa3c-d5ce-40c7-9415-3ccaee1ad03c","null","[]","null","null","ncconline.onmicrosoft.com","AzureADMyOrg","[""AIAgentBuilder"",""AgentCreatedBy:CopilotStudio"",""AgenticApp"",""power-virtual-agents-b74d04ed-4071-4747-827a-b3f0b5ddc5f2""]","null","null","null","[]","[]","[]","null","null","null","null","null","[]","Allow","[]","null","null","false","false"
"""Copilot for finance and operations apps (Microsoft Copilot Studio)""","47cab275-0666-4306-9d09-265b6a5bdf7d","2025-03-18T13:12:59Z","[]","[]","0a0c53d4-925e-4436-9ddd-cfd927123edf","null","[]","null","null","ncconline.onmicrosoft.com","AzureADMyOrg","[""AIAgentBuilder"",""AgentCreatedBy:CopilotStudio"",""AgenticApp"",""power-virtual-agents-8b582431-5c17-eb23-e654-3f53511fcce1""]","null","null","null","[]","[]","[]","null","null","null","null","null","[]","Allow","[]","null","null","false","false"
"""Forms""","d7b69402-be52-404d-9b95-266625ec665e","2021-04-22T09:37:02Z","[]","[]","0a18c94f-0499-49a0-bccc-986d2fc9de69","null","[""https://ncconline.onmicrosoft.com/4f24fb47-7b07-4f10-a2e6-0b376556b29f""]","null","null","ncconline.onmicrosoft.com","AzureADMyOrg","[]","null","null","null","[]","[]","[]","null","null","null","null","null","[]","Allow","[]","null","null","true","false"
"""Supplier Communications Agent - inbound (Microsoft Copilot Studio)""","31145968-6748-42bf-8155-bc8cfa661bce","2025-04-29T07:07:01Z","[]","[]","0a437511-c8cf-4b6c-97db-e6f196914a41","null","[]","null","null","ncconline.onmicrosoft.com","AzureADMyOrg","[""AIAgentBuilder"",""AgentCreatedBy:CopilotStudio"",""AgenticApp"",""power-virtual-agents-eab4b6c5-9696-bd48-eb21-644e6c7251f8""]","null","null","null","[]","[]","[]","null","null","null","null","null","[]","Allow","[]","null","null","false","false"
"""HR Denmark""","7556adae-77e3-4efa-a911-8f2887218e46","2019-09-12T12:11:20Z","[]","[{""customKeyIdentifier"":null,""displayName"":""CWAP_AuthSecret"",""endDateTime"":""2026-05-17T04:36:42.2033508Z"",""hint"":""czn"",""keyId"":""c4e4902a-7164-44d0-8819-7ec9b0dbc853"",""startDateTime"":""2025-05-17T04:32:42.2033508Z"",""secretText"":null},{""customKeyIdentifier"":""Q1dBUF9BdXRoU2VjcmV0"",""displayName"":null,""endDateTime"":""2025-08-12T10:19:20.6380785Z"",""hint"":""Kv1"",""keyId"":""d7a102c6-cb66-4e09-8e09-1f56676dfdde"",""startDateTime"":""2024-08-12T10:15:20.6380785Z"",""secretText"":null},{""customKeyIdentifier"":""Q1dBUF9BdXRoU2VjcmV0"",""displayName"":null,""endDateTime"":""2024-11-09T09:21:47.4312132Z"",""hint"":""Tt9"",""keyId"":""211d02c6-905b-45e9-bb4f-f307519f8c3a"",""startDateTime"":""2023-11-10T09:17:47.4312132Z"",""secretText"":null}]","0a600074-9692-4aed-b321-cc809bad2d0f","false","[""https://testhrdenmark-ncconline.msappproxy.net/"",""http://customappsso/161aec06-06c7-4494-be71-21dacd3f804a""]","null","null","ncconline.onmicrosoft.com","AzureADMyOrg","[]","null","null","null","[]","[]","[]","null","null","null","null","null","[]","Allow","[""https://testhrdenmark-ncconline.msappproxy.net/""]","https://testhrdenmark-ncconline.msappproxy.net/","https://testhrdenmark-ncconline.msappproxy.net/?appproxy=logout","true","false"
"""ncc-tfs-NCC-prod-cmn-appiot-536512e6-44e5-4e9a-849a-33131501e63f""","f2e00535-281f-4b67-8f02-f3f21bd3afbd","2018-02-12T12:30:07Z","[]","[{""customKeyIdentifier"":null,""displayName"":null,""endDateTime"":""2020-02-12T12:30:06.7218127Z"",""hint"":null,""keyId"":""03572b0e-8e23-473c-b7de-a3f2f8b0751e"",""startDateTime"":""2018-02-12T12:30:06.7218127Z"",""secretText"":null}]","0a65de64-92ab-4261-a741-13367b1b6c22","null","[""https://VisualStudio/SPNcfca977f-4a25-4b42-96ee-f4270c92d24a""]","null","null","null","AzureADMyOrg","[]","null","null","null","[]","[]","[]","null","null","null","null","null","[]","Allow","[""https://VisualStudio/SPN""]","https://VisualStudio/SPN","null","true","false"
"""Handläggare (Microsoft Copilot Studio)""","d6ab5bd4-224f-4061-9349-e862667ae0d3","2025-12-15T14:42:56Z","[]","[]","0a73e587-207f-4e32-ba39-c281130ce525","null","[]","null","null","ncconline.onmicrosoft.com","AzureADMyOrg","[""AIAgentBuilder"",""AgentCreatedBy:CopilotStudio"",""AgenticApp"",""power-virtual-agents-aeabbd7a-57e8-b6f3-3c73-addb27ccec67""]","null","null","null","[]","[]","[]","null","null","null","null","null","[]","Allow","[]","null","null","false","false"
"""NKI Agent (Microsoft Copilot Studio)""","b208ed3f-83e1-4354-82d9-e8bb77ca9fd7","2025-03-21T08:51:52Z","[]","[]","0a89be1c-1037-40d2-9b9c-88dc1f54a1e8","null","[]","null","null","ncconline.onmicrosoft.com","AzureADMyOrg","[""AIAgentBuilder"",""AgentCreatedBy:CopilotStudio"",""AgenticApp"",""power-virtual-agents-148d3bf3-dedd-a6d2-6bad-490099a07789""]","null","null","null","[]","[]","[]","null","null","null","null","null","[]","Allow","[]","null","null","false","false"
"""ar-prod-cmn-ramp-filemaster""","a21503aa-5c29-4822-9dd6-770d1ce66b35","2024-01-23T13:26:04Z","[]","[{""customKeyIdentifier"":null,""displayName"":""General Ramp Secret"",""endDateTime"":""2026-11-11T13:44:01.794Z"",""hint"":""asl"",""keyId"":""e8487125-a61a-4769-b827-98ffc13300fc"",""startDateTime"":""2024-11-11T13:44:01.794Z"",""secretText"":null},{""customKeyIdentifier"":null,""displayName"":""Secret for accessing DataFoundation APIs"",""endDateTime"":""2026-11-11T13:07:53.889Z"",""hint"":""RuW"",""keyId"":""3033daac-6565-438a-9459-cc639ae03d58"",""startDateTime"":""2024-11-11T13:07:53.889Z"",""secretText"":null}]","0a8dba52-4d72-4310-bd1d-f980a29bcc6c","null","[]","null","null","ncconline.onmicrosoft.com","AzureADMyOrg","[]","null","null","null","[]","[]","[]","null","null","null","null","null","[]","Allow","[]","null","null","false","false"
"""Webfakturering - Test""","73843850-50a3-4501-a253-665310685653","2019-09-19T14:21:49Z","[]","[]","0aa3e59e-b3a5-4ce3-8e4c-628558305d12","null","[]","null","null","ncconline.onmicrosoft.com","AzureADMyOrg","[]","null","null","null","[]","[]","[]","null","null","null","null","null","[]","Allow","[""https://localhost:44385/""]","null","null","true","true"
"""wa-prod-inf-masscontrol-fullversion-native""","1e7d3c67-8ef3-44b9-abc5-4eabab60a528","2017-09-04T11:45:30Z","[]","[]","0aa52c8b-f58d-45c7-968b-f8151d12cf56","true","[]","null","null","null","AzureADMultipleOrgs","[]","null","null","null","[]","[]","[""http://wa-prod-inf-masscontrol.ase-prod-cmn-ase01.p.azurewebsites.net/.auth/login/done""]","null","null","null","null","null","[]","Allow","[]","null","null","true","false"
"""ar-test-lime-hercules""","2b320583-fcaa-4e91-ba48-365302b43fd2","2025-05-08T09:45:41Z","[]","[{""customKeyIdentifier"":null,""displayName"":""CRM Lime Test EntraID Hercules"",""endDateTime"":""2026-05-16T13:17:55.731Z"",""hint"":""1Ao"",""keyId"":""b79d813b-bb81-452f-ab1b-904f3e2ae994"",""startDateTime"":""2025-05-16T13:17:55.731Z"",""secretText"":null}]","0addfb52-6fd2-4091-a493-ae0001ec7758","null","[]","null","null","ncconline.onmicrosoft.com","AzureADandPersonalMicrosoftAccount","[]","null","2","null","[]","[]","[]","null","null","null","null","null","[]","Allow","[""https://lime-test.ncc.info/client/oauth2/authorize"",""https://cmnap165.adroot.net/client/oauth2/authorize""]","https://artestlimehercules.ncconline.onmicrosoft.com/","null","true","false"
"""ar-dev-portals-supplierportal""","9aeab974-9993-41b9-a6fa-055ca453520b","2025-05-08T10:01:35Z","[]","[{""customKeyIdentifier"":null,""displayName"":""clientsecret"",""endDateTime"":""2027-08-27T19:19:17.281Z"",""hint"":""CJo"",""keyId"":""66ee50b2-d620-4ebd-a6c8-befcc9f9f610"",""startDateTime"":""2025-08-27T19:19:17.281Z"",""secretText"":null}]","0adf2c1a-b4e3-4afa-bd19-9275e12013fe","null","[""api://9aeab974-9993-41b9-a6fa-055ca453520b""]","null","null","ncconline.onmicrosoft.com","AzureADMyOrg","[]","null","null","null","[]","[]","[]","null","null","null","null","null","[]","Allow","[]","null","null","true","true"
"""Test App Power""","9d6c5a20-e86e-45ad-9677-8fe1545efb09","2017-10-01T16:47:32Z","[]","[{""customKeyIdentifier"":null,""displayName"":null,""endDateTime"":""2019-10-01T16:47:31.239964Z"",""hint"":null,""keyId"":""b5d07dfb-5ce3-4b03-976b-cd43763427e3"",""startDateTime"":""2017-10-01T16:47:31.239964Z"",""secretText"":null}]","0afaf5e1-5a97-4c38-9ccb-98b3c615f44b","null","[""https://ncc.fi/485bb1fb-a1ef-40c0-900c-594bff4b4321""]","null","null","null","AzureADMultipleOrgs","[]","null","null","null","[]","[]","[]","null","null","null","null","null","[]","Allow","[""http://localhost:13526/redirect""]","http://localhost:13526/","null","true","false"
"""ar-prod-cmn-roomManager""","e2fe68cb-5ca0-4ddc-bf1f-a4e19ce6419d","2022-06-20T11:17:25Z","[{""customKeyIdentifier"":""EF6B8A9AE6029A03250AACCDCADFBBB05578B2FB"",""displayName"":""aa-prod-cmn-office365ops"",""endDateTime"":""2026-04-25T13:51:22Z"",""keyId"":""62452dd6-52f4-4734-b5f6-243da50e3bf2"",""startDateTime"":""2024-04-25T13:41:23Z"",""type"":""AsymmetricX509Cert"",""usage"":""Verify"",""key"":null}]","[{""customKeyIdentifier"":null,""displayName"":""la-prod-cmn-o365ops"",""endDateTime"":""2026-07-02T06:57:06.179Z"",""hint"":""ODY"",""keyId"":""938e3bc7-2f7d-4f0c-8a98-3dd4694afa81"",""startDateTime"":""2024-07-02T06:57:06.179Z"",""secretText"":null}]","0b1be6ed-6447-4609-aab3-0af55ca6dacc","null","[]","null","null","ncconline.onmicrosoft.com","AzureADMyOrg","[]","null","null","null","[]","[]","[]","null","null","null","null","null","[]","Allow","[]","null","null","false","false"
"""Agent (Microsoft Copilot Studio)""","c85d83dd-4b2b-418f-a1df-94a1a32df359","2025-12-05T11:13:13Z","[]","[]","0b2e5eb8-c680-4b52-8368-eb58afb96c44","null","[]","null","null","ncconline.onmicrosoft.com","AzureADMyOrg","[""AIAgentBuilder"",""AgentCreatedBy:CopilotStudio"",""AgenticApp"",""power-virtual-agents-cae57308-e596-1674-7914-2c426382c867""]","null","null","null","[]","[]","[]","null","null","null","null","null","[]","Allow","[]","null","null","false","false"
"""Customer Service Copilot Bot (Power Virtual Agents)""","ac72b12c-e57c-47e6-a913-8c44b9651a15","2024-05-01T20:25:14Z","[]","[]","0b664514-1cee-4fbe-94e0-e81b6854cce5","null","[]","null","null","ncconline.onmicrosoft.com","AzureADMultipleOrgs","[""AIAgentBuilder"",""AgentCreatedBy:CopilotStudio"",""AgenticApp"",""power-virtual-agents-3c82bf63-39cd-4319-895d-102167ac5191""]","null","null","null","[]","[]","[]","null","null","null","null","null","[]","Allow","[]","null","null","false","false"
"""D365 Sales - Configuration Agent (Microsoft Copilot Studio)""","8ff665ed-a338-469a-be1e-ccfb599f1fbc","2026-01-09T20:02:56Z","[]","[]","0b758934-ed2f-4598-be56-67349e192acc","null","[]","null","null","ncconline.onmicrosoft.com","AzureADMyOrg","[""AIAgentBuilder"",""AgentCreatedBy:CopilotStudio"",""AgenticApp"",""power-virtual-agents-22663c31-e6c8-92f9-fb55-2eea39207614""]","null","null","null","[]","[]","[]","null","null","null","null","null","[]","Allow","[]","null","null","false","false"
"""NccDevelopment-Stone-Skut detection-Deploy SU11 TEST""","ce403fec-27b6-48da-9a1d-7e859a6dab45","2023-12-06T09:19:11Z","[]","[]","0b9cb7ea-6f8f-4b68-ac47-cef59840276e","null","[]","null","null","ncconline.onmicrosoft.com","AzureADandPersonalMicrosoftAccount","[]","null","2","null","[]","[]","[]","null","null","null","null","null","[]","Allow","[]","null","null","false","false"
"""NccDevelopment-NCC Development-rg-dev-cmn-prodportals""","89819c95-8ccf-4416-b19e-ec1dc9a03303","2021-01-20T13:38:07Z","[]","[{""customKeyIdentifier"":null,""displayName"":""Service connection secret"",""endDateTime"":""2299-12-30T23:00:00Z"",""hint"":"".t9"",""keyId"":""2778c14b-17fa-4a04-924c-ac54faa62f32"",""startDateTime"":""2021-01-28T08:40:34.009Z"",""secretText"":null}]","0ba01edd-83bf-4a1f-877e-9f0e371d38a2","null","[]","null","null","ncconline.onmicrosoft.com","AzureADMyOrg","[]","null","null","null","[]","[]","[]","null","null","null","null","null","[]","Allow","[""https://VisualStudio/SPN""]","https://VisualStudio/SPN","null","true","false"
"""Customization Agent (Microsoft Copilot Studio)""","d7294415-d3f5-490a-865e-ea0a29d6363b","2025-11-02T23:39:48Z","[]","[]","0bb4f4bb-0c8b-4d45-bf03-13895d74cb96","null","[]","null","null","ncconline.onmicrosoft.com","AzureADMyOrg","[""AIAgentBuilder"",""AgentCreatedBy:CopilotStudio"",""AgenticApp"",""power-virtual-agents-976f4ead-d637-b77d-0ca0-f70b13a827f3""]","null","null","null","[]","[]","[]","null","null","null","null","null","[]","Allow","[]","null","null","false","false"
"""ar-prod-cmn-identity-unam-attributeAssessment""","d1b0ee63-6e29-4bbc-b229-8a4b7e0ba668","2024-09-02T13:04:25Z","[]","[{""customKeyIdentifier"":null,""displayName"":""assessment"",""endDateTime"":""2025-05-26T14:42:20.562Z"",""hint"":""rQj"",""keyId"":""08eb93cd-b95e-471f-93e8-6f0e6a39e808"",""startDateTime"":""2024-11-27T15:42:20.562Z"",""secretText"":null},{""customKeyIdentifier"":null,""displayName"":""assessment"",""endDateTime"":""2025-03-01T14:15:33.482Z"",""hint"":""amf"",""keyId"":""d624c0a1-1464-45b7-a4bb-7e490f4b1c26"",""startDateTime"":""2024-09-02T13:15:33.482Z"",""secretText"":null}]","0bb9070d-6920-4fa5-b702-b8ff00dd0bb6","null","[]","null","null","ncconline.onmicrosoft.com","AzureADMyOrg","[]","null","null","null","[]","[]","[]","null","null","null","null","null","[]","Allow","[]","null","null","false","false"
"""Galicia Frontline Bot (Power Virtual Agents)""","9185261e-f77c-42d9-aa1f-e9295a83c33d","2024-07-06T03:01:08Z","[]","[]","0be82d18-53ce-4220-9684-1afddfc04cbc","null","[]","null","null","ncconline.onmicrosoft.com","AzureADMultipleOrgs","[""AIAgentBuilder"",""AgentCreatedBy:CopilotStudio"",""AgenticApp"",""power-virtual-agents-097cf081-3422-b036-6599-c27fd9754a2f""]","null","null","null","[]","[]","[]","null","null","null","null","null","[]","Allow","[]","null","null","false","false"
"""ar-prod-cmn-dare""","66263a99-29e0-4524-a687-07b8e0831e5a","2023-12-05T10:36:11Z","[]","[]","0c0228f7-7574-4637-85f3-20863e6f847c","null","[]","null","null","ncconline.onmicrosoft.com","AzureADMyOrg","[]","null","null","null","[]","[]","[]","null","null","null","null","null","[]","Allow","[]","null","null","false","false"
"""AI ideas Copilot (Microsoft Copilot Studio)""","cd99249d-00eb-4632-be18-64d9487b857c","2024-08-29T07:43:20Z","[]","[]","0c2ae2d7-3dd2-4778-aeca-c479eed5be0b","null","[]","null","null","ncconline.onmicrosoft.com","AzureADMultipleOrgs","[""AIAgentBuilder"",""AgentCreatedBy:CopilotStudio"",""AgenticApp"",""power-virtual-agents-7c93555d-7f10-a146-b00d-18a10fbf0ca9""]","null","null","null","[]","[]","[]","null","null","null","null","null","[]","Allow","[]","null","null","false","false"
"""sc-test-cmn-prodportals-modern""","880bc0ff-3a1e-4c8f-ab6b-a65ac15ef1d9","2023-05-15T11:52:54Z","[]","[{""customKeyIdentifier"":null,""displayName"":""sc-test-cmn-prodportals-modern"",""endDateTime"":""2024-11-12T14:32:41.672Z"",""hint"":""E~U"",""keyId"":""47afaaee-968b-49e4-95eb-22319d9dc36f"",""startDateTime"":""2023-11-13T14:32:41.672Z"",""secretText"":null}]","0c3ef205-fb12-4fbc-9bb4-b1d2c437f089","null","[]","null","null","ncconline.onmicrosoft.com","AzureADMyOrg","[]","null","null","null","[]","[]","[]","null","null","null","null","null","[]","Allow","[]","null","null","false","false"
"""D365 Sales Agent - Competitor (Microsoft Copilot Studio)""","7c2b0daa-c097-4eca-841f-391eb0440a24","2025-07-29T00:37:03Z","[]","[]","0c7b3990-bb30-49e2-b82d-7643c3b7563b","null","[]","null","null","ncconline.onmicrosoft.com","AzureADMyOrg","[""AIAgentBuilder"",""AgentCreatedBy:CopilotStudio"",""AgenticApp"",""power-virtual-agents-4f8aed5d-72d9-0959-f280-37c96b1e1447""]","null","null","null","[]","[]","[]","null","null","null","null","null","[]","Allow","[]","null","null","false","false"
"""Tuntikirjaus-avustaja (Microsoft Copilot Studio)""","d4f90dee-e2a9-4269-b478-d6f9b165e354","2025-09-04T11:28:45Z","[]","[]","0c7bcba6-4e46-496c-bff6-f5cf24a0bc6a","null","[]","null","null","ncconline.onmicrosoft.com","AzureADMyOrg","[""AIAgentBuilder"",""AgentCreatedBy:CopilotStudio"",""AgenticApp"",""power-virtual-agents-dbd5252a-9e44-5c57-bc02-861d258e310e""]","null","null","null","[]","[]","[]","null","null","null","null","null","[]","Allow","[]","null","null","false","false"
"""ar-prod-cmn-mygrano""","4c9a4a84-ec7b-44ee-9bb3-42260fd35983","2021-04-13T09:11:46Z","[]","[]","0c7ccb96-bc95-4f16-9e8d-636d52f9e66d","null","[]","null","null","ncconline.onmicrosoft.com","AzureADMyOrg","[]","null","null","null","[]","[]","[]","null","null","null","null","null","[]","Allow","[]","null","null","false","false"
"""ar-devb-cmn-ifs""","6678fefd-cd67-40ff-b463-d434764982bf","2025-05-28T13:52:45Z","[]","[{""customKeyIdentifier"":null,""displayName"":""integration_platform_connection_250616"",""endDateTime"":""2026-06-16T11:30:14.645Z"",""hint"":""8FE"",""keyId"":""da167bf5-b000-4fdb-bf99-5d965faaa438"",""startDateTime"":""2025-06-16T11:30:14.645Z"",""secretText"":null},{""customKeyIdentifier"":null,""displayName"":""integration_platform_connection_250331"",""endDateTime"":""2027-06-13T11:43:40.668Z"",""hint"":""nZs"",""keyId"":""859cd1fb-605c-49c3-a213-edd79265231f"",""startDateTime"":""2025-06-13T11:43:40.668Z"",""secretText"":null}]","0c84aaba-0b7a-40d9-b1d9-153711de4586","null","[]","null","null","ncconline.onmicrosoft.com","AzureADMyOrg","[]","null","null","null","[]","[]","[]","null","null","null","null","null","[]","Allow","[]","null","null","false","false"
"""aa-test-cmn-cloudoperations_o4T+37OqnVVZNS3uasOKWvhc8b81ndA1iVtQQ6irHRg=""","aef83eb5-58e4-4758-a80d-3dbf2f49626c","2018-05-23T09:08:31Z","[{""customKeyIdentifier"":""E4ABB256A176E180B490B90D3AD4A3C27D621945"",""displayName"":""DC=aa-test-cmn-cloudoperations_rg-test-cmn-cloudops_eb964ede-0700-4daa-9dba-dc6b31db81ad"",""endDateTime"":""2020-07-17T00:00:00Z"",""keyId"":""5d1ccff0-258e-4d18-b57e-8677c668249f"",""startDateTime"":""2019-07-16T00:00:00Z"",""type"":""AsymmetricX509Cert"",""usage"":""Verify"",""key"":null}]","[]","0cf0aa14-1c88-4003-9b9d-1823b339ab67","null","[""https://spn/o4T%2b37OqnVVZNS3uasOKWvhc8b81ndA1iVtQQ6irHRg%3d""]","null","null","null","AzureADMyOrg","[]","null","null","null","[]","[]","[]","null","null","null","null","null","[]","Allow","[]","https://management.azure.com//subscriptions/eb964ede-0700-4daa-9dba-dc6b31db81ad/resourcegroups/rg-test-cmn-cloudops/providers/Microsoft.Automation/automationAccounts/aa-test-cmn-cloudoperations","null","true","false"
"""ar-prod-cmn-ncc-simulation""","fc733a3e-5f0e-4957-a64a-99087cf842c0","2021-01-18T14:38:06Z","[]","[{""customKeyIdentifier"":null,""displayName"":""Password uploaded on Mon Jan 18 2021"",""endDateTime"":""2023-01-18T14:39:21.245Z"",""hint"":""7FE"",""keyId"":""fca4a97c-d0ad-495e-bb9e-d81858f22a72"",""startDateTime"":""2021-01-18T14:39:31.466Z"",""secretText"":null}]","0cfd665e-7295-44e5-863b-3a125fe650f0","null","[]","null","null","ncconline.onmicrosoft.com","AzureADMyOrg","[]","null","null","null","[]","[]","[]","null","null","null","null","null","[]","Allow","[]","null","null","false","false"
"""NccDevelopment-Cmn-Montage-536512e6-44e5-4e9a-849a-33131501e63f""","75be98a3-0124-4eeb-b549-5f372e27f467","2018-06-05T07:59:52Z","[]","[{""customKeyIdentifier"":null,""displayName"":null,""endDateTime"":""2020-06-05T07:59:52.0303736Z"",""hint"":null,""keyId"":""88b9d704-8fd4-41cd-a327-5ab4cffe2b37"",""startDateTime"":""2018-06-05T07:59:52.0303736Z"",""secretText"":null}]","0d0a1897-4a28-4588-8cee-cf6560ca1efe","null","[""https://VisualStudio/SPN28534d8a-92c3-4529-aebb-848fca2e96f6""]","null","null","null","AzureADMyOrg","[]","null","null","null","[]","[]","[]","null","null","null","null","null","[]","Allow","[""https://VisualStudio/SPN""]","https://VisualStudio/SPN","null","true","false"
"""sc-dev-cmn-ncicrbuildagentcorpdev-CoreIntegration-01-Deploy""","3918e399-95dc-44e0-8dd6-0cb03d2bd6d8","2023-09-30T08:42:22Z","[]","[{""customKeyIdentifier"":null,""displayName"":""SC key"",""endDateTime"":""2024-03-28T09:42:37.232Z"",""hint"":""cUZ"",""keyId"":""6b28ef8a-b96f-42d2-8029-f944a6f60c7c"",""startDateTime"":""2023-09-30T08:42:37.232Z"",""secretText"":null}]","0d86b030-7ebd-494c-8627-3d580acc8626","null","[]","null","null","ncconline.onmicrosoft.com","AzureADMyOrg","[]","null","null","null","[]","[]","[]","null","null","null","null","null","[]","Allow","[]","null","null","false","false"
"""Sales Close Agent - Compete Research (Microsoft Copilot Studio)""","1d351a35-38e0-4696-b1b9-313f7ed33e7f","2026-01-23T20:47:19Z","[]","[]","0d9faa3d-17f1-4c3b-a50d-99fd75596622","null","[]","null","null","ncconline.onmicrosoft.com","AzureADMyOrg","[""AIAgentBuilder"",""AgentCreatedBy:CopilotStudio"",""AgenticApp"",""power-virtual-agents-abf249df-2cf3-2347-21df-6b947809eb56""]","null","null","null","[]","[]","[]","null","null","null","null","null","[]","Allow","[]","null","null","false","false"
"""D365 Sales - Sales Close Agent - Engage (Microsoft Copilot Studio)""","a7ac1a4e-af88-492a-9b5c-bb3f2673239d","2025-11-27T02:00:44Z","[]","[]","0da18010-f396-4420-b95f-4f8416257711","null","[]","null","null","ncconline.onmicrosoft.com","AzureADMyOrg","[""AIAgentBuilder"",""AgentCreatedBy:CopilotStudio"",""AgenticApp"",""power-virtual-agents-8066f05a-8c53-2ecc-5a04-12a2a6717344""]","null","null","null","[]","[]","[]","null","null","null","null","null","[]","Allow","[]","null","null","false","false"
"""aa-test-cmn-dwbi_pgongGmW7435sx5Oa62VFE4qpnmODScOYLXA0pfaG4o=""","7ec72a10-cfd4-4a25-aaaf-45cb47945147","2019-02-06T09:19:04Z","[{""customKeyIdentifier"":""F0B1B012FF5691FAD26090524A4557F848776599"",""displayName"":""DC=aa-test-cmn-dwbi_rg-test-cmn-dwbi_eb964ede-0700-4daa-9dba-dc6b31db81ad"",""endDateTime"":""2022-11-23T00:00:00Z"",""keyId"":""8b056913-e075-40a3-ac3d-69540f11c4a1"",""startDateTime"":""2021-11-22T00:00:00Z"",""type"":""AsymmetricX509Cert"",""usage"":""Verify"",""key"":null},{""customKeyIdentifier"":""D912C0409BB4A6446DE3D5BCEEB0FE01EB67458E"",""displayName"":""DC=aa-test-cmn-dwbi_rg-test-cmn-dwbi_eb964ede-0700-4daa-9dba-dc6b31db81ad"",""endDateTime"":""2022-02-18T00:00:00Z"",""keyId"":""f82991e6-be7a-452a-8f2c-53cb41bc0ae5"",""startDateTime"":""2021-02-17T00:00:00Z"",""type"":""AsymmetricX509Cert"",""usage"":""Verify"",""key"":null}]","[]","0da80cf1-5ddf-43fc-8b75-7f82db4109db","null","[""https://spn/pgongGmW7435sx5Oa62VFE4qpnmODScOYLXA0pfaG4o%3d""]","null","null","ncconline.onmicrosoft.com","AzureADMyOrg","[]","null","null","null","[]","[]","[]","null","null","null","null","null","[]","Allow","[]","https://management.azure.com//subscriptions/eb964ede-0700-4daa-9dba-dc6b31db81ad/resourceGroups/rg-test-cmn-dwbi/providers/Microsoft.Automation/automationAccounts/aa-test-cmn-dwbi","null","true","false"
"""D365 Sales Agent - Opportunity Research (Microsoft Copilot Studio)""","ec4eeb76-560b-4ac7-ab27-946e4a00c4d7","2025-08-18T01:21:14Z","[]","[]","0dc32555-a48b-460f-abad-4cae6d77b150","null","[]","null","null","ncconline.onmicrosoft.com","AzureADMyOrg","[""AIAgentBuilder"",""AgentCreatedBy:CopilotStudio"",""AgenticApp"",""power-virtual-agents-8aafab98-49bb-fd3c-f59c-a04f6ed07364""]","null","null","null","[]","[]","[]","null","null","null","null","null","[]","Allow","[]","null","null","false","false"
"""Customer Service Email Sentiment Generator (Microsoft Copilot Studio)""","adb5258f-1159-4fcf-a49e-df277ebf4437","2026-01-15T18:47:16Z","[]","[]","0dc34b52-c11d-45d6-9693-0f6b7d8556f0","null","[]","null","null","ncconline.onmicrosoft.com","AzureADMyOrg","[""AIAgentBuilder"",""AgentCreatedBy:CopilotStudio"",""AgenticApp"",""power-virtual-agents-a9a5f04d-7bed-110c-395d-54e1663986e0""]","null","null","null","[]","[]","[]","null","null","null","null","null","[]","Allow","[]","null","null","false","false"
"""ar-prod-cmn-mip-label-ETL""","3a8232b2-0a42-40e4-a1f3-3f35e0655e05","2024-07-09T14:39:06Z","[{""customKeyIdentifier"":""0035730382104199C693A7BB393D4407982E60BF"",""displayName"":""CN=fa-prod-cmn-m365ops-mip"",""endDateTime"":""2026-11-05T15:09:05Z"",""keyId"":""49796ee1-2383-4a14-95b2-36371ab0f9d2"",""startDateTime"":""2024-11-05T14:59:05Z"",""type"":""AsymmetricX509Cert"",""usage"":""Verify"",""key"":null},{""customKeyIdentifier"":""18D83FC32AAD1DD1C9CCB6335F07FA384BD6515E"",""displayName"":""CN=fa-prod-cmn-m365ops-mip"",""endDateTime"":""2026-10-09T13:46:44Z"",""keyId"":""8d63be8c-d67b-416f-bc77-735baa34e070"",""startDateTime"":""2024-10-09T13:36:45Z"",""type"":""AsymmetricX509Cert"",""usage"":""Verify"",""key"":null},{""customKeyIdentifier"":""2AD81FA8C74651379708A0FE22541CE3E62DFFE2"",""displayName"":""CN=MIP"",""endDateTime"":""2025-07-09T14:17:02Z"",""keyId"":""c22f7542-9e0a-4102-9376-e7fe4772ba2a"",""startDateTime"":""2024-07-09T14:07:03Z"",""type"":""AsymmetricX509Cert"",""usage"":""Verify"",""key"":null}]","[]","0dff8274-d44b-46d1-a8e5-68d833ce2481","null","[]","null","null","ncconline.onmicrosoft.com","AzureADMyOrg","[]","null","null","null","[]","[]","[]","null","null","null","null","null","[]","Allow","[]","null","null","false","false"
"""ar-prod-cmn-wordpress-weland""","7a160161-ef80-43b1-bf35-d8f1f71e1b47","2021-11-29T08:50:18Z","[]","[{""customKeyIdentifier"":null,""displayName"":""weland"",""endDateTime"":""2026-05-06T12:46:14.269Z"",""hint"":""A_2"",""keyId"":""a4560006-3f3a-4122-ba9b-6c3496fbdefb"",""startDateTime"":""2024-05-06T12:46:14.269Z"",""secretText"":null}]","0e00b05b-dacb-4f39-9270-dd49e3f62f48","null","[]","null","null","ncconline.onmicrosoft.com","AzureADMyOrg","[]","null","null","null","[]","[]","[]","null","null","null","null","null","[]","Allow","[""https://welandruoholahti.fi/wp-login.php""]","null","null","false","false"
"""Supplier Communications Agent - inbound (Microsoft Copilot Studio)""","aca8d024-a642-4941-99c2-9102047802ed","2025-04-29T12:33:03Z","[]","[]","0e13c350-b352-4a5e-8dc9-67882a3acd0d","null","[]","null","null","ncconline.onmicrosoft.com","AzureADMyOrg","[""AIAgentBuilder"",""AgentCreatedBy:CopilotStudio"",""AgenticApp"",""power-virtual-agents-e6e97ca2-86e1-c011-9f00-7f452c9c7c24""]","null","null","null","[]","[]","[]","null","null","null","null","null","[]","Allow","[]","null","null","false","false"
"""ar-dev-cmn-ramp-c7""","35e0496a-db95-4552-845c-e8312bc6cccc","2025-08-05T12:07:50Z","[]","[{""customKeyIdentifier"":null,""displayName"":""Ramp-AppReg-ClientSecret"",""endDateTime"":""2027-08-07T13:25:12.861Z"",""hint"":""WCz"",""keyId"":""f959329e-b238-4ffc-b272-929698695eef"",""startDateTime"":""2025-08-07T13:25:12.861Z"",""secretText"":null}]","0e1f7394-7131-4657-aecb-e60b01475407","null","[]","null","null","ncconline.onmicrosoft.com","AzureADMyOrg","[]","null","null","null","[]","[]","[]","null","null","null","null","null","[]","Allow","[]","null","null","false","false"
"""ar-prod-cmn-Digizuite-Digizuite""","588e2fe4-7245-4a19-a4f7-8997861addbd","2023-11-09T14:18:58Z","[]","[{""customKeyIdentifier"":null,""displayName"":""Digizuite prod token"",""endDateTime"":""2026-04-30T09:40:00.101Z"",""hint"":""vcs"",""keyId"":""55a0553c-4393-478a-8ed5-d350e40429aa"",""startDateTime"":""2025-11-01T10:40:00.101Z"",""secretText"":null}]","0e22ce25-d43d-47eb-9f04-378d70cf424a","null","[""api://588e2fe4-7245-4a19-a4f7-8997861addbd""]","null","ApplicationGroup","ncconline.onmicrosoft.com","AzureADMyOrg","[]","null","null","null","[]","[]","[]","null","null","null","null","null","[]","Allow","[]","https://ncc-dfo.digizuite.com/","null","false","false"
"""Copilot test (Power Virtual Agents)""","612f88e0-d1f7-4483-984d-136635616315","2024-04-03T07:00:39Z","[]","[]","0e27c727-6f17-4933-bafb-b9e7325167f6","null","[]","null","null","ncconline.onmicrosoft.com","AzureADMultipleOrgs","[""AIAgentBuilder"",""AgentCreatedBy:CopilotStudio"",""AgenticApp"",""power-virtual-agents-d4784a90-67de-44c7-81b4-45125cccbe9b""]","null","null","null","[]","[]","[]","null","null","null","null","null","[]","Allow","[]","null","null","false","false"
"""ar-dev-cmn-uam-usermanagementapi""","28ad3449-6d3d-48db-8862-6e46687d121d","2024-06-11T06:49:24Z","[]","[{""customKeyIdentifier"":null,""displayName"":""Uam_Api_ClientSecret_2024-12-10"",""endDateTime"":""2026-06-08T06:14:27.899Z"",""hint"":""Adk"",""keyId"":""f9dc7b19-7cf8-45df-9de8-feb276e4c597"",""startDateTime"":""2024-12-10T07:14:27.899Z"",""secretText"":null}]","0e2a85e2-d144-4b81-a8ee-6241555989ff","null","[""api://28ad3449-6d3d-48db-8862-6e46687d121d""]","null","null","ncconline.onmicrosoft.com","AzureADMyOrg","[]","null","null","null","[]","[]","[]","null","null","null","null","null","[]","Allow","[]","null","null","false","false"
"""ncc-tfs-NCC-prod-cmn-appiot-536512e6-44e5-4e9a-849a-33131501e63f""","99391762-5b78-486a-9e74-6b775b6badd6","2018-02-12T12:22:05Z","[]","[{""customKeyIdentifier"":null,""displayName"":null,""endDateTime"":""2020-02-12T12:22:04.9868038Z"",""hint"":null,""keyId"":""40956f45-741e-4713-9dad-5a13cf35e894"",""startDateTime"":""2018-02-12T12:22:04.9868038Z"",""secretText"":null}]","0e6aa143-55d0-4754-8253-5841a082d420","null","[""https://VisualStudio/SPNee48b740-17c4-4967-95c4-fcb2cda832f7""]","null","null","null","AzureADMyOrg","[]","null","null","null","[]","[]","[]","null","null","null","null","null","[]","Allow","[""https://VisualStudio/SPN""]","https://VisualStudio/SPN","null","true","false"
"""sc-test-ind-iam-integration-ramp""","2bc6a9ee-c047-427d-b8ce-3acc67625bc6","2023-03-06T12:42:17Z","[]","[{""customKeyIdentifier"":null,""displayName"":""Devops - IAM Integration Ramp"",""endDateTime"":""2025-03-09T09:15:08.46Z"",""hint"":""6AB"",""keyId"":""221b8484-cf3b-47d3-8e4d-f71fbf33cc0b"",""startDateTime"":""2023-03-10T09:15:08.46Z"",""secretText"":null}]","0e7d96b1-ce25-4be4-9c88-616443839aba","null","[]","null","null","ncconline.onmicrosoft.com","AzureADMyOrg","[]","null","null","null","[]","[]","[]","null","null","null","null","null","[]","Allow","[]","null","null","false","false"
"""Copilot Test (Power Virtual Agents)""","48b7119c-bdd5-4d6b-920d-ef107184aca8","2024-06-24T08:13:09Z","[]","[]","0e93635b-67d2-4cbd-ab78-8aac52c0ac5c","null","[]","null","null","ncconline.onmicrosoft.com","AzureADMultipleOrgs","[""AIAgentBuilder"",""AgentCreatedBy:CopilotStudio"",""AgenticApp"",""power-virtual-agents-11da28a9-c4c1-402b-1ad9-8a9503a756e7""]","null","null","null","[]","[]","[]","null","null","null","null","null","[]","Allow","[]","null","null","false","false"
"""ar-prod-cmn-api-mdm-test""","f61aa43b-fcc0-4ea5-a292-87bdccf2706c","2018-01-29T11:57:02Z","[]","[]","0ebd92ae-c61c-40ee-b6c6-5aea13e4c266","true","[]","null","null","null","AzureADMultipleOrgs","[]","null","null","null","[]","[]","[""https://aa-prod-cmn-api-mdm.ase02.ncc.info""]","null","null","null","null","null","[]","Allow","[]","null","null","true","false"
"""NccDevelopment-NCC Development-536512e6-44e5-4e9a-849a-33131501e63f""","73723a95-6f66-47eb-ba9f-1d6bf85a2961","2019-10-24T07:54:27Z","[]","[{""customKeyIdentifier"":null,""displayName"":""Portals_Prod_Release_Pipeline_2"",""endDateTime"":""2026-05-02T11:00:02.619Z"",""hint"":""8O_"",""keyId"":""70bfaf08-0bc4-49db-ab45-aed87172b065"",""startDateTime"":""2025-11-03T12:00:02.619Z"",""secretText"":null},{""customKeyIdentifier"":null,""displayName"":""Portals_Prod_Release_Pipeline"",""endDateTime"":""2025-10-29T12:37:29.92Z"",""hint"":""QL~"",""keyId"":""8bea15bd-0ef0-40de-a6fb-2e6d80439c74"",""startDateTime"":""2023-10-30T12:37:29.92Z"",""secretText"":null}]","0ee30af4-dd58-47ad-8b47-aa412ec9a894","null","[""https://VisualStudio/SPNf45ebbe5-e0fc-4e6c-a971-09e84f801b03""]","null","null","ncconline.onmicrosoft.com","AzureADMyOrg","[]","null","null","null","[]","[]","[]","null","null","null","null","null","[]","Allow","[""https://VisualStudio/SPN""]","https://VisualStudio/SPN","null","true","false"
"""Supplier Communications Agent - outbound (Microsoft Copilot Studio)""","ceca23d5-94e9-4e9d-9fe6-426244118d44","2025-04-28T08:17:11Z","[]","[]","0f08e333-af6d-4ee1-a55a-fd2bc984c037","null","[]","null","null","ncconline.onmicrosoft.com","AzureADMyOrg","[""AIAgentBuilder"",""AgentCreatedBy:CopilotStudio"",""AgenticApp"",""power-virtual-agents-df89c147-2113-d038-c1b2-a49b2c2bc1f0""]","null","null","null","[]","[]","[]","null","null","null","null","null","[]","Allow","[]","null","null","false","false"
"""ar-test-ind-dtc-api""","28dc98e5-76d0-47ff-b201-0bed1335b07b","2022-06-13T09:20:53Z","[]","[{""customKeyIdentifier"":null,""displayName"":""DevOps ServiceConnection Test 2024"",""endDateTime"":""2026-05-14T22:00:00Z"",""hint"":""~EQ"",""keyId"":""7defdbd8-64bd-4e84-9f29-2f013061b5ca"",""startDateTime"":""2024-05-15T10:29:43.608Z"",""secretText"":null},{""customKeyIdentifier"":null,""displayName"":""DevOps ServiceConnection for RUNWeb"",""endDateTime"":""2026-04-15T22:00:00Z"",""hint"":""fSG"",""keyId"":""e39553af-364a-40dc-a812-0f4934cca941"",""startDateTime"":""2024-04-16T13:23:31.929Z"",""secretText"":null}]","0f370784-aa3f-43f5-99bf-ef6913dabfe1","null","[]","null","null","ncconline.onmicrosoft.com","AzureADMyOrg","[]","null","null","null","[]","[]","[]","null","null","null","null","null","[]","Allow","[]","null","null","false","false"
"""Microsoft PowerApps Office Add-in""","574980d1-cd03-4277-8566-833efb88f3d4","2018-10-16T11:34:57Z","[]","[]","0f464629-f76a-492f-bfbf-c219b8a3bc5a","null","[""https://ncconline.onmicrosoft.com/097a286e-ca65-4b76-972f-bdc871e0910c""]","null","null","null","AzureADMyOrg","[]","null","null","null","[]","[]","[]","null","null","null","null","null","[]","Allow","[]","null","null","true","false"
"""AR-Uat-IND-Dynamics-DeliveryNoteService""","402a4e0f-afbe-4ae5-9df2-38d78c4ea8f7","2021-11-02T16:16:59Z","[]","[{""customKeyIdentifier"":null,""displayName"":""Deliverynoteservice_2"",""endDateTime"":""2026-01-23T15:07:19.684Z"",""hint"":""zu5"",""keyId"":""99b189c3-beb0-496a-9faa-8cb6fedaf960"",""startDateTime"":""2024-01-24T15:07:19.684Z"",""secretText"":null},{""customKeyIdentifier"":null,""displayName"":""Deliverynoteservice"",""endDateTime"":""2023-11-08T14:14:27.741Z"",""hint"":""RNa"",""keyId"":""a2e0eb6c-579a-40d5-8399-997c8357d94e"",""startDateTime"":""2021-11-08T14:14:27.741Z"",""secretText"":null}]","0f718245-e016-4e58-ad71-adddce7cc30d","null","[]","null","null","ncconline.onmicrosoft.com","AzureADMyOrg","[]","null","null","null","[]","[]","[]","null","null","null","null","null","[]","Allow","[]","null","null","false","false"
"""ar-prod-uam-cds-integration-api""","23a49cca-159b-487c-a080-1af38ce902b4","2025-03-20T15:29:46Z","[]","[]","0f9d1226-0f4b-4898-95a0-c23e3a2e60c0","null","[""api://23a49cca-159b-487c-a080-1af38ce902b4""]","null","null","ncconline.onmicrosoft.com","AzureADMyOrg","[]","null","null","null","[]","[]","[]","null","null","null","null","null","[]","Allow","[]","null","null","false","false"
"""Quality Evaluation Agent - Incident (Microsoft Copilot Studio)""","c4c93528-e3fd-4214-8f42-251f73247cfc","2025-08-04T23:48:26Z","[]","[]","0f9fb122-ebfc-46b0-9432-aee549784b9c","null","[]","null","null","ncconline.onmicrosoft.com","AzureADMyOrg","[""AIAgentBuilder"",""AgentCreatedBy:CopilotStudio"",""AgenticApp"",""power-virtual-agents-eaf0f84e-412d-de1a-7334-cce5dd9a1311""]","null","null","null","[]","[]","[]","null","null","null","null","null","[]","Allow","[]","null","null","false","false"
"""D365 Sales Agent - Stakeholder Research (Microsoft Copilot Studio)""","8030152d-1fcc-449a-aa36-88405b877b1d","2025-11-20T19:25:52Z","[]","[]","0fb4bc5e-0d25-4e56-aa63-03b2e77b870e","null","[]","null","null","ncconline.onmicrosoft.com","AzureADMyOrg","[""AIAgentBuilder"",""AgentCreatedBy:CopilotStudio"",""AgenticApp"",""power-virtual-agents-38af9154-0906-53ca-fc99-57b12ba485eb""]","null","null","null","[]","[]","[]","null","null","null","null","null","[]","Allow","[]","null","null","false","false"
"""ar-dev-ind-blasting-deployment""","37fa2849-f905-4e2d-8514-739fab88d370","2021-12-14T08:05:53Z","[]","[{""customKeyIdentifier"":null,""displayName"":""DevOpsPipeline2025"",""endDateTime"":""2027-01-07T11:29:46.316Z"",""hint"":""O4q"",""keyId"":""ada57396-3dfe-4783-8d83-d72e12cb5d4e"",""startDateTime"":""2025-01-07T11:29:46.316Z"",""secretText"":null}]","0fc27c4b-a28a-4703-b368-b6001e218b40","null","[]","null","null","ncconline.onmicrosoft.com","AzureADMyOrg","[]","null","null","null","[]","[]","[]","null","null","null","null","null","[]","Allow","[]","null","null","false","false"
"""ar-prod-cmn-bitTitan-MigrationWiz""","6fe35190-aeb5-4e98-94af-fd2a44016f23","2022-10-13T16:05:04Z","[]","[]","0fdc7cac-295a-4ebb-8c69-c6b074c0a129","true","[]","null","null","ncconline.onmicrosoft.com","AzureADMultipleOrgs","[]","null","null","null","[]","[]","[""urn:ietf:wg:oauth:2.0:oob""]","null","null","null","null","null","[]","Allow","[]","null","null","false","false"
"""ar-test-cmn-ramp-supplierservice24""","2f459a4f-152f-4126-943d-d9a3ddc55cfb","2024-08-30T09:05:09Z","[]","[{""customKeyIdentifier"":null,""displayName"":""Secret for accessing DataFoundation APIs"",""endDateTime"":""2027-02-03T07:17:49.828Z"",""hint"":""TTw"",""keyId"":""c6d25814-2b49-4cd5-8466-e60df0921486"",""startDateTime"":""2025-02-03T07:17:49.828Z"",""secretText"":null},{""customKeyIdentifier"":null,""displayName"":""ServiceBus-ClientSecret"",""endDateTime"":""2027-02-03T07:17:23.904Z"",""hint"":""J6l"",""keyId"":""ba755c23-e06e-41a5-9485-b9d980e57717"",""startDateTime"":""2025-02-03T07:17:23.904Z"",""secretText"":null},{""customKeyIdentifier"":null,""displayName"":""SupplierService24-AppReg-Ramp-ClientSecret"",""endDateTime"":""2027-01-16T09:14:17.71Z"",""hint"":""kqj"",""keyId"":""cd75d23f-e18b-4ad0-9354-df68b70132a6"",""startDateTime"":""2025-01-16T09:14:17.71Z"",""secretText"":null}]","0fe4d105-6211-4001-987a-e3c01d317385","null","[]","null","null","ncconline.onmicrosoft.com","AzureADMyOrg","[]","null","null","null","[]","[]","[]","null","null","null","null","null","[]","Allow","[]","null","null","false","false"
"""ar-prod-cmn-nhip-nodinite-su057""","455a2c60-363d-46e8-b965-040439c62d9b","2024-08-07T12:37:34Z","[]","[{""customKeyIdentifier"":null,""displayName"":""Nodinite 2024 prod su57"",""endDateTime"":""2026-08-15T07:19:49.996Z"",""hint"":""lcu"",""keyId"":""1850d59e-c8fd-4556-8f40-d18b36f38113"",""startDateTime"":""2024-08-15T07:19:49.996Z"",""secretText"":null}]","104473c1-ce73-4b85-b28f-f2771bd0b840","null","[]","null","null","ncconline.onmicrosoft.com","AzureADMyOrg","[]","null","null","null","[]","[]","[]","null","null","null","null","null","[]","Allow","[]","null","null","false","false"
"""ncc-tfs-NCC-prod-cmn-appiot-536512e6-44e5-4e9a-849a-33131501e63f""","bb8e148f-51d8-43b1-909a-fce5a4c4d717","2018-06-11T09:01:35Z","[]","[{""customKeyIdentifier"":null,""displayName"":null,""endDateTime"":""2020-06-11T09:01:34.9230509Z"",""hint"":null,""keyId"":""4c0fe55a-1dcc-4148-ab3b-ec7268aad17a"",""startDateTime"":""2018-06-11T09:01:34.9230509Z"",""secretText"":null}]","104d443c-02ee-4131-81ce-6af837d90db7","null","[""https://VisualStudio/SPN0ab5c111-3f95-4a53-a7ba-5adaa73061a0""]","null","null","null","AzureADMyOrg","[]","null","null","null","[]","[]","[]","null","null","null","null","null","[]","Allow","[""https://VisualStudio/SPN""]","https://VisualStudio/SPN","null","true","false"
"""D365 Sales Agent - Company Resolver (Microsoft Copilot Studio)""","3abdd0ed-949c-4b4e-8026-ebe74e8bcda2","2025-11-24T18:32:38Z","[]","[]","10711a0c-4832-46b6-9fbe-054ff2379741","null","[]","null","null","ncconline.onmicrosoft.com","AzureADMyOrg","[""AIAgentBuilder"",""AgentCreatedBy:CopilotStudio"",""AgenticApp"",""power-virtual-agents-b75b7f26-c5fe-ecdf-8b97-1f51c6c22269""]","null","null","null","[]","[]","[]","null","null","null","null","null","[]","Allow","[]","null","null","false","false"
"""AR-PROD-CMN-STEP_DA_SP""","38f6fe39-aeb5-451f-adf2-3370a77a631a","2020-10-15T03:36:07Z","[]","[{""customKeyIdentifier"":null,""displayName"":""Password uploaded on Mon Dec 05 2022"",""endDateTime"":""2024-12-05T08:16:03.84Z"",""hint"":""ZzN"",""keyId"":""4444ddbb-a0fe-4f77-a9d4-2e793ad7cc5e"",""startDateTime"":""2022-12-05T08:16:03.84Z"",""secretText"":null}]","10812584-a668-4334-90ad-e26c923568c8","null","[]","null","null","ncconline.onmicrosoft.com","AzureADMyOrg","[]","null","null","null","[]","[]","[]","null","null","null","null","null","[]","Allow","[]","null","null","false","false"
"""Sales Copilot Power Virtual Agents Bot (Microsoft Copilot Studio)""","f77aaf53-b5be-4d5c-9a66-004c23bf7d70","2025-01-21T08:39:19Z","[]","[]","10889903-e34c-48e5-a3aa-d74a856fa01f","null","[]","null","null","ncconline.onmicrosoft.com","AzureADMyOrg","[""AIAgentBuilder"",""AgentCreatedBy:CopilotStudio"",""AgenticApp"",""power-virtual-agents-5f02f4e5-2caa-2e3b-651e-24c95528af39""]","null","null","null","[]","[]","[]","null","null","null","null","null","[]","Allow","[]","null","null","false","false"
"""Demo EAS (Microsoft Copilot Studio)""","45de103e-ca7a-4de5-a5e1-7a381580e090","2025-04-09T11:08:57Z","[]","[]","109ddee3-ced0-49a8-ace7-7b387f9411bd","null","[]","null","null","ncconline.onmicrosoft.com","AzureADMyOrg","[""AIAgentBuilder"",""AgentCreatedBy:CopilotStudio"",""AgenticApp"",""power-virtual-agents-83980237-ef20-2822-ab5f-1c58517eebb9""]","null","null","null","[]","[]","[]","null","null","null","null","null","[]","Allow","[]","null","null","false","false"
"""wa-prod-inf-masscontrol-fullversion""","6ff24984-5870-4e33-86ee-1c1494f85c1d","2017-09-04T08:21:14Z","[]","[{""customKeyIdentifier"":null,""displayName"":""Password uploaded on Fri May 22 2020"",""endDateTime"":""2299-12-30T23:00:00Z"",""hint"":""Jr7"",""keyId"":""6b46f24e-3730-4afb-977c-e621a73b14c9"",""startDateTime"":""2020-05-22T13:27:53.808Z"",""secretText"":null}]","10a1b4a0-a1f8-45fd-ab79-ed3f53bb4a83","false","[""https://ncconline.onmicrosoft.com/c7d5d21a-788d-4a91-8db4-320e8661ea2a""]","null","null","null","AzureADMyOrg","[]","null","null","null","[]","[]","[]","null","null","null","null","null","[]","Allow","[""https://wa-prod-inf-masscontrol.ase-prod-cmn-ase01.p.azurewebsites.net/.auth/login/aad/callback"",""http://wa-prod-inf-masscontrol-fullversion""]","http://wa-prod-inf-masscontrol-fullversion","null","true","false"
"""NccDevelopment-NCC Development-536512e6-44e5-4e9a-849a-33131501e63f""","d6cb1464-23d9-42b9-a790-65839426c609","2019-08-23T13:01:25Z","[]","[{""customKeyIdentifier"":null,""displayName"":null,""endDateTime"":""2021-08-23T13:01:25.0422587Z"",""hint"":null,""keyId"":""cd529168-7e06-492f-b90e-34daeaa1ac80"",""startDateTime"":""2019-08-23T13:01:25.0422587Z"",""secretText"":null}]","10ce37b3-ed4a-4db0-b92e-56ba12da0870","null","[""https://VisualStudio/SPN6f6da67f-87e9-4f88-b532-e233bf0d70b3""]","null","null","ncconline.onmicrosoft.com","AzureADMyOrg","[]","null","null","null","[]","[]","[]","null","null","null","null","null","[]","Allow","[""https://VisualStudio/SPN""]","https://VisualStudio/SPN","null","true","false"
"""D365 Sales FIRE Agent - Rating Generator (Microsoft Copilot Studio)""","8a02749b-42e8-4c68-807f-e39a814b9ba3","2025-06-28T13:04:57Z","[]","[]","10ece5a7-ddde-4fa2-842d-3dc4d1f654ef","null","[]","null","null","ncconline.onmicrosoft.com","AzureADMyOrg","[""AIAgentBuilder"",""AgentCreatedBy:CopilotStudio"",""AgenticApp"",""power-virtual-agents-23495e73-578f-747f-1ff4-ebc84b6ed14c""]","null","null","null","[]","[]","[]","null","null","null","null","null","[]","Allow","[]","null","null","false","false"
"""aa-cmn-poc-customer-aad""","1c308ab8-8b2d-451a-8b7d-0cf6312c2dfe","2016-06-21T12:39:28Z","[]","[{""customKeyIdentifier"":null,""displayName"":null,""endDateTime"":""2017-06-21T12:40:04.0790503Z"",""hint"":null,""keyId"":""029dbaa3-f2c0-46c3-8c62-25a4e572db26"",""startDateTime"":""2016-06-21T12:40:04.0790503Z"",""secretText"":null}]","11295ca2-2025-4256-9018-69bd4eab0201","null","[""http://aa-cmn-poc-customer-aad.azurewebsites.net""]","null","null","null","AzureADMyOrg","[]","null","null","null","[]","[]","[]","null","null","null","null","null","[]","Allow","[""http://aa-cmn-poc-customer-aad.azurewebsites.net""]","http://aa-cmn-poc-customer-aad.azurewebsites.net","null","true","false"
"""ar-dev-cmn-wvdbaseline-aib""","c75fe7dc-fa35-48b5-bea0-0ab50c52aafd","2020-11-24T14:27:49Z","[]","[{""customKeyIdentifier"":null,""displayName"":""sedangre-local"",""endDateTime"":""2022-01-04T08:16:34.984Z"",""hint"":""CH_"",""keyId"":""e906f83b-853d-4d9b-956a-a2d3fcf82947"",""startDateTime"":""2021-01-04T08:16:43.521Z"",""secretText"":null},{""customKeyIdentifier"":null,""displayName"":""azdo-cmn-cloudoperations"",""endDateTime"":""2022-12-01T14:54:39.748Z"",""hint"":""jat"",""keyId"":""518cc8fd-64a0-49ae-8ef8-12d8f77cb2b5"",""startDateTime"":""2020-12-01T14:54:57.692Z"",""secretText"":null}]","116071aa-02bf-4498-a103-f756dd163ff8","null","[]","null","null","ncconline.onmicrosoft.com","AzureADMyOrg","[]","null","null","null","[]","[]","[]","null","null","null","null","null","[]","Allow","[]","null","null","false","false"
"""ar-prod-cmn-nhip-biztalk""","09b1e1f0-fb4e-4b88-9019-27a51e653b6c","2018-01-29T11:58:47Z","[]","[{""customKeyIdentifier"":null,""displayName"":""Nhip_Biztalk_prod"",""endDateTime"":""2299-12-30T23:00:00Z"",""hint"":""XLq"",""keyId"":""9738b5bf-ab32-45cc-afec-5bce62983eb3"",""startDateTime"":""2021-02-01T10:13:03.77Z"",""secretText"":null}]","1167e5a5-9219-43fb-922d-0cfe6c83cdb4","true","[]","null","null","null","AzureADMultipleOrgs","[]","null","null","null","[]","[]","[""https://aa-prod-cmn-api-mdm.ase02.ncc.info""]","null","null","null","null","null","[]","Allow","[]","null","null","true","false"
"""ar-dev-cmn-foresee""","af93d616-a060-4fe4-ba30-18bfe7384fff","2020-08-24T08:54:18Z","[]","[{""customKeyIdentifier"":null,""displayName"":""ForAzureDevOps"",""endDateTime"":""2299-12-30T23:00:00Z"",""hint"":""IlB"",""keyId"":""1312e92f-539f-4cdf-af91-68b478a45cc6"",""startDateTime"":""2020-09-23T11:06:00.587Z"",""secretText"":null},{""customKeyIdentifier"":null,""displayName"":""ForPowerShell"",""endDateTime"":""2299-12-30T23:00:00Z"",""hint"":""x~8"",""keyId"":""ebfd34d5-0e99-44f2-8a30-3781f4ba42a3"",""startDateTime"":""2020-09-22T12:50:27.777Z"",""secretText"":null},{""customKeyIdentifier"":null,""displayName"":""LAAccessKeyVault"",""endDateTime"":""2299-12-30T23:00:00Z"",""hint"":"".93"",""keyId"":""cdaaa990-2a34-476d-95e6-fd159e301203"",""startDateTime"":""2020-09-21T15:48:19.312Z"",""secretText"":null},{""customKeyIdentifier"":null,""displayName"":""CEAccessKeyVault"",""endDateTime"":""2299-12-30T23:00:00Z"",""hint"":""t_0"",""keyId"":""dca4486f-5920-42df-915b-76bb5fe2f349"",""startDateTime"":""2020-09-21T10:36:35.479Z"",""secretText"":null},{""customKeyIdentifier"":null,""displayName"":""FOAccessKeyVault"",""endDateTime"":""2299-12-30T23:00:00Z"",""hint"":""MeC"",""keyId"":""b0c101b6-465a-4d1f-a01c-f6c5a7b32241"",""startDateTime"":""2020-09-21T10:36:07.883Z"",""secretText"":null}]","116c8501-4e3c-424b-8a96-7fec2eeac3e7","null","[]","null","null","ncconline.onmicrosoft.com","AzureADMyOrg","[]","null","null","null","[]","[]","[]","null","null","null","null","null","[]","Allow","[]","null","null","false","false"
"""Planering&logistik-roboten (Power Virtual Agents)""","9f4fe5d9-32cc-4cff-8b1a-76f2099cc5f5","2023-06-16T07:17:02Z","[]","[]","11782c45-3e5e-4b9d-ba8b-a6f8b739ef9b","null","[]","null","null","ncconline.onmicrosoft.com","AzureADMultipleOrgs","[""AIAgentBuilder"",""AgentCreatedBy:CopilotStudio"",""AgenticApp"",""power-virtual-agents-ecf328f1-6b3b-433e-b79e-9f0863d256d6""]","null","null","null","[]","[]","[]","null","null","null","null","null","[]","Allow","[]","null","null","false","false"
"""api-dev-cmn-apiapp01""","a5a36bef-dbf7-4596-b1d4-b7780569311d","2016-10-17T08:25:12Z","[]","[]","11926680-cbab-4ff2-bd61-a7251e435491","null","[""https://api-dev-cmn-apiapp01.ase-dev-cmn-pocase01.p.azurewebsites.net""]","null","null","null","AzureADMyOrg","[]","null","null","null","[]","[]","[]","null","null","null","null","null","[]","Allow","[""https://api-dev-cmn-apiapp01.ase-dev-cmn-pocase01.p.azurewebsites.net""]","https://api-dev-cmn-apiapp01.ase-dev-cmn-pocase01.p.azurewebsites.net","null","true","false"
"""ar-prod-cmn-intranet-newsfeed""","e27c512e-71b6-494c-8c48-6a808f9e8ef7","2018-05-09T11:25:03Z","[]","[{""customKeyIdentifier"":""awBlAHkA"",""displayName"":null,""endDateTime"":""2299-12-30T23:00:00Z"",""hint"":null,""keyId"":""3d81c096-81df-4b7a-8243-ac34eccfd00d"",""startDateTime"":""2018-05-09T11:25:44.0633548Z"",""secretText"":null}]","11c09e54-1b02-4a54-84c1-962b0fb5768d","false","[""https://ncconline.onmicrosoft.com/a33fa909-4b4a-4bb4-9dca-b85660c67706""]","null","null","null","AzureADMultipleOrgs","[]","null","null","null","[]","[]","[]","null","null","null","null","null","[]","Allow","[""http://notinuse""]","http://notinuse","null","true","false"
"""ncc-tfs-NCC-prod-cmn-appiot-536512e6-44e5-4e9a-849a-33131501e63f""","f947512f-c509-4f82-bde7-2c8dbdc6b67b","2017-11-06T10:11:00Z","[]","[{""customKeyIdentifier"":null,""displayName"":null,""endDateTime"":""2019-11-06T10:11:00.629248Z"",""hint"":null,""keyId"":""cdb12760-6bb1-4bd2-b1ad-06df0c8d27fa"",""startDateTime"":""2017-11-06T10:11:00.629248Z"",""secretText"":null}]","11e1424a-2347-4bf3-8eaa-9f5268aed93f","null","[""https://VisualStudio/SPN95070567-696c-449b-a2e8-4713e757f06f""]","null","null","null","AzureADMyOrg","[]","null","null","null","[]","[]","[]","null","null","null","null","null","[]","Allow","[""https://VisualStudio/SPN""]","https://VisualStudio/SPN","null","true","false"
"""NccDevelopment-Construction Connector-536512e6-44e5-4e9a-849a-33131501e63f""","37ed1b3e-5230-4ef0-ad90-e91a0001eaa8","2024-04-18T11:47:02Z","[]","[]","125631d4-cf51-4ba9-82bd-7df4e35e89e6","null","[]","null","null","ncconline.onmicrosoft.com","AzureADMyOrg","[]","null","null","null","[]","[]","[]","null","null","null","null","null","[]","Allow","[]","null","null","false","false"
"""NccDevelopment-Industry-Stone-Sampling-7be28d4d-ee49-45d0-b8f0-aab24fbc9c25""","af0d19cb-6f53-48b0-83a3-eaafd6570f13","2021-09-06T07:16:02Z","[]","[{""customKeyIdentifier"":null,""displayName"":""DevOps2025"",""endDateTime"":""2027-08-19T09:15:00.618Z"",""hint"":""QRO"",""keyId"":""dfc4aaa4-9691-4bc9-9806-06951f27d6eb"",""startDateTime"":""2025-08-19T09:15:00.618Z"",""secretText"":null}]","1260f180-6b72-416e-ab83-3c727bcac32e","null","[]","null","null","ncconline.onmicrosoft.com","AzureADMyOrg","[]","null","null","null","[]","[]","[]","null","null","null","null","null","[]","Allow","[""https://VisualStudio/SPN""]","https://VisualStudio/SPN","null","true","false"
"""Supplier Communications Agent - inbound (Microsoft Copilot Studio)""","b5ee9fbe-7752-4b08-9453-e8bf4a049c93","2025-06-10T09:20:50Z","[]","[]","129f5bf2-c775-44be-b6a6-95a2f257ba9c","null","[]","null","null","ncconline.onmicrosoft.com","AzureADMyOrg","[""AIAgentBuilder"",""AgentCreatedBy:CopilotStudio"",""AgenticApp"",""power-virtual-agents-fbca26da-74eb-48fb-bed8-5fc1c213955b""]","null","null","null","[]","[]","[]","null","null","null","null","null","[]","Allow","[]","null","null","false","false"
"""ar-test-cmn-ramp-cds""","3cb3b39e-4e96-40d9-90f6-19f35fa552fe","2023-11-06T14:14:56Z","[]","[{""customKeyIdentifier"":null,""displayName"":""EventToCorpAPI-ClientSecret"",""endDateTime"":""2027-11-19T12:09:11.351Z"",""hint"":""CeW"",""keyId"":""ab196f0c-351c-4d4f-8178-6893e0d0c3e3"",""startDateTime"":""2025-11-19T12:09:11.351Z"",""secretText"":null},{""customKeyIdentifier"":null,""displayName"":""ServiceBus-ClientSecret"",""endDateTime"":""2027-11-19T12:08:05.515Z"",""hint"":""oiJ"",""keyId"":""fd7e538c-720c-4576-a621-c45678d4f3ed"",""startDateTime"":""2025-11-19T12:08:05.515Z"",""secretText"":null},{""customKeyIdentifier"":null,""displayName"":""GlobalIdService-ClientSecret"",""endDateTime"":""2027-11-19T12:07:10.906Z"",""hint"":""2EI"",""keyId"":""79f6a479-352b-4798-a601-83b25bc3c90e"",""startDateTime"":""2025-11-19T12:07:10.906Z"",""secretText"":null}]","12b04afa-626b-4abc-8697-fa127b67204d","null","[]","null","null","ncconline.onmicrosoft.com","AzureADMyOrg","[]","null","null","null","[]","[]","[]","null","null","null","null","null","[]","Allow","[]","null","null","false","false"
"""ar-prod-cmn-contract-management-logAnalytics-client""","2f088340-b9da-4ff7-a203-31197efdb0c2","2022-11-29T13:54:29Z","[]","[{""customKeyIdentifier"":null,""displayName"":""logAnatlytics CCM 2025"",""endDateTime"":""2026-05-19T07:19:18.717Z"",""hint"":""4MR"",""keyId"":""833784e3-ca39-40b4-9b6f-5d8f4de7613c"",""startDateTime"":""2025-05-19T07:19:18.717Z"",""secretText"":null}]","12b167cd-77d1-41da-b29b-2530a79685f0","null","[]","null","null","ncconline.onmicrosoft.com","AzureADMyOrg","[]","null","null","null","[]","[]","[]","null","null","null","null","null","[]","Allow","[]","null","null","false","false"
"""ar-test-cmn-ramp-projectservice""","45bfe268-b6aa-4c57-bb60-c3c01f8406fe","2023-05-26T13:47:05Z","[]","[{""customKeyIdentifier"":null,""displayName"":""Secret for accessing ProjectService ServiceBus"",""endDateTime"":""2026-10-29T13:54:52.436Z"",""hint"":""7lO"",""keyId"":""873c817d-37ac-466f-bd4d-20d3737a13c9"",""startDateTime"":""2025-10-29T13:54:52.436Z"",""secretText"":null},{""customKeyIdentifier"":null,""displayName"":""Secret for accessing Global Id service as contributor"",""endDateTime"":""2026-10-29T13:51:38.49Z"",""hint"":""orv"",""keyId"":""5292e1b7-60fb-4860-94c9-e4885b89b0c3"",""startDateTime"":""2025-10-29T13:51:38.49Z"",""secretText"":null},{""customKeyIdentifier"":null,""displayName"":""Secret for accessing EventToCorp/PublishProject"",""endDateTime"":""2026-10-29T13:49:00.166Z"",""hint"":""3RR"",""keyId"":""13f1188d-5c7a-49e4-bb11-81c13241f60b"",""startDateTime"":""2025-10-29T13:49:00.166Z"",""secretText"":null},{""customKeyIdentifier"":null,""displayName"":""Secret for accessing project service API"",""endDateTime"":""2026-10-29T13:46:43.383Z"",""hint"":""luq"",""keyId"":""54198b00-b32f-49a3-a46b-ff12539513d0"",""startDateTime"":""2025-10-29T13:46:43.383Z"",""secretText"":null},{""customKeyIdentifier"":null,""displayName"":""Secret for accessing DataFoundation APIs"",""endDateTime"":""2026-03-25T15:07:22.182Z"",""hint"":""Zpb"",""keyId"":""93b227a7-59fe-495c-8ec5-14c368c1093e"",""startDateTime"":""2024-03-25T15:07:22.182Z"",""secretText"":null},{""customKeyIdentifier"":null,""displayName"":""Secret for accessing EventToCorp/PublishProjectStatus"",""endDateTime"":""2026-02-06T10:36:42.733Z"",""hint"":""I3h"",""keyId"":""b6e34902-6fa6-4a5b-b0f1-3dd2403b3aa5"",""startDateTime"":""2024-02-07T10:36:42.733Z"",""secretText"":null}]","12bbe230-cfaa-4d6d-854b-492d7c6c00c5","null","[]","null","null","ncconline.onmicrosoft.com","AzureADMyOrg","[]","null","null","null","[]","[]","[]","null","null","null","null","null","[]","Allow","[]","null","null","false","false"
"""The fee Agent (Microsoft Copilot Studio)""","027d057d-0e8c-4dd8-a311-88837875da87","2025-04-09T13:18:42Z","[]","[]","12cbd7b2-5956-49a8-adde-76fc2d91cd38","null","[]","null","null","ncconline.onmicrosoft.com","AzureADMyOrg","[""AIAgentBuilder"",""AgentCreatedBy:CopilotStudio"",""AgenticApp"",""power-virtual-agents-71c104b5-19c1-ab43-251f-a1e53193663f""]","null","null","null","[]","[]","[]","null","null","null","null","null","[]","Allow","[]","null","null","false","false"
"""Account reconciliation amounts (Microsoft Copilot Studio)""","5541a538-d493-4f48-beae-e1deb9da4282","2025-10-02T23:38:47Z","[]","[]","12f69854-8c82-475d-97de-8ef5c801f0f1","null","[]","null","null","ncconline.onmicrosoft.com","AzureADMyOrg","[""AIAgentBuilder"",""AgentCreatedBy:CopilotStudio"",""AgenticApp"",""power-virtual-agents-c418def7-5350-ce3e-2edf-0d608b377a13""]","null","null","null","[]","[]","[]","null","null","null","null","null","[]","Allow","[]","null","null","false","false"
"""ar-prod-cmn-wordpress-forma""","e38ff1dd-c715-4047-b336-3b77b3eeb2bb","2022-04-22T11:46:16Z","[]","[{""customKeyIdentifier"":null,""displayName"":""AuthenticationKey"",""endDateTime"":""2022-10-22T11:52:46.547Z"",""hint"":""Zbh"",""keyId"":""72bee08f-3c69-41e1-8318-ac433ea9c8b7"",""startDateTime"":""2022-04-22T11:52:46.547Z"",""secretText"":null}]","1301e1b1-91e7-4b62-82a4-2f3d950f94f7","null","[]","null","null","ncconline.onmicrosoft.com","AzureADMyOrg","[]","null","null","null","[]","[]","[]","null","null","null","null","null","[]","Allow","[]","null","null","false","false"
"""wa-prod-cmn-montage""","8a958b93-4fee-42f8-854f-cba5d9eb4f2e","2018-06-12T07:25:35Z","[]","[{""customKeyIdentifier"":""UwBlAGMAcgBlAHQASwBlAHkA"",""displayName"":null,""endDateTime"":""2299-12-30T23:00:00Z"",""hint"":null,""keyId"":""fe282cbe-941f-4726-9d75-2707b428f646"",""startDateTime"":""2018-06-12T08:51:58.9190239Z"",""secretText"":null}]","1348df5c-d63c-43c1-94a1-a0a8f5bab191","false","[""https://ncconline.onmicrosoft.com/06326b9c-b71b-46d2-b499-c73a2e02d814""]","null","null","null","AzureADMyOrg","[]","null","null","null","[]","[]","[]","null","null","null","null","null","[]","Allow","[""http://notinuse""]","http://notinuse","null","true","false"
"""AzureDevOps_cmn_integration_dev""","9c429eee-285f-4927-80b5-e2ebc587d609","2019-03-21T07:11:34Z","[]","[{""customKeyIdentifier"":null,""displayName"":""devops_dev_key_2025"",""endDateTime"":""2027-05-16T12:07:53.472Z"",""hint"":""sQz"",""keyId"":""6883a587-97cc-4172-8b79-90b86ff79585"",""startDateTime"":""2025-05-16T12:07:53.472Z"",""secretText"":null},{""customKeyIdentifier"":""ZABlAHYAbwBwAHMAXwBkAGUAdgBfAGsAZQB5AA=="",""displayName"":null,""endDateTime"":""2299-12-30T22:00:00Z"",""hint"":null,""keyId"":""e72edba2-67d3-4163-aa75-7e9ac7cf485e"",""startDateTime"":""2019-03-21T07:13:04.6692346Z"",""secretText"":null}]","134edeb2-efd1-455d-bf56-8f2828b73a77","false","[""https://ncconline.onmicrosoft.com/7595baf2-340f-4ecb-9fe5-fa7b08b12dd3""]","null","null","ncconline.onmicrosoft.com","AzureADMyOrg","[""notApiConsumer"",""webApi""]","null","null","null","[]","[]","[]","null","null","null","null","null","[]","Allow","[""https://VisualStudio/SPN""]","https://VisualStudio/SPN","null","true","false"
"""ETWeb PROD""","4e19e4c9-16b1-4e24-8db4-00be1c1c0546","2020-02-28T15:14:30Z","[]","[]","136e0f36-8eb5-481b-9956-3511e76dd767","false","[""https://cmnwb12.adroot.net/ETWeb11Prod/LoginProvider/SAMLProvider.aspx""]","null","null","ncconline.onmicrosoft.com","AzureADMyOrg","[]","null","null","null","[]","[]","[]","null","null","null","null","null","[]","Allow","[""https://cmnwb12.adroot.net/ETWeb11Prod/LoginProvider/SAMLProvider.aspx""]","https://account.activedirectory.windowsazure.com:444/applications/default.aspx?metadata=customappsso|ISV9.1|primary|z","null","true","false"
"""Mediabank""","eb37d7b1-ffb5-477e-a1c4-8a3fba00ac4d","2024-03-07T13:10:42Z","[]","[]","139490f6-a38e-4161-8df1-47c00cf98d43","null","[""https://ncconline.onmicrosoft.com/c4e7bf7d-d327-4445-b44b-ae6a7c3748d0""]","null","null","ncconline.onmicrosoft.com","AzureADMyOrg","[]","null","null","null","[]","[]","[]","null","null","null","null","null","[]","Allow","[]","null","null","false","false"
"""sc-ind-dev-AzureConsumption""","e112954e-6bda-461f-81da-f07e3807bab6","2022-03-29T08:26:33Z","[]","[{""customKeyIdentifier"":null,""displayName"":""Devops Service Connection"",""endDateTime"":""2024-03-29T09:57:46.702Z"",""hint"":""D-d"",""keyId"":""30ed587f-ee55-4d8c-a33a-d25ac5ec1d07"",""startDateTime"":""2022-03-29T08:57:46.702Z"",""secretText"":null}]","1397a095-4933-42da-89a9-379b8f66fc38","null","[]","null","null","ncconline.onmicrosoft.com","AzureADMyOrg","[]","null","null","null","[]","[]","[]","null","null","null","null","null","[]","Allow","[]","null","null","false","false"
"""NccDevelopment-Delivery App-58a3f703-f066-4844-836f-9e187964b042""","8227021c-71a9-4833-b090-54474fcf2bb4","2024-10-23T13:05:11Z","[]","[]","13c615dc-62b8-411f-b694-c5eef05a75ee","null","[]","null","null","ncconline.onmicrosoft.com","AzureADMyOrg","[]","null","null","null","[]","[]","[]","null","null","null","null","null","[]","Allow","[]","null","null","false","false"
"""ar-prod-cmn-wordpress-Beam""","9d9c5fe7-5667-4daa-bb81-653c75091d52","2022-09-16T13:14:19Z","[]","[{""customKeyIdentifier"":null,""displayName"":""AD login"",""endDateTime"":""2026-07-12T15:30:44.448Z"",""hint"":""lsX"",""keyId"":""0ec64a62-8a15-46e1-91b3-eb73ed08c40d"",""startDateTime"":""2026-01-13T16:30:44.448Z"",""secretText"":null},{""customKeyIdentifier"":null,""displayName"":""AD Login"",""endDateTime"":""2026-02-11T09:38:01.329Z"",""hint"":""xQ8"",""keyId"":""b89e4a9e-c034-4146-a1fe-4a3c690e11db"",""startDateTime"":""2025-08-15T08:38:01.329Z"",""secretText"":null}]","142a5c5d-b21c-4846-8c3f-289667d0af14","null","[]","null","null","ncconline.onmicrosoft.com","AzureADMyOrg","[]","null","null","null","[]","[]","[]","null","null","null","null","null","[]","Allow","[""https://beamkeilaniemi.fi/wp""]","null","null","false","false"
"""ar-test-ind-blasting-deployment""","a394725e-e983-4bc6-9b2a-cb1158d0c95b","2022-09-21T13:22:47Z","[]","[{""customKeyIdentifier"":null,""displayName"":""DevOps2024"",""endDateTime"":""2026-09-05T05:51:51.31Z"",""hint"":""ILY"",""keyId"":""14223a4b-7bf6-45bf-9b10-402b5da4e394"",""startDateTime"":""2024-09-05T05:51:51.31Z"",""secretText"":null}]","14395feb-76f5-42c0-b0c6-a033e1a0f9cb","null","[]","null","null","ncconline.onmicrosoft.com","AzureADMyOrg","[]","null","null","null","[]","[]","[]","null","null","null","null","null","[]","Allow","[]","null","null","false","false"
"""Agent 1 (Microsoft Copilot Studio)""","d7dc94c1-e3a8-40c7-b47c-fe556871d870","2025-12-09T12:18:22Z","[]","[]","1451d117-af3d-43f9-8734-b433cc9eb478","null","[]","null","null","ncconline.onmicrosoft.com","AzureADMyOrg","[""AIAgentBuilder"",""AgentCreatedBy:CopilotStudio"",""AgenticApp"",""power-virtual-agents-1f9c7905-de93-45a7-ca8f-8f5455a191e5""]","null","null","null","[]","[]","[]","null","null","null","null","null","[]","Allow","[]","null","null","false","false"
"""ar-prod-cmn-wordpress-oopsespoo""","353102e7-742f-414c-838a-6a5a4b8424e9","2019-08-13T10:43:25Z","[]","[{""customKeyIdentifier"":null,""displayName"":""aad-sso-wp-20220601"",""endDateTime"":""2025-02-15T12:46:24.634Z"",""hint"":""ayg"",""keyId"":""e2b191fb-d76d-4564-b318-423afad2a413"",""startDateTime"":""2024-08-19T11:46:24.634Z"",""secretText"":null},{""customKeyIdentifier"":null,""displayName"":""aad-sso-wp-20220601"",""endDateTime"":""2023-12-01T13:53:14.861Z"",""hint"":""xWu"",""keyId"":""769f0ed4-f341-40d0-8e21-0ec75a14e1e2"",""startDateTime"":""2022-06-01T12:53:14.861Z"",""secretText"":null}]","1460052e-fae5-4846-835b-a7244fed4d48","null","[]","null","null","ncconline.onmicrosoft.com","AzureADMyOrg","[]","null","null","null","[]","[]","[]","null","null","null","null","null","[]","Allow","[""https://oopsespoo.fi/wp-login.php""]","null","null","false","false"
"""ar-devb-cmn-helix""","10bd1c98-e146-42af-b3dc-a7e74f040537","2025-08-15T13:34:37Z","[]","[]","14da0d2b-f5d7-435b-bcd1-a3d1081b23c3","null","[]","null","null","ncconline.onmicrosoft.com","AzureADMyOrg","[]","null","null","null","[]","[]","[]","null","null","null","null","null","[]","Allow","[]","null","null","false","false"
"""ar-prod-cmn-azureArc""","993576f4-28d2-451e-b35b-f2b99ec812aa","2021-10-26T14:27:29Z","[]","[{""customKeyIdentifier"":null,""displayName"":""Azure-Arc-Deploy-Secret"",""endDateTime"":""2026-01-10T08:12:46.875Z"",""hint"":""cV~"",""keyId"":""d5d20c89-1d0d-481c-8254-ed2c40edfce6"",""startDateTime"":""2024-01-11T08:12:46.875Z"",""secretText"":null}]","14efb32c-96b4-4b62-b9a7-fdc9608eee91","null","[]","null","null","ncconline.onmicrosoft.com","AzureADMyOrg","[]","null","null","null","[]","[]","[]","null","null","null","null","null","[]","Allow","[]","null","null","false","false"
"""D365 Sales Agent - Stakeholder Research (Microsoft Copilot Studio)""","1c349014-75e9-4a5a-86d3-cc83e07895c9","2025-06-09T22:28:58Z","[]","[]","14f72719-d24e-46c6-89c4-65a380f760d5","null","[]","null","null","ncconline.onmicrosoft.com","AzureADMyOrg","[""AIAgentBuilder"",""AgentCreatedBy:CopilotStudio"",""AgenticApp"",""power-virtual-agents-3d6e4949-146c-ac0b-ec87-ca546ad1be53""]","null","null","null","[]","[]","[]","null","null","null","null","null","[]","Allow","[]","null","null","false","false"
"""D365 Sales Agent - Summary Synthesizer (Microsoft Copilot Studio)""","98ff57cd-babc-4e8b-87a6-b76ffb6598a1","2025-10-21T19:32:37Z","[]","[]","151342f9-f29c-4efb-89be-81dcb1d8092f","null","[]","null","null","ncconline.onmicrosoft.com","AzureADMyOrg","[""AIAgentBuilder"",""AgentCreatedBy:CopilotStudio"",""AgenticApp"",""power-virtual-agents-f801ee59-25db-09a0-5e64-092e18e83927""]","null","null","null","[]","[]","[]","null","null","null","null","null","[]","Allow","[]","null","null","false","false"
"""ar-prod-cmn-sso-basware-tem""","661fd5a5-30e7-4a52-9ee2-5e2e16289602","2021-04-12T15:03:12Z","[]","[]","1528a42f-82e1-4b57-a36e-ab2848979ee7","false","[""https://auth.tem.basware.com""]","null","null","ncconline.onmicrosoft.com","AzureADMyOrg","[]","null","null","null","[]","[]","[]","null","null","null","null","null","[]","Allow","[""https://auth.tem.basware.com""]","https://account.activedirectory.windowsazure.com:444/applications/default.aspx?metadata=customappsso|ISV9.1|primary|z","null","true","false"
"""NO-SINTEF Byggforskserien""","cfc5e5d1-be19-49d6-998b-28107cc73b28","2021-10-04T11:32:25Z","[]","[{""customKeyIdentifier"":null,""displayName"":""Sintef"",""endDateTime"":""2022-04-05T18:47:14.854Z"",""hint"":""GKR"",""keyId"":""8dfc76c4-e383-4ccb-a010-6a3be813a0aa"",""startDateTime"":""2021-10-05T18:47:14.854Z"",""secretText"":null}]","1543c42c-da84-42c6-b208-4202cbde7e64","null","[]","null","None","ncconline.onmicrosoft.com","AzureADMyOrg","[]","null","null","null","[]","[]","[]","null","null","null","null","null","[]","Allow","[""https://identity-beta.byggforsk.no/signin-oidc-ncc"",""https://identity-test.byggforsk.no/signin-oidc-ncc"",""https://identity.byggforsk.no/signin-oidc-ncc""]","null","null","true","false"
"""Copilot för Anbud (Microsoft Copilot Studio)""","420b06cb-e4c9-4e63-a6fa-8ad16c9e523e","2024-08-27T15:47:19Z","[]","[]","1567f390-02cb-46fb-a4e4-cdaa1b451647","null","[]","null","null","ncconline.onmicrosoft.com","AzureADMultipleOrgs","[""AIAgentBuilder"",""AgentCreatedBy:CopilotStudio"",""AgenticApp"",""power-virtual-agents-81e7e1b1-9b8c-479b-89d0-de2d9c0031f8""]","null","null","null","[]","[]","[]","null","null","null","null","null","[]","Allow","[]","null","null","false","false"
"""Customer Service Copilot Bot (Power Virtual Agents)""","b82a2c16-2909-4de6-a41a-1d31bfd94823","2024-04-14T23:59:07Z","[]","[]","1587337d-1b16-4818-bb35-d1658164b7f7","null","[]","null","null","ncconline.onmicrosoft.com","AzureADMultipleOrgs","[""AIAgentBuilder"",""AgentCreatedBy:CopilotStudio"",""AgenticApp"",""power-virtual-agents-014d3f42-6dc5-4fed-b1f7-d79d945ebb9a""]","null","null","null","[]","[]","[]","null","null","null","null","null","[]","Allow","[]","null","null","false","false"
"""Customer Service Email Sentiment Generator (Microsoft Copilot Studio)""","9422b9b8-a4a9-4ee5-bfb2-65b71ee75cc4","2026-01-12T19:47:51Z","[]","[]","163aaf46-7d01-4e40-b7f5-ba087e711593","null","[]","null","null","ncconline.onmicrosoft.com","AzureADMyOrg","[""AIAgentBuilder"",""AgentCreatedBy:CopilotStudio"",""AgenticApp"",""power-virtual-agents-80b7af82-775c-7111-1ccc-f3ae5bc26c58""]","null","null","null","[]","[]","[]","null","null","null","null","null","[]","Allow","[]","null","null","false","false"
"""D365GBPProd""","0a86dfe6-2a79-42ab-976b-dedf23127658","2019-05-27T08:50:46Z","[]","[]","165136f4-13b1-4de1-af94-3168ee6668b2","true","[]","null","null","ncconline.onmicrosoft.com","AzureADMultipleOrgs","[]","null","null","null","[]","[]","[""https://ncc-production.operations.dynamics.com/""]","null","null","null","null","null","[]","Allow","[]","null","null","true","false"
"""sc-test-cmn-HRCore-microservices""","5bd8cc8c-4d15-4422-8014-27eb19872a6b","2024-10-25T12:44:04Z","[]","[]","16531a9e-eeb6-4fcb-a9c2-feacc0fde0cf","null","[]","null","null","ncconline.onmicrosoft.com","AzureADMyOrg","[]","null","null","null","[]","[]","[]","null","null","null","null","null","[]","Allow","[]","null","null","false","false"
"""Sales Copilot Power Virtual Agents Bot (Power Virtual Agents)""","a37837c6-bbc4-45a9-ad5f-105dd267c018","2023-12-03T20:27:42Z","[]","[]","16578c54-1b17-42d1-a5b9-5391978719a9","null","[]","null","null","ncconline.onmicrosoft.com","AzureADMultipleOrgs","[""AIAgentBuilder"",""AgentCreatedBy:CopilotStudio"",""AgenticApp"",""power-virtual-agents-7891c1b7-31d0-485c-8609-b2110fb8c65b""]","null","null","null","[]","[]","[]","null","null","null","null","null","[]","Allow","[]","null","null","false","false"
"""ar-feat-cmn-portalservices""","5f415213-afb7-43e4-a930-6a16e8cff179","2024-11-05T13:31:59Z","[]","[{""customKeyIdentifier"":null,""displayName"":""Application secret"",""endDateTime"":""2025-11-06T07:10:44.22Z"",""hint"":""j-8"",""keyId"":""ee721ccc-d6ac-46de-93c9-778e610bca04"",""startDateTime"":""2024-11-06T07:10:44.22Z"",""secretText"":null}]","16873b72-6294-4b5f-b412-4812d8ec7316","null","[""api://5f415213-afb7-43e4-a930-6a16e8cff179""]","null","null","ncconline.onmicrosoft.com","AzureADMyOrg","[]","null","null","null","[]","[{""appId"":""5f415213-afb7-43e4-a930-6a16e8cff179"",""delegatedPermissionIds"":[""0902805b-d190-42e7-8995-54e033e80220""]}]","[]","null","null","null","null","null","[]","Allow","[""https://feat.templateengine.ncc.com/signin-oidc"",""https://feat.proxyservice.ncc.com/signin-oidc"",""http://localhost:5173"",""https://feat.portalscustomerservice.ncc.com/signin-oidc"",""https://feat.linkservice.ncc.com/signin-oidc"",""https://feat.userservice.ncc.com/signin-oidc""]","null","null","true","true"
"""SISSI - version 0.1 (Microsoft Copilot Studio)""","579cb68f-31e4-466c-8fb2-e11df1697a74","2025-09-02T08:43:50Z","[]","[]","16896014-bf2a-4f1e-974c-ab2225e531e3","null","[]","null","null","ncconline.onmicrosoft.com","AzureADMyOrg","[""AIAgentBuilder"",""AgentCreatedBy:CopilotStudio"",""AgenticApp"",""power-virtual-agents-a8f3d525-d7be-6dc3-cd02-a0fbf1107cc6""]","null","null","null","[]","[]","[]","null","null","null","null","null","[]","Allow","[]","null","null","false","false"
"""ar-prod-Admin By Request Azure AD Connector""","2a722f2a-b3b4-4f66-91ef-62509d78b935","2025-10-09T14:40:33Z","[]","[{""customKeyIdentifier"":null,""displayName"":""AdminByRequest"",""endDateTime"":""2027-10-23T11:44:09.313Z"",""hint"":""Dhc"",""keyId"":""b69f8210-185f-4f58-8845-d7e15602b394"",""startDateTime"":""2025-10-23T11:44:09.313Z"",""secretText"":null}]","16a8ce9e-aeb5-4e6d-a95c-1a46839083e9","null","[]","null","null","ncconline.onmicrosoft.com","AzureADMyOrg","[]","null","null","null","[]","[]","[]","null","null","null","null","null","[]","Allow","[]","null","null","false","false"
"""ar-prod-cmn-foresee""","adeddb0b-6620-4635-800f-1bb7be3f9742","2020-08-26T07:35:40Z","[]","[{""customKeyIdentifier"":null,""displayName"":""AzureDevOpsConnection"",""endDateTime"":""2024-04-13T10:57:46.801Z"",""hint"":""~eU"",""keyId"":""163b6ec3-e9f5-4f77-a40b-567cb1ee6269"",""startDateTime"":""2022-04-13T10:57:46.801Z"",""secretText"":null}]","16ba7755-592a-4473-9ec9-0173f723caa1","null","[]","null","null","ncconline.onmicrosoft.com","AzureADMyOrg","[]","null","null","null","[]","[]","[]","null","null","null","null","null","[]","Allow","[]","null","null","false","false"
"""NKI Agent (Microsoft Copilot Studio)""","9781f9e2-757a-4e37-9cf6-9cc01069f6c9","2025-03-26T09:36:46Z","[]","[]","16d82b91-871c-45d8-81a5-f5b93b9f2da8","null","[]","null","null","ncconline.onmicrosoft.com","AzureADMyOrg","[""AIAgentBuilder"",""AgentCreatedBy:CopilotStudio"",""AgenticApp"",""power-virtual-agents-bb633a56-75b1-c561-05b4-08d0531f5e4d""]","null","null","null","[]","[]","[]","null","null","null","null","null","[]","Allow","[]","null","null","false","false"
"""ar-test-cmn-ramp-dam""","156e9b35-051c-476b-88b4-d3852628588c","2023-11-09T14:13:08Z","[]","[{""customKeyIdentifier"":null,""displayName"":""ServiceBus-Dam-AppReg-ClientSecret"",""endDateTime"":""2027-11-26T09:42:33.501Z"",""hint"":""atx"",""keyId"":""d5fa080e-6fa5-4ef2-8409-5bbb00cacb3e"",""startDateTime"":""2025-11-26T09:42:33.501Z"",""secretText"":null}]","172ecaf1-8003-45ba-a00e-2bef769fc23e","null","[]","null","null","ncconline.onmicrosoft.com","AzureADMyOrg","[]","null","null","null","[]","[]","[]","null","null","null","null","null","[]","Allow","[]","null","null","false","false"
"""Atradius - Fakturakontroll (Microsoft Copilot Studio)""","0c2f4c25-17f3-459c-ac2c-45178ab95913","2025-12-01T14:20:45Z","[]","[]","1737bf83-a9fb-4cdc-9b99-62c1c87c2d8f","null","[]","null","null","ncconline.onmicrosoft.com","AzureADMyOrg","[""AIAgentBuilder"",""AgentCreatedBy:CopilotStudio"",""AgenticApp"",""power-virtual-agents-f9e28cbb-f8e0-f720-0bb7-43dbbb3e264a""]","null","null","null","[]","[]","[]","null","null","null","null","null","[]","Allow","[]","null","null","false","false"
"""D365 Sales Agent - Email Validation (Microsoft Copilot Studio)""","c1f59151-2b13-452b-8482-5bb4b8cc8fec","2025-05-16T22:11:20Z","[]","[]","173881d0-8a79-41fc-b940-d106fa3ac0b8","null","[]","null","null","ncconline.onmicrosoft.com","AzureADMyOrg","[""AIAgentBuilder"",""AgentCreatedBy:CopilotStudio"",""AgenticApp"",""power-virtual-agents-778800a8-cb5e-70ac-01c9-bd5bd33f6078""]","null","null","null","[]","[]","[]","null","null","null","null","null","[]","Allow","[]","null","null","false","false"
"""ar-prod-cmn-wordpress-bergnaset""","03ac75ba-804a-4192-98ca-54277770ab51","2020-05-28T13:21:07Z","[]","[{""customKeyIdentifier"":null,""displayName"":""aad-sso-wp"",""endDateTime"":""2024-06-01T12:43:12.817Z"",""hint"":""N4C"",""keyId"":""3e65fea3-3996-4d1a-abb7-140b2f475e1e"",""startDateTime"":""2022-06-01T12:43:12.817Z"",""secretText"":null}]","173a08c7-c73c-4c42-8b4b-a8e65e10f0f6","null","[]","null","null","ncconline.onmicrosoft.com","AzureADMyOrg","[]","null","null","null","[]","[]","[]","null","null","null","null","null","[]","Allow","[""https://bergnaset.se/wp-admin.php"",""https://bergnaset.se/wp-login.php""]","null","null","false","false"
"""Customer Service Copilot Bot (Power Virtual Agents)""","6bef52e5-59b7-4c47-8f87-95ec096f9002","2024-05-01T22:32:31Z","[]","[]","174421be-26ec-4ff6-b450-55242db8d5f0","null","[]","null","null","ncconline.onmicrosoft.com","AzureADMultipleOrgs","[""AIAgentBuilder"",""AgentCreatedBy:CopilotStudio"",""AgenticApp"",""power-virtual-agents-b0cf281c-eff9-494c-928b-1e47f4a6b198""]","null","null","null","[]","[]","[]","null","null","null","null","null","[]","Allow","[]","null","null","false","false"
"""Power Testing Dashboard""","4054a984-abd0-4d5f-b73e-9150cd7b0a61","2017-10-01T14:58:08Z","[]","[{""customKeyIdentifier"":null,""displayName"":null,""endDateTime"":""2019-10-01T14:58:06.371337Z"",""hint"":null,""keyId"":""c8924e62-99b0-44df-8b79-853f155806b7"",""startDateTime"":""2017-10-01T14:58:06.371337Z"",""secretText"":null}]","177408bb-1e7d-4db4-b1f4-ec5ceab89fc8","null","[""https://ncc.fi/9f86de9f-1b42-4f6d-95c5-c2d394c3415a""]","null","null","null","AzureADMultipleOrgs","[]","null","null","null","[]","[]","[]","null","null","null","null","null","[]","Allow","[""http://localhost:13526/redirect""]","http://localhost:13526/redirect","null","true","false"
"""ncc-tfs-NCC-prod-cmn-urlredirect-536512e6-44e5-4e9a-849a-33131501e63f""","afba0c7f-4b0b-4e40-a1f5-0e297712480c","2017-11-27T10:18:17Z","[]","[{""customKeyIdentifier"":null,""displayName"":null,""endDateTime"":""2019-11-27T10:18:17.6452073Z"",""hint"":null,""keyId"":""695166a5-7fc5-4c1e-b017-7bae342d41b2"",""startDateTime"":""2017-11-27T10:18:17.6452073Z"",""secretText"":null}]","177f198e-baf1-4e52-b1bf-6a522c313083","null","[""https://VisualStudio/SPNcd094365-db59-46ef-aeda-5f75d891431e""]","null","null","null","AzureADMyOrg","[]","null","null","null","[]","[]","[]","null","null","null","null","null","[]","Allow","[""https://VisualStudio/SPN""]","https://VisualStudio/SPN","null","true","false"
"""D365 Sales Agent - Readiness (Microsoft Copilot Studio)""","8d8a2af8-660e-4937-84d5-5d617af023f0","2025-10-21T19:32:37Z","[]","[]","178e915a-75e9-42fd-8b91-334039270a3c","null","[]","null","null","ncconline.onmicrosoft.com","AzureADMyOrg","[""AIAgentBuilder"",""AgentCreatedBy:CopilotStudio"",""AgenticApp"",""power-virtual-agents-e6359ec9-6e7a-ea21-4fe3-deb1f880be4f""]","null","null","null","[]","[]","[]","null","null","null","null","null","[]","Allow","[]","null","null","false","false"
"""ar-prod-ind-tagreport""","c14389e0-fda9-4d17-9879-d2f3c7f41a05","2022-10-04T09:14:34Z","[]","[{""customKeyIdentifier"":null,""displayName"":""function-app"",""endDateTime"":""2023-10-14T07:28:12.213Z"",""hint"":""ksu"",""keyId"":""4cf1bfb7-f4df-4354-aced-667267babb89"",""startDateTime"":""2022-10-14T07:28:12.213Z"",""secretText"":null}]","17c06321-6bb6-4620-a10e-4d972aabc8d3","null","[]","null","null","ncconline.onmicrosoft.com","AzureADMyOrg","[]","null","null","null","[]","[]","[]","null","null","null","null","null","[]","Allow","[]","null","null","false","false"
"""sc-ind-test-AzureConsumption""","391a69ae-cccc-4dbb-ab7b-82c5c3295a3a","2022-03-29T08:27:11Z","[]","[{""customKeyIdentifier"":null,""displayName"":""Azure DevOps"",""endDateTime"":""2024-03-29T09:59:51.1Z"",""hint"":""XST"",""keyId"":""d8025d9a-4079-4a61-b6cf-2c18df7d137b"",""startDateTime"":""2022-03-29T08:59:51.1Z"",""secretText"":null}]","17da0bad-01dc-4647-9ea5-d223e404c1c4","null","[]","null","null","ncconline.onmicrosoft.com","AzureADMyOrg","[]","null","null","null","[]","[]","[]","null","null","null","null","null","[]","Allow","[]","null","null","false","false"
"""ar-test-cmn-PSCreated""","9c2eda61-32fe-47e6-88c5-829c9c11c49f","2023-10-23T10:12:57Z","[]","[]","17eecc3b-fb0b-4a4c-b8f8-99b610d3dff7","null","[]","null","null","ncconline.onmicrosoft.com","AzureADMyOrg","[]","null","null","null","[]","[]","[]","null","null","null","null","null","[]","Allow","[]","null","null","false","false"
"""Wa-Test-Ind-Dynamics""","857249ae-66bd-44c9-90fd-a5fe7440e6fa","2017-03-31T12:53:45Z","[]","[{""customKeyIdentifier"":null,""displayName"":""IDS_KEY6"",""endDateTime"":""2027-11-21T07:12:12.675Z"",""hint"":""4vs"",""keyId"":""85a4e15b-fc00-4d80-b341-4bacc4d74bba"",""startDateTime"":""2025-11-21T07:12:12.675Z"",""secretText"":null},{""customKeyIdentifier"":null,""displayName"":""IDS_KEY5"",""endDateTime"":""2025-11-19T09:47:11.774Z"",""hint"":""Vfz"",""keyId"":""dd72ecba-a4d4-4232-9c52-3e0c76bf0f8f"",""startDateTime"":""2023-11-20T09:47:11.774Z"",""secretText"":null},{""customKeyIdentifier"":null,""displayName"":""IDS_KEY4"",""endDateTime"":""2023-11-01T12:41:21.166Z"",""hint"":""Wmo"",""keyId"":""e5b36f72-b84f-49d3-8ed7-008af530c030"",""startDateTime"":""2021-11-01T12:41:21.166Z"",""secretText"":null},{""customKeyIdentifier"":null,""displayName"":""IDS_KEY3"",""endDateTime"":""2021-10-29T07:29:10.583Z"",""hint"":"".3y"",""keyId"":""5636e8b1-8b93-4cfe-b6d2-7c0de6d0e363"",""startDateTime"":""2019-10-29T08:30:01.361Z"",""secretText"":null},{""customKeyIdentifier"":""SQBEAFMAXwBLAEUAWQAyAA=="",""displayName"":null,""endDateTime"":""2021-04-05T11:35:50.162Z"",""hint"":null,""keyId"":""5de9a653-d743-4af6-9906-c8d5896ccc42"",""startDateTime"":""2019-04-05T11:36:00.2523457Z"",""secretText"":null},{""customKeyIdentifier"":""SQBEAFMAXwBLAEUAWQAxAA=="",""displayName"":null,""endDateTime"":""2019-03-31T12:56:42.753Z"",""hint"":null,""keyId"":""842d2d7b-59a7-4719-8200-2340b732917c"",""startDateTime"":""2017-03-31T12:57:27.5255277Z"",""secretText"":null}]","17eecd31-99f6-4da9-a48a-ffd6c8aeb1fd","false","[""https://ncconline.onmicrosoft.com/c50236b5-2cfc-4437-8312-cea603c8527b""]","null","null","null","AzureADMyOrg","[]","null","null","null","[]","[]","[]","null","null","null","null","null","[]","Allow","[""http://dynamics.ind.ncc.se""]","http://dynamics.ind.ncc.se","null","true","false"
"""Agent (Microsoft Copilot Studio)""","537401c8-2a8b-42a8-9a8d-2ff18a729f3a","2025-12-05T10:01:43Z","[]","[]","1846d3de-2e0c-4a57-b864-46e8ac33c301","null","[]","null","null","ncconline.onmicrosoft.com","AzureADMyOrg","[""AIAgentBuilder"",""AgentCreatedBy:CopilotStudio"",""AgenticApp"",""power-virtual-agents-0fee71b5-be7c-aa6c-5260-94e994247597""]","null","null","null","[]","[]","[]","null","null","null","null","null","[]","Allow","[]","null","null","false","false"
"""iValua [Prod]""","cd39d291-0044-4766-9600-b4c1d5316b6a","2025-08-26T12:39:36Z","[]","[]","1849a7e1-8038-41f3-b3a6-6f82767b91a0","false","[""https://supplierinsight.ncc.com""]","null","ApplicationGroup","ncconline.onmicrosoft.com","AzureADMyOrg","[]","null","null","null","[]","[]","[]","null","null","null","null","null","[]","Allow","[""https://supplierinsight.ncc.com/page.aspx/en/buy/homepage""]","https://account.activedirectory.windowsazure.com:444/applications/default.aspx?metadata=customappsso|ISV9.1|primary|z","null","true","false"
"""D365 Sales Agent - Research (Microsoft Copilot Studio)""","5969d72f-2ac6-4852-a31f-ff789609388c","2025-05-17T19:07:41Z","[]","[]","1849f675-6259-4702-bff3-7c03c7725173","null","[]","null","null","ncconline.onmicrosoft.com","AzureADMyOrg","[""AIAgentBuilder"",""AgentCreatedBy:CopilotStudio"",""AgenticApp"",""power-virtual-agents-85748853-4ec6-2f56-33c6-1d27cfdfbcce""]","null","null","null","[]","[]","[]","null","null","null","null","null","[]","Allow","[]","null","null","false","false"
"""NccDevelopment-NCC Development-536512e6-44e5-4e9a-849a-33131501e63f""","3c7d5265-45c7-45c3-98df-5a02b1606ade","2019-02-19T13:52:23Z","[]","[{""customKeyIdentifier"":null,""displayName"":""Password uploaded on Mon Oct 10 2022"",""endDateTime"":""2024-10-10T07:07:28.623Z"",""hint"":""PQP"",""keyId"":""c39e5f76-2972-40cd-93e3-bebe66fb97f7"",""startDateTime"":""2022-10-10T07:07:28.623Z"",""secretText"":null},{""customKeyIdentifier"":null,""displayName"":null,""endDateTime"":""2021-02-19T13:52:23.7605701Z"",""hint"":null,""keyId"":""f8186991-3928-4faf-908e-c585082cbc34"",""startDateTime"":""2019-02-19T13:52:23.7605701Z"",""secretText"":null}]","1858fce6-b981-49b8-b428-12390883f59d","null","[""https://VisualStudio/SPN854a51cf-1c3c-47ef-9c1e-7dca5338c39d""]","null","null","ncconline.onmicrosoft.com","AzureADMyOrg","[]","null","null","null","[]","[]","[]","null","null","null","null","null","[]","Allow","[""https://VisualStudio/SPN""]","https://VisualStudio/SPN","null","true","false"
"""ar-test-cmn-Rendra-Streambim""","8bfe4800-d15e-4625-98be-a46789ac2acf","2023-08-21T10:08:12Z","[]","[{""customKeyIdentifier"":null,""displayName"":""Rendra-Side Access Key"",""endDateTime"":""2026-05-19T07:28:36.165Z"",""hint"":""~6Z"",""keyId"":""8fa726e8-b54d-44ad-ad9d-b7df1b75ef7d"",""startDateTime"":""2025-05-19T07:28:36.165Z"",""secretText"":null},{""customKeyIdentifier"":null,""displayName"":""Rendra-Side Access Key"",""endDateTime"":""2025-06-02T09:50:05.895Z"",""hint"":""ghJ"",""keyId"":""ba3cdcb3-6251-40f2-b705-10b0b8558cb1"",""startDateTime"":""2023-12-05T10:50:05.895Z"",""secretText"":null}]","189fbf52-9ff0-4611-8b40-984447a3b5d5","null","[]","null","null","ncconline.onmicrosoft.com","AzureADMyOrg","[]","null","null","null","[]","[]","[]","null","null","null","null","null","[]","Allow","[""https://jwt.ms"",""https://staging.streambim.com/federation/callback""]","null","null","false","false"
"""Sales Close Agent - Account Research (Microsoft Copilot Studio)""","4128647b-276e-49fb-a24b-8c1c4414df38","2026-01-23T20:47:34Z","[]","[]","18ac53cc-af6f-4c52-890d-0d844fdea5bc","null","[]","null","null","ncconline.onmicrosoft.com","AzureADMyOrg","[""AIAgentBuilder"",""AgentCreatedBy:CopilotStudio"",""AgenticApp"",""power-virtual-agents-96274832-d0fb-9924-d6e1-dc24d1be016a""]","null","null","null","[]","[]","[]","null","null","null","null","null","[]","Allow","[]","null","null","false","false"
"""ar-sandbox-ind-pva-Omnichannel""","fe6ee1c6-783d-472f-a1d3-cbdd5beca609","2022-12-07T09:09:32Z","[]","[]","18b6433c-7ff0-411c-8a78-46fd7176aa81","null","[]","null","null","ncconline.onmicrosoft.com","AzureADMyOrg","[]","null","null","null","[]","[]","[]","null","null","null","null","null","[]","Allow","[]","null","null","false","false"
"""NCC E-analys - Test""","188eba3e-8065-4457-a127-821c79587c5e","2019-09-19T14:10:36Z","[]","[{""customKeyIdentifier"":null,""displayName"":""TestSecret"",""endDateTime"":""2024-01-20T13:30:13.909Z"",""hint"":""JI8"",""keyId"":""da3f0e27-efeb-4aef-8621-3b596c7d14cd"",""startDateTime"":""2022-01-20T13:30:13.909Z"",""secretText"":null}]","18bc06e0-bfb1-4788-af4c-860f5664516d","false","[]","null","None","ncconline.onmicrosoft.com","AzureADMyOrg","[]","null","null","true","[]","[]","[]","null","null","null","null","null","[]","Allow","[""https://eanalystest.ncc.com/"",""https://eanalystest.ncc.com/Ncc.Eanalys.DEV_AD.Web/"",""http://localhost:55053/Ncc.Eanalys.Web/""]","https://eanalystest.ncc.com/Ncc.Eanalys.DEV_AD.Web/","https://eanalystest.ncc.com/Ncc.Eanalys.DEV_AD.Web/","true","false"
"""ar-prod-cmn-contract-management-search-proxy""","1a1d5c6d-f1ea-4b43-a744-7a0644d052a5","2022-09-15T16:19:04Z","[]","[]","18d9425f-9339-49ca-997b-610c4723ad0c","null","[""api://cm.search.proxy.ncc.se""]","null","None","ncconline.onmicrosoft.com","AzureADMyOrg","[]","null","null","null","[]","[]","[]","null","null","null","null","null","[]","Allow","[""https://fn-cm-search-proxy-dev.azurewebsites.net/.auth/login/aad/callback"",""https://fn-cm-search-proxy-test.azurewebsites.net/.auth/login/aad/callback"",""https://fn-cm-search-proxy-prod.azurewebsites.net/.auth/login/aad/callback""]","null","null","true","false"
"""ar-dev-cmn-integration-msgbackbone""","9ecd6b39-4da5-42fe-956f-1a4dcd64b411","2023-06-26T06:52:44Z","[]","[{""customKeyIdentifier"":null,""displayName"":""TestSecret"",""endDateTime"":""2028-01-26T14:13:23.405Z"",""hint"":""-bT"",""keyId"":""1857acd1-26fb-4432-9285-fb6b45d99224"",""startDateTime"":""2026-01-26T14:13:23.405Z"",""secretText"":null},{""customKeyIdentifier"":null,""displayName"":""APIM_Project_Secret"",""endDateTime"":""2028-01-26T14:13:16.761Z"",""hint"":""JQp"",""keyId"":""a425bb3e-c0e4-4768-b1e1-8ae2b77aa868"",""startDateTime"":""2026-01-26T14:13:16.761Z"",""secretText"":null}]","18f8b5e8-1603-4af8-9670-5424fc464e32","null","[]","null","null","ncconline.onmicrosoft.com","AzureADMyOrg","[]","null","null","null","[]","[]","[]","null","null","null","null","null","[]","Allow","[]","null","null","false","false"
"""Adobe Creative Cloud - NCC.fi""","67f826e5-3561-4060-9758-042d5c1f3b7c","2020-10-19T13:15:34Z","[]","[]","18fa7bf6-d4fe-49bb-a96e-ce06289fa188","false","[""https://federatedid-na1.services.adobe.com/federated/saml/metadata/alias/836c30fe-c563-4ffe-94b0-fc06fb00ee66""]","null","null","ncconline.onmicrosoft.com","AzureADMyOrg","[]","null","null","null","[]","[]","[]","null","null","null","null","null","[]","Allow","[""https://federatedid-na1.services.adobe.com/federated/saml/SSO/alias/836c30fe-c563-4ffe-94b0-fc06fb00ee66""]","https://adobe-creativecloud-prd.okta.com/auth/saml20/accauthlinktest?metadata=adobecreativecloud|ISV9.2|primary|z","null","true","false"
"""ar-dev-cmn-ramp-ccm""","f397c955-fe18-4949-b13f-a01ce2ee7d64","2024-01-24T13:18:31Z","[]","[{""customKeyIdentifier"":null,""displayName"":""Ramp-AppReg"",""endDateTime"":""2026-01-23T14:42:43.831Z"",""hint"":""6Rm"",""keyId"":""f9085fe2-eb94-4cd5-b20c-e7e2a5fffa73"",""startDateTime"":""2024-01-24T14:42:43.831Z"",""secretText"":null}]","19129cf6-90e6-4c4f-8335-fceed0134f99","null","[]","null","null","ncconline.onmicrosoft.com","AzureADMyOrg","[]","null","null","null","[]","[]","[]","null","null","null","null","null","[]","Allow","[]","null","null","false","false"
"""ar-test-ind-costallocation-api""","c0149e80-ce1e-4de3-b47e-e211922d6025","2022-10-04T13:27:04Z","[]","[{""customKeyIdentifier"":null,""displayName"":""CostAllocationIntegrationApi__ClientSecret 2026"",""endDateTime"":""2026-09-12T06:56:44.287Z"",""hint"":""ojM"",""keyId"":""586ac764-05f1-4de3-8e4b-1ea44f3f604b"",""startDateTime"":""2024-09-12T06:56:44.287Z"",""secretText"":null}]","191fadc1-0381-4a44-b894-1dcbe9cf4533","null","[""api://c0149e80-ce1e-4de3-b47e-e211922d6025""]","null","null","ncconline.onmicrosoft.com","AzureADMyOrg","[]","null","null","null","[]","[{""appId"":""b7ca1697-dfb5-46e1-9311-e8b2dd9acffd"",""delegatedPermissionIds"":[""5b472037-c1b9-496c-a202-ce360a34b33e""]},{""appId"":""236b3cda-70a2-4ea6-b070-3dbd85a303c4"",""delegatedPermissionIds"":[""5b472037-c1b9-496c-a202-ce360a34b33e""]}]","[]","null","null","null","null","null","[]","Allow","[""https://localhost:7038/swagger/oauth2-redirect.html"",""https://api-test-ind-costallocation.azurewebsites.net/api/""]","null","null","false","true"
"""wa-prod-inf-mac-native""","05771809-8f08-401e-a33c-ae6f4d921ea4","2017-10-27T16:00:36Z","[]","[]","1920eb56-55d4-4d22-9343-4331792c1535","true","[]","null","null","null","AzureADMultipleOrgs","[]","null","null","null","[]","[]","[""https://wa-prod-inf-mac.ase02.ncc.info/.auth/login/done""]","null","null","null","null","null","[]","Allow","[]","null","null","true","false"
"""ar-prod-cmn-qualiware""","c2326491-58d2-4b10-a276-8f68fc20af51","2022-05-03T06:41:59Z","[]","[]","1929da92-1130-4e56-9a20-836fee64aaca","true","[]","null","null","ncconline.onmicrosoft.com","AzureADMyOrg","[]","null","null","null","[]","[]","[""http://bms.ncc.info/qef/instance/signin"",""https://bms.ncc.info/qef/instance/signin"",""http://cmnap220.adroot.net/qef/instance/signin"",""http://cmnap220/qef/instance/signin"",""msalc2326491-58d2-4b10-a276-8f68fc20af51://auth"",""https://login.live.com/oauth20_desktop.srf"",""https://login.microsoftonline.com/common/oauth2/nativeclient""]","null","null","null","null","null","[]","Allow","[""https://bms.ncc.info/BMS/""]","null","null","false","false"
"""Sales Copilot Power Virtual Agents Bot (Power Virtual Agents)""","bd63e3e5-e0a0-48cf-a233-ccc559540269","2023-12-10T18:53:59Z","[]","[]","192fc343-f995-4152-baaf-2dd380b20682","null","[]","null","null","ncconline.onmicrosoft.com","AzureADMultipleOrgs","[""AIAgentBuilder"",""AgentCreatedBy:CopilotStudio"",""AgenticApp"",""power-virtual-agents-aa732249-1eb0-4ccf-b81c-da1fd6463c60""]","null","null","null","[]","[]","[]","null","null","null","null","null","[]","Allow","[]","null","null","false","false"
"""Handläggare (Microsoft Copilot Studio)""","17de278e-71a4-4896-99c3-ad72f264b621","2025-04-09T11:09:02Z","[]","[]","193121f5-c525-476f-8d20-858427928986","null","[]","null","null","ncconline.onmicrosoft.com","AzureADMyOrg","[""AIAgentBuilder"",""AgentCreatedBy:CopilotStudio"",""AgenticApp"",""power-virtual-agents-52050fe6-f5e5-4d1a-c623-08b83cfeff66""]","null","null","null","[]","[]","[]","null","null","null","null","null","[]","Allow","[]","null","null","false","false"
"""Agent (Microsoft Copilot Studio)""","0b5572ff-2d40-46df-844f-e6831da4a04b","2025-12-05T10:01:43Z","[]","[]","197fa25e-437f-49aa-bafa-69f4a75f192d","null","[]","null","null","ncconline.onmicrosoft.com","AzureADMyOrg","[""AIAgentBuilder"",""AgentCreatedBy:CopilotStudio"",""AgenticApp"",""power-virtual-agents-cb1195c1-15b3-2900-9eb7-cf6ae1be7975""]","null","null","null","[]","[]","[]","null","null","null","null","null","[]","Allow","[]","null","null","false","false"
"""ar-dev-cmn-ramp-ichemistry""","b9c54c1a-6f5d-47bd-9af6-9b234b361b45","2025-04-29T06:57:57Z","[]","[{""customKeyIdentifier"":null,""displayName"":""Ramp-AppReg-ClientSecret"",""endDateTime"":""2027-04-29T10:26:20.153Z"",""hint"":""OwT"",""keyId"":""e494225d-5004-407a-900f-14b0caa68d40"",""startDateTime"":""2025-04-29T10:26:20.153Z"",""secretText"":null}]","199de086-8009-4a5f-a24f-ace4d83da35d","null","[]","null","null","ncconline.onmicrosoft.com","AzureADMyOrg","[]","null","null","null","[]","[]","[]","null","null","null","null","null","[]","Allow","[]","null","null","false","false"
"""Contoso Customer Service NA (Microsoft Copilot Studio)""","c8e7c192-9d3f-49e6-bb32-d71e5cd1218c","2024-08-08T12:59:57Z","[]","[]","1a064e1b-aef0-4ed3-8515-e2a06835c8f3","null","[]","null","null","ncconline.onmicrosoft.com","AzureADMultipleOrgs","[""AIAgentBuilder"",""AgentCreatedBy:CopilotStudio"",""AgenticApp"",""power-virtual-agents-db2f2c2c-7ff9-7bdd-d948-cb7936e9f8be""]","null","null","null","[]","[]","[]","null","null","null","null","null","[]","Allow","[]","null","null","false","false"
"""ar-dev-cmn-constructionconnector-bi-api""","3fa75598-602c-426f-b405-76e123ea0859","2024-10-15T09:37:21Z","[]","[{""customKeyIdentifier"":null,""displayName"":""ClientSecret"",""endDateTime"":""2026-10-15T10:45:50.036Z"",""hint"":""nze"",""keyId"":""375d6ee0-6baf-4b74-b03b-34f2874d7ae4"",""startDateTime"":""2024-10-15T10:45:50.036Z"",""secretText"":null}]","1a10898e-81de-488b-b0ff-471110bb0c8f","null","[""api://3fa75598-602c-426f-b405-76e123ea0859""]","null","null","ncconline.onmicrosoft.com","AzureADMyOrg","[]","null","null","null","[]","[]","[]","null","null","null","null","null","[]","Allow","[]","null","null","false","false"
"""ar-prod-cmn-ramp-infobric""","7d8d4803-3048-477b-984e-d9bb9ebb02db","2024-02-27T10:40:19Z","[]","[{""customKeyIdentifier"":null,""displayName"":""ServiceBus-Infobric-AppReg-ClientSecret"",""endDateTime"":""2026-09-17T08:59:09.147Z"",""hint"":""8WD"",""keyId"":""5e9336f6-9fce-41f5-af6f-8cce072e08c5"",""startDateTime"":""2024-09-17T08:59:09.147Z"",""secretText"":null},{""customKeyIdentifier"":null,""displayName"":""Infobric-AppReg-Ramp-ClientSecret"",""endDateTime"":""2026-09-17T08:52:24.447Z"",""hint"":""5V0"",""keyId"":""d70b7a44-cd36-402c-ac2c-01cf8119d3af"",""startDateTime"":""2024-09-17T08:52:24.447Z"",""secretText"":null}]","1a468021-ddaf-4bbf-9664-44e929b8b207","null","[]","null","null","ncconline.onmicrosoft.com","AzureADMyOrg","[]","null","null","null","[]","[]","[]","null","null","null","null","null","[]","Allow","[]","null","null","false","false"
"""Agent (Microsoft Copilot Studio)""","8199f7e4-520c-4eef-9d4c-b431eec1d1e6","2025-10-28T13:49:10Z","[]","[]","1a5ad5fc-8051-4aa3-a7f8-89f3178cb364","null","[]","null","null","ncconline.onmicrosoft.com","AzureADMyOrg","[""AIAgentBuilder"",""AgentCreatedBy:CopilotStudio"",""AgenticApp"",""power-virtual-agents-ee6f2fe3-357d-c087-05fb-85c13de8f5f7""]","null","null","null","[]","[]","[]","null","null","null","null","null","[]","Allow","[]","null","null","false","false"
"""ar-prod-cmn-nhip-nodinite-su03-azure-agent""","09619d9f-52dc-4619-a8b2-1ebc3e46358f","2024-11-06T11:46:11Z","[]","[{""customKeyIdentifier"":null,""displayName"":""nodinite"",""endDateTime"":""2026-11-06T13:30:43.447Z"",""hint"":""HJM"",""keyId"":""c7fa20f8-d5f4-44e0-b2cd-8159ae64aec4"",""startDateTime"":""2024-11-06T13:30:43.447Z"",""secretText"":null}]","1a805def-bf3a-4e67-8623-62e66e986178","null","[]","null","null","ncconline.onmicrosoft.com","AzureADMyOrg","[]","null","null","null","[]","[]","[]","null","null","null","null","null","[]","Allow","[]","null","null","false","false"
"""ar-dev-cmn-refdata""","dac1c5e8-df1d-44d8-bff4-c24557d96113","2023-10-23T10:33:20Z","[]","[]","1abefb2c-205f-4c73-9a52-af7c3ee31f52","null","[]","null","null","ncconline.onmicrosoft.com","AzureADMyOrg","[]","null","null","null","[]","[]","[]","null","null","null","null","null","[]","Allow","[]","null","null","false","false"
"""ar-prod-cmn-deliveryapp""","27ead0b2-d79b-40c9-bccb-39fcbc165c1a","2024-10-21T13:52:39Z","[]","[{""customKeyIdentifier"":null,""displayName"":""Password uploaded on Wed Oct 23 2024"",""endDateTime"":""2026-10-23T11:38:32.862Z"",""hint"":""xDk"",""keyId"":""7b662c04-610b-4939-83e3-54f5a865be0e"",""startDateTime"":""2024-10-23T11:38:32.862Z"",""secretText"":null}]","1ad90454-9e41-4d90-b1c8-9dec54a41de6","null","[""api://27ead0b2-d79b-40c9-bccb-39fcbc165c1a""]","null","null","ncconline.onmicrosoft.com","AzureADMyOrg","[""apiConsumer"",""webApi"",""webApp"",""singlePageApp""]","null","null","null","[]","[]","[]","null","null","null","null","null","[]","Allow","[""https://inputapp.ncc.info/signin-odic"",""https://wa-prod-cmn-deliveryapp.azurewebsites.net/signin-odic""]","null","null","true","false"
"""ar-test-cmn-nhip-nodinite""","7d465064-7f6a-45e7-be19-3db0b56a3934","2023-11-28T08:10:54Z","[]","[{""customKeyIdentifier"":null,""displayName"":""Nodinite - test "",""endDateTime"":""2028-01-14T09:27:30.627Z"",""hint"":""xwx"",""keyId"":""de6a11bf-0eb0-4f21-8522-dddbf0835904"",""startDateTime"":""2026-01-14T09:27:30.627Z"",""secretText"":null},{""customKeyIdentifier"":null,""displayName"":""Nodinite - test "",""endDateTime"":""2026-01-21T07:53:03.165Z"",""hint"":""mNm"",""keyId"":""d5a016e0-ac26-492b-b0a2-d4037ec0a4c2"",""startDateTime"":""2024-01-22T07:53:03.165Z"",""secretText"":null}]","1aff5658-4c3e-44d4-9ae9-0060224b2399","null","[]","null","null","ncconline.onmicrosoft.com","AzureADMyOrg","[]","null","null","null","[]","[]","[]","null","null","null","null","null","[]","Allow","[]","null","null","false","false"
"""wa-dev-cmn-serverops""","e9026fa7-7de2-4df2-91cf-35bd265b80d2","2016-03-02T07:14:05Z","[]","[{""customKeyIdentifier"":null,""displayName"":null,""endDateTime"":""2018-03-02T10:05:39.6629725Z"",""hint"":null,""keyId"":""eac93f11-3a2f-4781-b58e-ab81d5716862"",""startDateTime"":""2016-03-02T10:05:39.6629725Z"",""secretText"":null}]","1b0dd59b-51e6-4658-b625-a82e4b46b3d3","null","[""https://wa-dev-cmn-serverops.azurewebsites.net""]","null","null","null","AzureADMyOrg","[]","null","null","null","[]","[]","[]","null","null","null","null","null","[]","Allow","[""https://wa-dev-cmn-serverops.azurewebsites.net""]","https://wa-dev-cmn-serverops.azurewebsites.net","null","true","false"
"""Debbi - Test""","6f79f575-9d44-43a0-8dd7-c911e2cf8e19","2019-09-19T14:20:11Z","[]","[{""customKeyIdentifier"":null,""displayName"":""Password uploaded on Thu Jan 21 2021"",""endDateTime"":""2022-01-21T14:49:14.875Z"",""hint"":""OyN"",""keyId"":""8ad4c024-683d-4d51-a316-abe2e51657be"",""startDateTime"":""2021-01-21T14:49:22.644Z"",""secretText"":null}]","1b1272a1-7fd2-4bde-92c2-269d0a2a2fb8","null","[""api://6f79f575-9d44-43a0-8dd7-c911e2cf8e19""]","null","null","ncconline.onmicrosoft.com","AzureADMyOrg","[]","null","null","null","[]","[]","[]","null","null","null","null","null","[]","Allow","[""http://localhost:55960/"",""https://localhost:44385/""]","null","null","true","true"
"""ar-dev-cmn-contract-management-projectService-client""","40f54c07-fd0b-4f70-a6c4-c0d99dd64a21","2022-10-18T10:34:52Z","[{""customKeyIdentifier"":""E4766BCE0CB1207FA3D427FAA78DB6C90A0F234C"",""displayName"":""CN=contractmanagement-dev, OU=Business Transformation, O=NCC, L=Stockholm, S=Stockholm, C="",""endDateTime"":""2027-08-20T08:49:51Z"",""keyId"":""162d63d1-bbfa-485e-9c07-0d08fc4117b2"",""startDateTime"":""2025-08-20T08:39:51Z"",""type"":""AsymmetricX509Cert"",""usage"":""Verify"",""key"":null}]","[]","1b72c741-017f-4df4-8b72-59c96bdb131a","null","[]","null","null","ncconline.onmicrosoft.com","AzureADMyOrg","[]","null","null","null","[]","[]","[]","null","null","null","null","null","[]","Allow","[]","null","null","false","false"
"""Agent 2 (Microsoft Copilot Studio)""","0992fd99-9093-440c-8a3d-e78f8f5368a2","2026-01-15T11:47:59Z","[]","[]","1b802c86-2b33-4ea1-8578-7350e5cc92a8","null","[]","null","null","ncconline.onmicrosoft.com","AzureADMyOrg","[""AIAgentBuilder"",""AgentCreatedBy:CopilotStudio"",""AgenticApp"",""power-virtual-agents-7e3e1c53-658a-06ed-e19a-fc540f438b11""]","null","null","null","[]","[]","[]","null","null","null","null","null","[]","Allow","[]","null","null","false","false"
"""ar-uat-cmn-foresee""","e10be35d-5aa1-4963-bcbe-6aadb25dfcd5","2020-08-26T07:35:34Z","[]","[{""customKeyIdentifier"":null,""displayName"":""ForAzureDevOps"",""endDateTime"":""2299-12-30T23:00:00Z"",""hint"":""Juq"",""keyId"":""7b4e72f8-f79a-4072-8f67-393f099b0648"",""startDateTime"":""2020-09-30T10:56:44.816Z"",""secretText"":null}]","1ba6d678-4855-4dae-ad3c-381bf2ce119e","null","[]","null","null","ncconline.onmicrosoft.com","AzureADMyOrg","[]","null","null","null","[]","[]","[]","null","null","null","null","null","[]","Allow","[]","null","null","false","false"
"""Customization Agent (Microsoft Copilot Studio)""","3807492f-e737-4f7a-a74f-ac0aa153d74c","2025-10-17T23:05:48Z","[]","[]","1bc06bcf-d91d-454f-85e8-1276805158cf","null","[]","null","null","ncconline.onmicrosoft.com","AzureADMyOrg","[""AIAgentBuilder"",""AgentCreatedBy:CopilotStudio"",""AgenticApp"",""power-virtual-agents-0dcd8832-0bab-b70d-bbd9-8f72b35c0b38""]","null","null","null","[]","[]","[]","null","null","null","null","null","[]","Allow","[]","null","null","false","false"
"""Customer Service Copilot Bot (Power Virtual Agents)""","d8c7e292-2f57-40e5-aea3-54579884fa5e","2024-04-14T02:10:52Z","[]","[]","1be03d37-8ed3-43f9-92ed-39356eea5e64","null","[]","null","null","ncconline.onmicrosoft.com","AzureADMultipleOrgs","[""AIAgentBuilder"",""AgentCreatedBy:CopilotStudio"",""AgenticApp"",""power-virtual-agents-a781c525-4f10-4fbc-92b4-e9657e7e4927""]","null","null","null","[]","[]","[]","null","null","null","null","null","[]","Allow","[]","null","null","false","false"
"""ar-dev-cmn-kpi""","799548ab-65dd-45f0-bebc-5e9a5fcd5d3c","2023-06-09T11:19:15Z","[]","[{""customKeyIdentifier"":null,""displayName"":""For app-2"",""endDateTime"":""2027-06-10T20:06:24.866Z"",""hint"":""563"",""keyId"":""d4da9f54-9e2a-4d39-ba5b-73c5e5523e5e"",""startDateTime"":""2025-06-10T20:06:24.866Z"",""secretText"":null},{""customKeyIdentifier"":null,""displayName"":""For app"",""endDateTime"":""2025-06-13T09:52:40.943Z"",""hint"":""fYi"",""keyId"":""753c9135-7678-434b-b89a-07283629761a"",""startDateTime"":""2023-06-14T09:52:40.943Z"",""secretText"":null}]","1beed0eb-7daa-42a7-8b1d-79eafde7c581","null","[]","null","null","ncconline.onmicrosoft.com","AzureADMyOrg","[]","null","null","null","[]","[]","[]","null","null","null","null","null","[]","Allow","[""https://devkpi.ncc.group/signin-oidc"",""https://localhost:55862/signin-oidc"",""https://wa-dev-cmn-kpi.azurewebsites.net/signin-oidc""]","null","null","true","false"
"""VDC Assistent (Microsoft Copilot Studio)""","3c6fefb7-1c57-4771-84ea-09ece7005387","2025-09-10T13:10:09Z","[]","[]","1bf99ac0-10e0-4348-8b29-98005b43c33c","null","[]","null","null","ncconline.onmicrosoft.com","AzureADMyOrg","[""AIAgentBuilder"",""AgentCreatedBy:CopilotStudio"",""AgenticApp"",""power-virtual-agents-150e1ba3-f9d5-11ff-76be-5d01c60ad3a9""]","null","null","null","[]","[]","[]","null","null","null","null","null","[]","Allow","[]","null","null","false","false"
"""ar-uat-ind-wheelloader-frontend""","0d12b6c1-6007-423c-ab58-6fd449a31c79","2017-11-01T08:16:56Z","[]","[]","1c5b41c9-5b73-420b-9054-a095aafa9f5a","null","[""https://wa-uat-ind-wheelloader-frontend.azurewebsites.net""]","null","null","null","AzureADMyOrg","[]","null","null","null","[]","[]","[]","null","null","null","null","null","[]","Allow","[""https://wa-uat-ind-wheelloader-frontend.azurewebsites.net/.auth/login/aad/callback""]","https://wa-uat-ind-wheelloader-frontend.azurewebsites.net","null","true","false"
"""AR-Prod-IND-Dynamics-PriceListService""","a4931525-6897-4b42-ad3f-11f903cd3b99","2021-11-02T16:16:41Z","[]","[{""customKeyIdentifier"":null,""displayName"":""PriceListService_3"",""endDateTime"":""2027-09-25T07:44:24.994Z"",""hint"":""XfH"",""keyId"":""12134735-2bf4-492a-b19d-17ecda784e61"",""startDateTime"":""2025-09-25T07:44:24.994Z"",""secretText"":null},{""customKeyIdentifier"":null,""displayName"":""PriceListService_2"",""endDateTime"":""2025-10-25T09:05:33.707Z"",""hint"":""qY6"",""keyId"":""a8019d6e-a777-4633-a6b8-8a899e4674c6"",""startDateTime"":""2023-10-26T09:05:33.707Z"",""secretText"":null},{""customKeyIdentifier"":null,""displayName"":""PriceListService"",""endDateTime"":""2023-11-08T14:20:40.761Z"",""hint"":""Ysb"",""keyId"":""afd02c18-b636-4061-a577-b8e883634084"",""startDateTime"":""2021-11-08T14:20:40.761Z"",""secretText"":null}]","1c74f539-9a8a-400e-8ef8-2c9a970d0de0","null","[]","null","null","ncconline.onmicrosoft.com","AzureADMyOrg","[]","null","null","null","[]","[]","[]","null","null","null","null","null","[]","Allow","[]","null","null","false","false"
"""ISO-krav (Microsoft Copilot Studio)""","fab3b0d4-2127-4fee-b8e7-d2f5a39df22f","2025-03-31T14:33:19Z","[]","[]","1c9fe0b0-cceb-4820-b0dd-cfc2deb3cfec","null","[]","null","null","ncconline.onmicrosoft.com","AzureADMyOrg","[""AIAgentBuilder"",""AgentCreatedBy:CopilotStudio"",""AgenticApp"",""power-virtual-agents-678faa1e-b9bd-8b32-e7da-f7abcca39181""]","null","null","null","[]","[]","[]","null","null","null","null","null","[]","Allow","[]","null","null","false","false"
"""ar-test-ind-runmobile""","8f74cc56-10fd-488a-8d97-6dde1c725b07","2020-06-25T07:10:45Z","[]","[]","1cb887ec-0d63-44bf-809c-1a9d805fb5cb","null","[]","null","null","ncconline.onmicrosoft.com","AzureADMultipleOrgs","[]","null","null","null","[]","[]","[""msauth://com.ncc.industry.runmobile.stage.local/UlO4KLScTJcHH6643Yiw%2BZHrj0w%3D"",""msauth://com.ncc.industry.runmobile.stage.public.first/Ge7h%2BHz2F%2FAeF%2F6h3Hec%2FNxcB3Q%3D""]","null","null","null","null","null","[]","Allow","[]","null","null","false","false"
"""ar-prod-cmn-contrMgmt-siteCreation""","f8744a2d-210d-42c3-bba0-776251ac17ce","2022-06-30T13:38:27Z","[{""customKeyIdentifier"":""2FF3582856DDA50FE9EEEC50E8D0226C29F8F481"",""displayName"":""Self-signed 2025-02-19"",""endDateTime"":""2027-02-19T19:57:14Z"",""keyId"":""c1c16619-6a37-4e8a-b26a-745e51ced1a5"",""startDateTime"":""2025-02-19T19:47:14Z"",""type"":""AsymmetricX509Cert"",""usage"":""Verify"",""key"":null}]","[]","1ccbc869-fb51-4104-bb5e-f45f849e40f8","null","[]","null","null","ncconline.onmicrosoft.com","AzureADMyOrg","[]","null","null","null","[]","[]","[]","null","null","null","null","null","[]","Allow","[]","null","null","false","false"
"""ncc-tfs-NCC-prod-cmn-smartbuildings-536512e6-44e5-4e9a-849a-33131501e63f""","dbc9648a-2e5a-4f76-89b4-70082dcc93e3","2018-04-12T19:49:31Z","[]","[{""customKeyIdentifier"":null,""displayName"":null,""endDateTime"":""2020-04-12T19:49:31.3662692Z"",""hint"":null,""keyId"":""85339452-d0d7-443a-8cff-9dc2966b8d7e"",""startDateTime"":""2018-04-12T19:49:31.3662692Z"",""secretText"":null}]","1d05703a-fbbe-435f-b5b1-e15233b137bf","null","[""https://VisualStudio/SPNe8d47665-eeb9-4638-882b-be574488e244""]","null","null","null","AzureADMyOrg","[]","null","null","null","[]","[]","[]","null","null","null","null","null","[]","Allow","[""https://VisualStudio/SPN""]","https://VisualStudio/SPN","null","true","false"
"""ar-prod-xensam-xync-m365""","c7a32457-e592-406f-a74c-e19e848dea12","2020-09-29T06:23:24Z","[]","[{""customKeyIdentifier"":null,""displayName"":""XyncKey"",""endDateTime"":""2026-07-02T08:14:21.658Z"",""hint"":""qfn"",""keyId"":""0d3540df-a364-45c0-8a9c-dd60f470b652"",""startDateTime"":""2024-07-02T08:14:21.658Z"",""secretText"":null}]","1d297a2d-5f31-4523-8c66-a8b7388ecba5","null","[]","null","null","ncconline.onmicrosoft.com","AzureADMyOrg","[]","null","null","null","[]","[]","[]","null","null","null","null","null","[]","Allow","[]","null","null","false","false"
"""ar-test-ind-serviceNow""","6b3335ee-5da6-42ab-bc7e-16e74a670452","2018-11-15T09:35:23Z","[]","[{""customKeyIdentifier"":null,""displayName"":""ServiceNowTest"",""endDateTime"":""2023-05-21T06:29:05.686Z"",""hint"":""oZo"",""keyId"":""a9276e61-3da6-4686-9e2b-6c37eaae8eb9"",""startDateTime"":""2022-11-21T07:29:05.686Z"",""secretText"":null},{""customKeyIdentifier"":null,""displayName"":""Discovery2022"",""endDateTime"":""2024-01-27T09:22:18.355Z"",""hint"":""tPQ"",""keyId"":""107697e2-e587-4431-9ea1-3f25700dfdc7"",""startDateTime"":""2022-01-27T09:22:18.355Z"",""secretText"":null},{""customKeyIdentifier"":null,""displayName"":""ServiceNowTestv3"",""endDateTime"":""2299-12-30T23:00:00Z"",""hint"":""c59"",""keyId"":""df677b35-34f2-4e04-abca-872bf5002d6e"",""startDateTime"":""2021-02-04T15:00:05.074Z"",""secretText"":null}]","1d6fd52c-185b-4f9d-8767-d9030d59b61b","false","[""https://ncconline.onmicrosoft.com/8174d6ce-52db-4e26-a94a-279d2682e914""]","null","null","null","AzureADMyOrg","[]","null","null","null","[]","[]","[]","null","null","null","null","https://secure.aadcdn.microsoftonline-p.com/c1c6b6c8-6uswhvxlhkkm-sycs0sto1cdksnznubohzifl1jzckc/appbranding/zvs8c1unn6v2cibydwqgeajib9hl2ojqdbedux6gezc/1033/bannerlogo?ts=636778721025240387","[]","Allow","[""https://onencctest.service-now.com""]","https://onencctest.service-now.com","null","true","false"
"""Account reconciliation amounts (Microsoft Copilot Studio)""","3929890b-a7bc-49d9-a71b-661879e27de3","2025-08-07T07:57:00Z","[]","[]","1d7912c0-6c89-44ac-8ec7-fcb6e8185348","null","[]","null","null","ncconline.onmicrosoft.com","AzureADMyOrg","[""AIAgentBuilder"",""AgentCreatedBy:CopilotStudio"",""AgenticApp"",""power-virtual-agents-1ccead19-436f-f462-4505-98fb939f49e0""]","null","null","null","[]","[]","[]","null","null","null","null","null","[]","Allow","[]","null","null","false","false"
"""MyConcreteTesting1""","ee1f83da-c282-4507-99d3-66f3c211ea4e","2017-10-05T17:43:09Z","[]","[{""customKeyIdentifier"":null,""displayName"":null,""endDateTime"":""2018-10-05T17:43:06.7222822Z"",""hint"":null,""keyId"":""f715ec89-86f2-4c96-9d42-f4364fa86593"",""startDateTime"":""2017-10-05T17:43:06.7217748Z"",""secretText"":null}]","1d960ad7-171b-4cc9-86d7-1610840c24f8","false","[""https://ncconline.onmicrosoft.com/MyConcreteTesting1""]","null","null","null","AzureADMyOrg","[]","null","null","null","[]","[]","[]","null","null","null","null","null","[]","Allow","[""https://localhost:44328/""]","https://myconcretetesting.azurewebsites.net/","https://myconcretetesting.azurewebsites.net/","true","false"
"""Account reconciliation agent (Microsoft Copilot Studio)""","dcc2dafd-f3a7-45bf-bd31-3a78918d7efc","2025-09-04T23:40:11Z","[]","[]","1da9a9d3-4928-4c0e-985b-55ac858c0143","null","[]","null","null","ncconline.onmicrosoft.com","AzureADMyOrg","[""AIAgentBuilder"",""AgentCreatedBy:CopilotStudio"",""AgenticApp"",""power-virtual-agents-64834ffe-b3bc-5f0a-d9e0-6287095378fe""]","null","null","null","[]","[]","[]","null","null","null","null","null","[]","Allow","[]","null","null","false","false"
"""ar-prod2-ind-nccconnect-DevOps""","a49e189f-b4fb-44a2-b393-63c084ef9b32","2023-01-23T06:56:00Z","[]","[{""customKeyIdentifier"":null,""displayName"":""DevOps Service connection 2026"",""endDateTime"":""2026-09-12T06:14:09.89Z"",""hint"":""0~q"",""keyId"":""63861301-a69b-471f-8f95-61637b7a47be"",""startDateTime"":""2024-09-12T06:14:09.89Z"",""secretText"":null}]","1db272f5-9d70-417e-80e2-9cc59faddcbf","null","[]","null","null","ncconline.onmicrosoft.com","AzureADMyOrg","[]","null","null","null","[]","[]","[]","null","null","null","null","null","[]","Allow","[]","null","null","false","false"
"""IND-TEM""","8eb9528d-07b6-4772-9c2f-f6579f62ad0b","2017-08-25T13:31:34Z","[]","[{""customKeyIdentifier"":null,""displayName"":""CWAP_AuthSecret"",""endDateTime"":""2026-03-28T21:18:59.1118097Z"",""hint"":""-tt"",""keyId"":""4ade61dc-88d6-444d-8f0f-e5b0146321a9"",""startDateTime"":""2025-03-28T21:14:59.1118097Z"",""secretText"":null},{""customKeyIdentifier"":""Q1dBUF9BdXRoU2VjcmV0"",""displayName"":null,""endDateTime"":""2025-06-22T22:17:40.5238129Z"",""hint"":""Ig9"",""keyId"":""bd4a25c5-a5d6-4470-bb48-25bce134e324"",""startDateTime"":""2024-06-22T22:13:40.5238129Z"",""secretText"":null},{""customKeyIdentifier"":""Q1dBUF9BdXRoU2VjcmV0"",""displayName"":null,""endDateTime"":""2024-09-19T22:38:04.8035934Z"",""hint"":""Fi4"",""keyId"":""24cfe41d-dd17-4382-b765-5a18213df4df"",""startDateTime"":""2023-09-20T22:34:04.8035934Z"",""secretText"":null}]","1dc588a3-5550-40a2-aef0-c9aa842f5fb3","false","[""https://cmnap49.adroot.net/"",""http://customappsso59D5F23675E844B5B138F1FC6A21FF47"",""http://instanceid_8adf8e6e-67b2-4cf2-a259-e3dc5476c621_9B42153B94A84378876C528D61465C01"",""http://customappsso/1d4b2931-dd28-4bdf-9f44-fce74cfb579a""]","null","null","null","AzureADMyOrg","[]","null","null","null","[]","[]","[]","null","null","null","null","null","[]","Allow","[""https://cmnap49.adroot.net/"",""https://127.0.0.1:444/applications/default.aspx""]","https://cmnap49.adroot.net/","null","true","false"
"""D365 Sales Agent - Company Resolver (Microsoft Copilot Studio)""","a460c9b5-a13f-42d3-bfd4-928661d0e1f7","2025-11-15T21:50:05Z","[]","[]","1e04e90c-ddff-4694-bb3b-a5a1c6663cd9","null","[]","null","null","ncconline.onmicrosoft.com","AzureADMyOrg","[""AIAgentBuilder"",""AgentCreatedBy:CopilotStudio"",""AgenticApp"",""power-virtual-agents-ccbef174-e8e9-f127-e022-62717d8786f6""]","null","null","null","[]","[]","[]","null","null","null","null","null","[]","Allow","[]","null","null","false","false"
"""Sikre rejser-Copilot (Microsoft Copilot Studio)""","01e22fe6-ca19-457f-9815-36c1d644f140","2024-08-29T08:46:50Z","[]","[]","1e46d0fc-5150-4a32-b929-8c13d3128fd8","null","[]","null","null","ncconline.onmicrosoft.com","AzureADMultipleOrgs","[""AIAgentBuilder"",""AgentCreatedBy:CopilotStudio"",""AgenticApp"",""power-virtual-agents-6c19b940-fc63-8331-dc07-ffb9f47efcc3""]","null","null","null","[]","[]","[]","null","null","null","null","null","[]","Allow","[]","null","null","false","false"
""" ar-test-lime-industry-scim""","2af01a6c-99fc-464e-a8a9-519b284f968b","2025-07-08T12:39:22Z","[]","[]","1e4988e2-200e-46f4-85f6-8ef06a4ed7d2","false","[]","null","null","ncconline.onmicrosoft.com","AzureADMyOrg","[]","null","null","null","[]","[]","[]","null","null","null","null","null","[]","Allow","[""https://YourOnPremiseServerURL""]","https://YourOnPremiseServerURL?metadata=agentbasedscim|ISV9.1|primary|z","null","true","false"
"""ar-prod-cmn-ramp-siteintroduction""","24d4de18-a340-4229-86d5-925295f146a3","2024-02-20T08:21:21Z","[]","[{""customKeyIdentifier"":null,""displayName"":""SiteIntro-RampAppReg-GetAllProject-ClientSecret"",""endDateTime"":""2026-09-23T08:24:42.637Z"",""hint"":""Mcm"",""keyId"":""27772844-853d-431c-a231-b6ca8c3b979b"",""startDateTime"":""2024-09-23T08:24:42.637Z"",""secretText"":null},{""customKeyIdentifier"":null,""displayName"":""Secret for accessing DF-ProjectRole/GetAll-SecurityClass-2"",""endDateTime"":""2026-09-23T08:23:38.502Z"",""hint"":""n0Z"",""keyId"":""4ee9a174-c2fc-4c50-85d1-cb702d5e40fd"",""startDateTime"":""2024-09-23T08:23:38.502Z"",""secretText"":null},{""customKeyIdentifier"":null,""displayName"":""Secret for accessing DF-Site/SecurityClass-2"",""endDateTime"":""2026-09-18T05:29:42.214Z"",""hint"":""3So"",""keyId"":""900753e9-6fb3-4316-8a03-2b12eec36d7a"",""startDateTime"":""2024-09-18T05:29:42.214Z"",""secretText"":null},{""customKeyIdentifier"":null,""displayName"":""ServiceBus-Ramp-AppReg"",""endDateTime"":""2026-09-18T05:28:04.026Z"",""hint"":""l3k"",""keyId"":""f59e7a3f-98ab-43e9-becf-1e89e13d9769"",""startDateTime"":""2024-09-18T05:28:04.026Z"",""secretText"":null},{""customKeyIdentifier"":null,""displayName"":""Ramp-AppReg"",""endDateTime"":""2026-09-18T05:26:20.936Z"",""hint"":""oHh"",""keyId"":""765b4295-1ecd-4f83-8d16-aa1718333849"",""startDateTime"":""2024-09-18T05:26:20.936Z"",""secretText"":null}]","1e6a3a1e-c46f-4dbf-804e-4bef15e8259e","null","[]","null","null","ncconline.onmicrosoft.com","AzureADMyOrg","[]","null","null","null","[]","[]","[]","null","null","null","null","null","[]","Allow","[]","null","null","false","false"
"""ar-dev-cmn-contract-management-ext-fileupload""","47c51736-3771-4333-9721-f518757f57b2","2024-09-20T06:25:56Z","[]","[]","1e7dd96b-7a40-4bff-afff-e1ff2132418b","null","[""api://dev.cmn.ext.fileupload.ncc.se""]","null","null","ncconline.onmicrosoft.com","AzureADMyOrg","[]","null","null","null","[]","[]","[]","null","null","null","null","null","[]","Allow","[""https://fn-cm-external-file-upload-dev.azurewebsites.net/.auth/login/aad/callback""]","null","null","false","false"
"""AdvaniaOperations""","74ccd73b-d2cc-4782-9840-678d1ad3e078","2019-10-25T13:48:27Z","[]","[{""customKeyIdentifier"":null,""displayName"":""Automation"",""endDateTime"":""2299-12-30T23:00:00Z"",""hint"":""C@1"",""keyId"":""312aff16-dc7f-4114-b27f-ce25331f251d"",""startDateTime"":""2020-02-24T15:50:24.597Z"",""secretText"":null},{""customKeyIdentifier"":null,""displayName"":""Devops"",""endDateTime"":""2299-12-30T23:00:00Z"",""hint"":""9Y5"",""keyId"":""c0dff9e4-463b-489b-952c-badf2e3d2709"",""startDateTime"":""2019-12-04T13:00:45.682Z"",""secretText"":null},{""customKeyIdentifier"":null,""displayName"":""Secret"",""endDateTime"":""2299-12-30T23:00:00Z"",""hint"":""B.M"",""keyId"":""3ced715d-9971-4a76-9a4c-3c23ad5966d2"",""startDateTime"":""2019-10-25T14:35:43.595Z"",""secretText"":null}]","1eb7f100-f2cf-46d5-b1b7-03f3c6d1f812","false","[]","null","null","ncconline.onmicrosoft.com","AzureADMultipleOrgs","[]","null","null","null","[]","[]","[]","null","null","null","null","null","[]","Allow","[""https://fa-prod-cmn-advaniaop-resourcescaling.azurewebsites.net/.auth/login/aad/callback""]","null","null","true","false"
"""Jenni tasks (Power Virtual Agents)""","940c47dc-c5a1-481d-95c4-998d04b58f6e","2024-05-15T11:24:05Z","[]","[]","1eb85a65-a5b4-4982-921c-742ceebfa59a","null","[]","null","null","ncconline.onmicrosoft.com","AzureADMultipleOrgs","[""AIAgentBuilder"",""AgentCreatedBy:CopilotStudio"",""AgenticApp"",""power-virtual-agents-43d43c84-8cb6-49d9-b194-a6d14e8be527""]","null","null","null","[]","[]","[]","null","null","null","null","null","[]","Allow","[]","null","null","false","false"
"""CSKnowledgeHarvestV2 (Microsoft Copilot Studio)""","1a50daad-6470-4a1a-b4f2-50b9da7b852d","2024-12-19T12:41:52Z","[]","[]","1ec6bc46-3580-40b9-b31b-56d67bd95d94","null","[]","null","null","ncconline.onmicrosoft.com","AzureADMultipleOrgs","[""AIAgentBuilder"",""AgentCreatedBy:CopilotStudio"",""AgenticApp"",""power-virtual-agents-d63259c5-1548-4f7e-bc17-de7ba705c48f""]","null","null","null","[]","[]","[]","null","null","null","null","null","[]","Allow","[]","null","null","false","false"
"""D365 Sales Agent - Email Validation (Microsoft Copilot Studio)""","a3662820-f7ad-4cd8-90ad-65b647ca707b","2025-05-18T02:34:49Z","[]","[]","1ec8c5f4-568f-4aa3-ba3f-29a4c3be876d","null","[]","null","null","ncconline.onmicrosoft.com","AzureADMyOrg","[""AIAgentBuilder"",""AgentCreatedBy:CopilotStudio"",""AgenticApp"",""power-virtual-agents-4177b01b-f3b2-b1b4-8ee0-452842e79eab""]","null","null","null","[]","[]","[]","null","null","null","null","null","[]","Allow","[]","null","null","false","false"
"""wa-prod-inf-mac""","1d53fdb1-6baa-4c3c-b56f-349a1080a7aa","2017-10-27T15:41:51Z","[]","[{""customKeyIdentifier"":null,""displayName"":""Key"",""endDateTime"":""2299-12-30T23:00:00Z"",""hint"":""-4Z"",""keyId"":""0c3e0ed8-cecc-4c54-bd79-8ef1f82e2b0e"",""startDateTime"":""2019-09-02T12:25:19.473Z"",""secretText"":null}]","1f09cf62-b130-4f95-b804-16b6dc22b864","false","[""https://ncconline.onmicrosoft.com/249b4c2a-5cbb-406f-a9a3-04cbd7537c37""]","null","null","null","AzureADMultipleOrgs","[]","null","null","null","[]","[]","[""urn:ietf:wg:oauth:2.0:oob""]","null","null","null","null","null","[]","Allow","[""https://wa-prod-inf-mac-wa-prod-inf-mac-test.ase02.ncc.info/.auth/login/aad/callback"",""https://wa-prod-inf-mac-wa-prod-inf-mac-dev.ase02.ncc.info/.auth/login/aad/callback"",""http://wa-prod-inf-masscontrol-fullversion"",""https://wa-prod-inf-mac.ase02.ncc.info/.auth/login/aad/callback"",""http://localhost/masscontrol/map.htm""]","https://wa-prod-inf-mac.ase02.ncc.info","null","true","false"
"""ar-test-cmn-integration-msgbackbone""","ea0917f1-0aff-4c11-b46b-5f129b1f32cb","2023-06-26T06:55:27Z","[]","[]","1f18184e-276b-4b9d-a792-573eb3e6592b","null","[]","null","null","ncconline.onmicrosoft.com","AzureADMyOrg","[]","null","null","null","[]","[]","[]","null","null","null","null","null","[]","Allow","[]","null","null","false","false"
"""fa-prod-ind-rms-stone-dk-pnp-idp""","99808a75-33ed-466e-ba7e-3ed5064f5a32","2024-02-01T12:40:01Z","[]","[{""customKeyIdentifier"":null,""displayName"":""Generated by App Service"",""endDateTime"":""2034-02-01T12:40:01.437Z"",""hint"":""gvN"",""keyId"":""3bbff9fc-9acb-411e-98cc-462258610afd"",""startDateTime"":""2024-02-01T12:40:01.437Z"",""secretText"":null}]","1f33d63c-3e4f-4d56-a642-409281ceb481","null","[""api://99808a75-33ed-466e-ba7e-3ed5064f5a32""]","null","null","ncconline.onmicrosoft.com","AzureADMyOrg","[]","null","null","null","[]","[{""appId"":""e42129f4-8cf2-4661-b273-f26763700768"",""delegatedPermissionIds"":[""5bb797d5-f1a0-4d35-b1c8-3e5aeca2f288""]}]","[]","null","null","null","null","null","[]","Allow","[""https://fa-prod-ind-rms-stone-dk-pnp.azurewebsites.net/.auth/login/aad/callback""]","https://fa-prod-ind-rms-stone-dk-pnp.azurewebsites.net","null","true","false"
"""D365 Sales Agent - Competitor (Microsoft Copilot Studio)""","9289eb2d-4398-4d1b-8b07-8ba6e7e99fde","2025-07-25T19:25:21Z","[]","[]","1fe3e804-3ad8-4266-af2a-4eba10a469ee","null","[]","null","null","ncconline.onmicrosoft.com","AzureADMyOrg","[""AIAgentBuilder"",""AgentCreatedBy:CopilotStudio"",""AgenticApp"",""power-virtual-agents-df092ce5-6b4c-f053-8a0f-fcfdc8ed8be8""]","null","null","null","[]","[]","[]","null","null","null","null","null","[]","Allow","[]","null","null","false","false"
"""Agent (Microsoft Copilot Studio)""","fe98f04c-8e0a-4ba5-af87-72948d1c0f6f","2025-07-16T12:18:46Z","[]","[]","20025fae-8225-4457-9ed6-f24eefbd31e1","null","[]","null","null","ncconline.onmicrosoft.com","AzureADMyOrg","[""AIAgentBuilder"",""AgentCreatedBy:CopilotStudio"",""AgenticApp"",""power-virtual-agents-af2d24fb-a7d2-36d9-e875-6274c81ebc84""]","null","null","null","[]","[]","[]","null","null","null","null","null","[]","Allow","[]","null","null","false","false"
"""ar-uat-ind-CapCargoDriverApp""","f2064ead-67ab-4048-b8b2-b9bb9b00e3c2","2021-06-07T13:30:48Z","[]","[{""customKeyIdentifier"":null,""displayName"":""ar-uat-ind-CapCargoDriverApp"",""endDateTime"":""2023-06-08T14:27:21.379Z"",""hint"":""~1d"",""keyId"":""e2beb4d0-7767-4893-9946-43e9a9ea64de"",""startDateTime"":""2021-06-08T14:27:39.837Z"",""secretText"":null}]","20349114-4d6f-493d-8539-e2297a48f4c0","null","[]","null","null","ncconline.onmicrosoft.com","AzureADMyOrg","[]","null","null","null","[]","[]","[]","null","null","null","null","null","[]","Allow","[]","null","null","false","false"
"""ar-prod-ind-IMaS-TermStore""","1da093fc-6dca-4e83-8abf-8da8f3b345bf","2024-05-30T07:49:17Z","[{""customKeyIdentifier"":""4EF7D8BD1240C3CDDC2B52EC2C8451DC6AA18F09"",""displayName"":""CN=IMAS_TermStore"",""endDateTime"":""2026-08-16T07:25:41Z"",""keyId"":""85f81ebe-b8b5-4057-88eb-b1aed13bb394"",""startDateTime"":""2024-08-16T07:15:42Z"",""type"":""AsymmetricX509Cert"",""usage"":""Verify"",""key"":null}]","[]","20422228-43e9-44fa-a5a7-5fcf133f01b3","null","[]","null","null","ncconline.onmicrosoft.com","AzureADMyOrg","[]","null","null","null","[]","[]","[]","null","null","null","null","null","[]","Allow","[]","null","null","false","false"
"""ar-prod-ind-nccconnect""","acfa3cff-5f12-4184-bf86-36629369a929","2022-10-21T07:03:44Z","[]","[{""customKeyIdentifier"":null,""displayName"":""API Management Client Credential Authentication"",""endDateTime"":""2026-12-05T15:06:33.815Z"",""hint"":""v4T"",""keyId"":""79a370a3-5dae-4df4-a9e6-afc365ead7e9"",""startDateTime"":""2024-12-05T15:06:33.815Z"",""secretText"":null}]","2074b1d0-2ed4-4bc3-825e-ef9ff614f134","null","[]","null","null","ncconline.onmicrosoft.com","AzureADMyOrg","[]","null","null","null","[]","[]","[]","null","null","null","null","null","[]","Allow","[]","null","null","false","false"
"""ar-test-ind-boss-client""","94cf0e51-3eda-4326-977d-faf21ab49159","2022-09-20T20:37:21Z","[]","[]","208baa4c-8551-4205-8c69-8fca201aec90","null","[]","null","null","ncconline.onmicrosoft.com","AzureADMyOrg","[]","null","null","null","[]","[]","[]","null","null","null","null","null","[]","Allow","[]","null","https://wa-test-ind-blasting.azurewebsites.net/signout","false","true"
"""ar-prod-ind-dynamics365""","b145cb4a-1ed8-408a-82f8-d8650f0085a5","2022-11-29T13:05:04Z","[]","[{""customKeyIdentifier"":null,""displayName"":""read secrets in key vault"",""endDateTime"":""2026-12-02T13:30:13.016Z"",""hint"":""u4q"",""keyId"":""c7ad7d04-1500-4bc6-9f81-26fbdffc2e4c"",""startDateTime"":""2024-12-02T13:30:13.016Z"",""secretText"":null},{""customKeyIdentifier"":null,""displayName"":""read secrets in key vault"",""endDateTime"":""2024-11-29T14:32:38.186Z"",""hint"":""6jy"",""keyId"":""b35051c0-2605-4b99-ab72-b33fdd155850"",""startDateTime"":""2022-11-29T14:32:38.186Z"",""secretText"":null}]","211ee07c-c3dc-4c84-89d9-763ff1024732","null","[]","null","null","ncconline.onmicrosoft.com","AzureADMyOrg","[]","null","null","null","[]","[]","[]","null","null","null","null","null","[]","Allow","[]","null","null","false","false"
"""D365 Sales Agent - Research (Microsoft Copilot Studio)""","8c2954cf-417d-4751-92c4-14a48ea7fc4c","2025-05-18T02:14:01Z","[]","[]","2141c7ee-9d32-4e78-9cda-d65afa62c2aa","null","[]","null","null","ncconline.onmicrosoft.com","AzureADMyOrg","[""AIAgentBuilder"",""AgentCreatedBy:CopilotStudio"",""AgenticApp"",""power-virtual-agents-817d7ace-e55c-928f-e02c-a42b33196f5f""]","null","null","null","[]","[]","[]","null","null","null","null","null","[]","Allow","[]","null","null","false","false"
"""ar-test-ind-boss-api""","0f405c36-6ef1-439b-9e9f-a13a55125b87","2022-09-20T20:36:53Z","[]","[{""customKeyIdentifier"":null,""displayName"":""APISecret2026"",""endDateTime"":""2028-01-22T14:07:08.636Z"",""hint"":""4xM"",""keyId"":""549d72ba-933c-4bc5-bb86-2f6f9441ab64"",""startDateTime"":""2026-01-22T14:07:08.636Z"",""secretText"":null},{""customKeyIdentifier"":null,""displayName"":""APISecret2024"",""endDateTime"":""2026-08-22T08:32:43.832Z"",""hint"":"".oK"",""keyId"":""b90f340b-8fb9-4f3d-9a34-f976f97bd704"",""startDateTime"":""2024-08-22T08:32:43.832Z"",""secretText"":null}]","2161b2ac-dc18-4bdc-b131-0135f080313c","null","[""api://0f405c36-6ef1-439b-9e9f-a13a55125b87""]","null","null","ncconline.onmicrosoft.com","AzureADMyOrg","[]","null","null","null","[]","[{""appId"":""94cf0e51-3eda-4326-977d-faf21ab49159"",""delegatedPermissionIds"":[""c63354c2-0264-438d-9866-61773f9f4fd4""]}]","[]","null","null","null","null","null","[]","Allow","[]","null","null","false","false"
"""D365 Sales Agent - Company Resolver (Microsoft Copilot Studio)""","b55c0d6c-254c-47bc-94b5-8bd53be805d0","2025-11-15T06:16:09Z","[]","[]","218ab5af-85e7-4365-9fe7-0f2512744f92","null","[]","null","null","ncconline.onmicrosoft.com","AzureADMyOrg","[""AIAgentBuilder"",""AgentCreatedBy:CopilotStudio"",""AgenticApp"",""power-virtual-agents-1602e6f2-1ad1-3644-d4cb-5d289045be88""]","null","null","null","[]","[]","[]","null","null","null","null","null","[]","Allow","[]","null","null","false","false"
"""ar-dev-cmn-ifs""","caa675c2-3669-4278-9067-fc2dcdae722e","2025-01-17T09:15:47Z","[]","[{""customKeyIdentifier"":null,""displayName"":""integration_platform_connection_260127"",""endDateTime"":""2028-01-27T13:40:59.939Z"",""hint"":""d-G"",""keyId"":""997cba84-aaf1-4c3a-96b8-5a22426f2575"",""startDateTime"":""2026-01-27T13:40:59.939Z"",""secretText"":null},{""customKeyIdentifier"":null,""displayName"":""integration_platform_connection_250331"",""endDateTime"":""2027-03-31T11:58:38.653Z"",""hint"":""gUT"",""keyId"":""32a2da64-524c-4f9f-9dc6-e688b1ef58f7"",""startDateTime"":""2025-03-31T11:58:38.653Z"",""secretText"":null}]","21992d5e-f5b1-4e88-8008-4deadf438279","null","[]","null","null","ncconline.onmicrosoft.com","AzureADMyOrg","[]","null","null","null","[]","[]","[]","null","null","null","null","null","[]","Allow","[]","null","null","false","false"
"""Quality Evaluation Agent (Microsoft Copilot Studio)""","9ed532c3-f8a6-4b0d-a65c-191132e81f3e","2025-11-19T00:35:55Z","[]","[]","21de9daa-ea21-4d79-b903-83c820d6e222","null","[]","null","null","ncconline.onmicrosoft.com","AzureADMyOrg","[""AIAgentBuilder"",""AgentCreatedBy:CopilotStudio"",""AgenticApp"",""power-virtual-agents-06d8b2a5-3c29-0cce-54b3-4cdff43d91aa""]","null","null","null","[]","[]","[]","null","null","null","null","null","[]","Allow","[]","null","null","false","false"
"""D365 Sales FIRE Agent - Rating Generator (Microsoft Copilot Studio)""","97481e31-3100-4a06-935c-54b74dd877af","2025-06-28T21:21:59Z","[]","[]","21ef060d-af0d-46ff-832e-c46f8a40840b","null","[]","null","null","ncconline.onmicrosoft.com","AzureADMyOrg","[""AIAgentBuilder"",""AgentCreatedBy:CopilotStudio"",""AgenticApp"",""power-virtual-agents-79071f42-f6ab-00f9-30d6-ccdfb2dce9c7""]","null","null","null","[]","[]","[]","null","null","null","null","null","[]","Allow","[]","null","null","false","false"
"""ar-prod-dwp-spappmgmt""","6e02569b-256a-4e9e-aa37-b7b7ee67b019","2025-12-10T14:02:48Z","[]","[{""customKeyIdentifier"":null,""displayName"":""PowerBI index sync"",""endDateTime"":""2027-12-10T14:17:43.35Z"",""hint"":""IWt"",""keyId"":""7f59bc2a-2366-48bf-b26f-2aed8c1d2735"",""startDateTime"":""2025-12-10T14:17:43.35Z"",""secretText"":null}]","222c8a1f-a6e3-4c51-8b9a-adc260434ae8","null","[]","null","null","ncconline.onmicrosoft.com","AzureADMyOrg","[]","null","null","null","[]","[]","[]","null","null","null","null","null","[]","Allow","[]","null","null","false","false"
"""ar-dev-cmn-ramp-nccportals""","f640fc6e-ceef-4992-9975-505140b53efc","2025-08-08T11:23:37Z","[]","[{""customKeyIdentifier"":null,""displayName"":""Ramp-AppReg-ClientSecret"",""endDateTime"":""2027-08-12T14:21:53.521Z"",""hint"":""bVs"",""keyId"":""69f0b49f-2d6f-43a8-8750-939571b91f11"",""startDateTime"":""2025-08-12T14:21:53.521Z"",""secretText"":null}]","22454f30-23ab-4a05-afd5-655ef84d7cbc","null","[]","null","null","ncconline.onmicrosoft.com","AzureADMyOrg","[]","null","null","null","[]","[]","[]","null","null","null","null","null","[]","Allow","[]","null","null","false","false"
"""Quality Evaluation Agent - Incident (Microsoft Copilot Studio)""","070ea146-df7e-4e1f-a815-c243887165d6","2025-08-06T18:41:24Z","[]","[]","231768a6-8e32-4356-b384-ac064c084fdd","null","[]","null","null","ncconline.onmicrosoft.com","AzureADMyOrg","[""AIAgentBuilder"",""AgentCreatedBy:CopilotStudio"",""AgenticApp"",""power-virtual-agents-fad8d879-4859-6b06-f578-2638b3122908""]","null","null","null","[]","[]","[]","null","null","null","null","null","[]","Allow","[]","null","null","false","false"
"""Agent (Microsoft Copilot Studio)""","81647c15-2516-467f-a66d-b4fb97afa066","2025-06-20T10:22:15Z","[]","[]","231e01a2-174b-4175-8384-64a25e300020","null","[]","null","null","ncconline.onmicrosoft.com","AzureADMyOrg","[""AIAgentBuilder"",""AgentCreatedBy:CopilotStudio"",""AgenticApp"",""power-virtual-agents-17b99015-df6c-46eb-cec0-333b8297325a""]","null","null","null","[]","[]","[]","null","null","null","null","null","[]","Allow","[]","null","null","false","false"
"""sc-prod-cmn-HRCore-microservices""","042ee21a-8258-47f5-abbf-0bd6ff4cdea9","2025-09-04T13:36:19Z","[]","[{""customKeyIdentifier"":null,""displayName"":""Adapter-secret"",""endDateTime"":""2026-09-11T08:51:33.526Z"",""hint"":""vzd"",""keyId"":""b0b22611-4f4f-45df-bfb9-a051b7d03639"",""startDateTime"":""2025-09-11T08:51:33.526Z"",""secretText"":null}]","23302644-6a2a-46c6-8386-8c52e628c964","null","[]","null","null","ncconline.onmicrosoft.com","AzureADMyOrg","[]","null","null","null","[]","[]","[]","null","null","null","null","null","[]","Allow","[]","null","null","false","false"
"""Demo (Microsoft Copilot Studio)""","962adf4f-5bbd-45f3-b8f5-e91feae17271","2025-04-09T11:10:05Z","[]","[]","2374a00b-9b90-48fe-9231-b7f51fe0482c","null","[]","null","null","ncconline.onmicrosoft.com","AzureADMyOrg","[""AIAgentBuilder"",""AgentCreatedBy:CopilotStudio"",""AgenticApp"",""power-virtual-agents-ae706850-d0b7-a1b5-1c20-1a20a29ee102""]","null","null","null","[]","[]","[]","null","null","null","null","null","[]","Allow","[]","null","null","false","false"
"""RedeploySP-test""","bc6d4fb1-8110-4d49-8077-53eb8701c3a2","2019-02-06T07:17:46Z","[]","[{""customKeyIdentifier"":""awBlAHkA"",""displayName"":null,""endDateTime"":""2020-02-06T07:37:06.637Z"",""hint"":null,""keyId"":""3ec69dc3-aabb-44d1-98c6-2c955988b8b8"",""startDateTime"":""2019-02-06T07:37:17.8821826Z"",""secretText"":null}]","23a13567-2eb4-43d2-ba7c-591a1064eb40","false","[""https://ncconline.onmicrosoft.com/5ebaf47f-9d4b-43f4-9cf8-0c28c93ad4a0""]","null","null","ncconline.onmicrosoft.com","AzureADMyOrg","[]","null","null","null","[]","[]","[]","null","null","null","null","null","[]","Allow","[""https://localhost""]","https://localhost","null","true","false"
"""Sissi (Microsoft Copilot Studio)""","6fdb11df-a413-49c2-810b-01e8d40ce0c1","2025-10-21T11:42:11Z","[]","[]","23a40c29-a2e6-4cfe-8bf1-cae350a4e5cd","null","[]","null","null","ncconline.onmicrosoft.com","AzureADMyOrg","[""AIAgentBuilder"",""AgentCreatedBy:CopilotStudio"",""AgenticApp"",""power-virtual-agents-1150bd7a-d129-c61d-fcf2-b32398d37801""]","null","null","null","[]","[]","[]","null","null","null","null","null","[]","Allow","[]","null","null","false","false"
"""Molio Konsulent (Microsoft Copilot Studio)""","7e1b3474-8513-4ad9-aaf1-504e89c4f3b8","2025-04-25T07:13:21Z","[]","[]","23b5e173-554c-4fb5-8920-51b7c219496c","null","[]","null","null","ncconline.onmicrosoft.com","AzureADMyOrg","[""AIAgentBuilder"",""AgentCreatedBy:CopilotStudio"",""AgenticApp"",""power-virtual-agents-e0e5e9fb-7fa7-22e2-5388-8f628194e5d1""]","null","null","null","[]","[]","[]","null","null","null","null","null","[]","Allow","[]","null","null","false","false"
"""Sales Close Agent - Compete Research (Microsoft Copilot Studio)""","d68e1ab9-c15f-462b-b78d-9eede3187e68","2026-01-23T19:02:30Z","[]","[]","23bbed2f-bdd3-4ce6-a1b0-f9b4faf889d1","null","[]","null","null","ncconline.onmicrosoft.com","AzureADMyOrg","[""AIAgentBuilder"",""AgentCreatedBy:CopilotStudio"",""AgenticApp"",""power-virtual-agents-53c3d987-3fee-fca3-6f60-44eea96abf87""]","null","null","null","[]","[]","[]","null","null","null","null","null","[]","Allow","[]","null","null","false","false"
"""Copilot in Power Apps - Kundcenter SE (Microsoft Copilot Studio)""","d91d9bd3-2566-4482-ab0d-2d241e816288","2025-12-09T22:22:24Z","[]","[]","23c3b942-a91c-4584-baa5-9d953637c838","null","[]","null","null","ncconline.onmicrosoft.com","AzureADMyOrg","[""AIAgentBuilder"",""AgentCreatedBy:CopilotStudio"",""AgenticApp"",""power-virtual-agents-12635791-8f83-e565-9d1f-82ad01e5d618""]","null","null","null","[]","[]","[]","null","null","null","null","null","[]","Allow","[]","null","null","false","false"
"""ar-feat-portals-supplierPortal""","3c839c95-f785-4f03-8e00-35926a9e5856","2025-03-05T14:05:09Z","[]","[{""customKeyIdentifier"":null,""displayName"":""feat-supplierportal"",""endDateTime"":""2027-02-21T09:08:30.859Z"",""hint"":""BPz"",""keyId"":""d4984e3b-3a37-4f71-9bba-d3fe915b1c7d"",""startDateTime"":""2025-08-25T08:08:30.859Z"",""secretText"":null}]","23cc6aa8-6902-45fa-bd18-a23ab2fa7829","null","[""api://3c839c95-f785-4f03-8e00-35926a9e5856""]","null","null","ncconline.onmicrosoft.com","AzureADMyOrg","[]","null","null","null","[]","[{""appId"":""7d6d3126-f074-4634-aaa7-887fefcf52c4"",""delegatedPermissionIds"":[""1ca65d69-2c62-44b7-ad89-3788d35e650e""]}]","[]","null","null","null","null","null","[]","Allow","[]","null","null","true","true"
"""D365 Sales - Sales Close Agent - Engage (Microsoft Copilot Studio)""","fa2b5c77-70a1-4a5f-9738-042246aa8eac","2025-11-25T20:25:05Z","[]","[]","23e90edd-a1f5-447c-ad8d-702385a9acda","null","[]","null","null","ncconline.onmicrosoft.com","AzureADMyOrg","[""AIAgentBuilder"",""AgentCreatedBy:CopilotStudio"",""AgenticApp"",""power-virtual-agents-66b6611c-d19c-c7c6-d4b1-7a4a5270b9bd""]","null","null","null","[]","[]","[]","null","null","null","null","null","[]","Allow","[]","null","null","false","false"
"""Hydrological Data Korsvägen""","f676737a-8c18-4b97-9531-3bc2bda57852","2025-09-10T08:17:07Z","[]","[]","2435eca6-54c2-4e33-bc18-34b0534c254f","null","[]","null","null","ncconline.onmicrosoft.com","AzureADMyOrg","[""WorkspaceObjectId:5b2fec22-b21b-4bb5-a790-bcc105715c59"",""Microsoft Fabric Identity""]","null","null","null","[]","[]","[]","null","null","null","null","null","[]","Allow","[]","null","null","false","false"
"""ar-prod-cmn-ramp-tagetik""","c47bee64-38b8-4242-9ecd-31fa9df28d6f","2025-09-16T15:00:50Z","[]","[]","2448dad6-878f-41d2-994a-157873f0530a","null","[]","null","null","ncconline.onmicrosoft.com","AzureADMyOrg","[]","null","null","null","[]","[]","[]","null","null","null","null","null","[]","Allow","[]","null","null","false","false"
"""Customer Service Copilot Bot (Power Virtual Agents)""","e08f6de5-f638-4182-bcb9-e6fc4339e9dc","2024-04-17T02:06:25Z","[]","[]","24854541-6d7a-416e-8f1d-946a052cd155","null","[]","null","null","ncconline.onmicrosoft.com","AzureADMultipleOrgs","[""AIAgentBuilder"",""AgentCreatedBy:CopilotStudio"",""AgenticApp"",""power-virtual-agents-9324a922-8dea-4496-ad0d-fe683d83ac9b""]","null","null","null","[]","[]","[]","null","null","null","null","null","[]","Allow","[]","null","null","false","false"
"""Quality Evaluation Agent - Incident (Microsoft Copilot Studio)""","0f4a44f7-30cc-4b27-ab06-34441ca84622","2025-11-19T00:36:13Z","[]","[]","249c097f-78d7-469b-84b2-b12a16883cad","null","[]","null","null","ncconline.onmicrosoft.com","AzureADMyOrg","[""AIAgentBuilder"",""AgentCreatedBy:CopilotStudio"",""AgenticApp"",""power-virtual-agents-4926e88a-4563-dfed-73f3-a18ecab253ad""]","null","null","null","[]","[]","[]","null","null","null","null","null","[]","Allow","[]","null","null","false","false"
"""Testi 22.1. MyNCC nettisivu lähteenä (Microsoft Copilot Studio)""","7d3b3a79-2bfe-4e7d-92c0-40b29a2193de","2025-01-22T08:50:58Z","[]","[]","24c21861-ed7b-417f-bbdd-9f55b58e475d","null","[]","null","null","ncconline.onmicrosoft.com","AzureADMyOrg","[""AIAgentBuilder"",""AgentCreatedBy:CopilotStudio"",""AgenticApp"",""power-virtual-agents-90ba83fd-aac7-cb06-fed1-d8119d450325""]","null","null","null","[]","[]","[]","null","null","null","null","null","[]","Allow","[]","null","null","false","false"
"""D365 Sales Agent - Research (Microsoft Copilot Studio)""","af54ef10-5412-4c47-9a59-97ba0d2cb199","2025-06-10T11:36:12Z","[]","[]","24c24369-6383-4938-99eb-362fb9a39f0e","null","[]","null","null","ncconline.onmicrosoft.com","AzureADMyOrg","[""AIAgentBuilder"",""AgentCreatedBy:CopilotStudio"",""AgenticApp"",""power-virtual-agents-83dfad67-75a1-4b80-8979-00c0eba76601""]","null","null","null","[]","[]","[]","null","null","null","null","null","[]","Allow","[]","null","null","false","false"
"""Copilot for finance and operations apps (Power Virtual Agents)""","509242e2-f627-47ae-9c9f-4289eac27a2a","2024-01-29T07:41:50Z","[]","[]","2513c548-c5a8-4ea7-8f41-3095ddcd6f18","null","[]","null","null","ncconline.onmicrosoft.com","AzureADMultipleOrgs","[""AIAgentBuilder"",""AgentCreatedBy:CopilotStudio"",""AgenticApp"",""power-virtual-agents-3552b981-63f4-4a9c-9ad8-8c49d59a9391""]","null","null","null","[]","[]","[]","null","null","null","null","null","[]","Allow","[]","null","null","false","false"
"""ar-test-ind-c7-integrations""","da882506-6215-4bed-b6f8-dfca177cb619","2022-04-21T12:00:52Z","[{""customKeyIdentifier"":""EFFA3224DD146E25F45C25CA071BBB78C682730F"",""displayName"":""CN=NCC C7 Integrations PnP SharePoint"",""endDateTime"":""2026-04-12T09:04:49Z"",""keyId"":""f2309cb2-a363-48f9-a58a-f1b9ebfd7281"",""startDateTime"":""2024-04-12T08:54:49Z"",""type"":""AsymmetricX509Cert"",""usage"":""Verify"",""key"":null}]","[]","25183e7c-a7a3-4b5a-a7d6-2c01e2fbb734","null","[]","null","null","ncconline.onmicrosoft.com","AzureADMyOrg","[]","null","null","null","[]","[]","[]","null","null","null","null","null","[]","Allow","[]","null","null","false","false"
"""Staffhub""","e2c91c86-a773-4a09-91a0-91ded10e1222","2018-06-12T08:34:05Z","[]","[]","25237687-fadc-4377-a34d-4e7b88dc707d","true","[]","null","null","null","AzureADMultipleOrgs","[]","null","null","null","[]","[]","[""https://login.microsoftonline.com/d04499d5-2857-4e28-9177-6e949859db83/oauth2/authorize""]","null","null","null","null","null","[]","Allow","[]","null","null","true","false"
"""ar-prod-ind-costallocation-integrations""","6ce015d2-ec56-4603-8502-608b95221597","2023-01-31T07:42:33Z","[]","[{""customKeyIdentifier"":null,""displayName"":""costallocation-integrations-client-secret"",""endDateTime"":""2027-01-29T14:26:02.915Z"",""hint"":""UKb"",""keyId"":""13363c3c-6886-474c-aa1c-4edc9320bc87"",""startDateTime"":""2025-01-29T14:26:02.915Z"",""secretText"":null}]","2526fdd3-e94d-4fce-ae22-838d061e8784","null","[""api://6ce015d2-ec56-4603-8502-608b95221597""]","null","null","ncconline.onmicrosoft.com","AzureADMyOrg","[]","null","null","null","[]","[{""appId"":""5507b59a-01bf-4302-8018-57f99737da9d"",""delegatedPermissionIds"":[""fc7462cf-aaaa-4daa-9cc7-1303cfbf13a0""]}]","[]","null","null","null","null","null","[]","Allow","[]","null","null","false","false"
"""ar-prod-cmn-ifs""","667f66ed-fa27-4ac3-b14e-afa6332fb5e3","2025-01-17T09:15:55Z","[]","[{""customKeyIdentifier"":null,""displayName"":""IFS_ClientSecret"",""endDateTime"":""2027-10-06T14:18:53.49Z"",""hint"":""Jdc"",""keyId"":""4a8d61d2-9b49-4be0-b694-240b1ad3402e"",""startDateTime"":""2025-10-06T14:18:53.49Z"",""secretText"":null}]","25311f53-f97d-42ff-950c-7c0fb671a27b","null","[]","null","null","ncconline.onmicrosoft.com","AzureADMyOrg","[]","null","null","null","[]","[]","[]","null","null","null","null","null","[]","Allow","[]","null","null","false","false"
"""NCC Integration Advisor (Microsoft Copilot Studio)""","6cb1c3ef-42ee-49b8-94b8-a0249010759e","2026-01-21T11:21:11Z","[]","[]","2538b7ea-7689-48fe-a993-a87734e89d78","null","[]","null","null","ncconline.onmicrosoft.com","AzureADMyOrg","[""AIAgentBuilder"",""AgentCreatedBy:CopilotStudio"",""AgenticApp"",""power-virtual-agents-0abf080a-91f4-4080-eaa8-7dc6eb0d1272""]","null","null","null","[]","[]","[]","null","null","null","null","null","[]","Allow","[]","null","null","false","false"
"""MyConcreteTesting""","41edd0e3-ddfb-4dd9-a4ab-2816d46a145d","2017-10-05T17:30:36Z","[]","[{""customKeyIdentifier"":null,""displayName"":null,""endDateTime"":""2018-10-05T17:30:34.7306922Z"",""hint"":null,""keyId"":""1a5bab3f-37a6-40e5-9c48-18cad0183d06"",""startDateTime"":""2017-10-05T17:30:34.7306922Z"",""secretText"":null}]","25a1023f-295e-450b-a91d-71bd9c374dab","false","[""https://ncconline.onmicrosoft.com/MyConcreteTesting""]","null","null","null","AzureADMyOrg","[]","null","null","null","[]","[]","[]","null","null","null","null","null","[]","Allow","[""https://localhost:44328/""]","https://localhost:44328/","null","true","false"
"""Microsoft CRM Portals""","1ab349e7-1f39-4137-aab8-691b5fc413ce","2019-05-29T14:48:13Z","[{""customKeyIdentifier"":""mDM7Clcz4SRhYKMcmg=="",""displayName"":""CN=c6ca4dbd-f20b-4ab0-b543-14ec7e20422b"",""endDateTime"":""2021-05-28T14:47:22Z"",""keyId"":""3b44c505-7f5a-48c2-9224-2418fe0ee504"",""startDateTime"":""2019-05-29T14:48:12.9521929Z"",""type"":""AsymmetricX509Cert"",""usage"":""Verify"",""key"":null}]","[]","25c3c418-369c-465d-b3b1-21e9052d2ad2","null","[""http://c6ca4dbd-f20b-4ab0-b543-14ec7e20422b/""]","null","null","ncconline.onmicrosoft.com","AzureADMyOrg","[]","null","null","null","[]","[]","[]","null","null","null","null","null","[]","Allow","[""https://nccconfig.microsoftcrmportals.com""]","null","null","true","false"
"""ar-prod-lime-industry""","c4ec9dde-dcb9-4ab0-b0de-fbc9838e2728","2025-07-03T08:23:37Z","[]","[]","25f035c4-aa55-49b4-bf8a-1e81468524ac","null","[]","null","null","ncconline.onmicrosoft.com","AzureADMyOrg","[]","null","null","null","[]","[]","[]","null","null","null","null","null","[]","Allow","[]","null","null","false","false"
"""ar-prod-cmn-ramp-ncclearningplatform""","ad88f4f9-a38f-4003-9666-e715557cb41c","2024-07-01T09:31:43Z","[]","[{""customKeyIdentifier"":null,""displayName"":""ServiceBus-Ramp-AppReg"",""endDateTime"":""2026-10-07T23:10:06.317Z"",""hint"":""Vmw"",""keyId"":""8ea52b2c-df08-44d9-a4e9-03b01d87a1ef"",""startDateTime"":""2024-10-07T23:10:06.317Z"",""secretText"":null},{""customKeyIdentifier"":null,""displayName"":""Ramp-AppReg"",""endDateTime"":""2026-10-07T23:08:43.666Z"",""hint"":""dUD"",""keyId"":""1f912009-1b1f-4bfd-915f-125ae94256ca"",""startDateTime"":""2024-10-07T23:08:43.666Z"",""secretText"":null}]","2621979f-ef5e-4f69-8dd0-2fa551874ddb","null","[]","null","null","ncconline.onmicrosoft.com","AzureADMyOrg","[]","null","null","null","[]","[]","[]","null","null","null","null","null","[]","Allow","[]","null","null","false","false"
"""wa-edu-bui-cedb""","8d1134c7-f05f-4538-bfb6-7ce1d34e6c5d","2019-02-20T07:48:04Z","[]","[]","2623fd88-ace0-489e-b697-2b9e3d2474f9","false","[""https://ncconline.onmicrosoft.com/13512045-767d-4585-8a2f-355d09d6a5f9""]","null","null","ncconline.onmicrosoft.com","AzureADMyOrg","[]","null","null","null","[]","[]","[]","null","null","null","null","null","[]","Allow","[""https://wa-edu-bui-cedb.ase02.ncc.info/signin-oidc"",""https://cedb-edu.ncc.info/signin-oidc""]","https://cedb-edu.ncc.info","null","true","false"
"""HRM-Prod""","814888f2-0378-4d32-819b-0d883d2fe95d","2018-08-16T11:01:21Z","[]","[]","2626f85e-3183-43dc-ace9-d0cf2f73a0ed","false","[""https://time.ncc.se/shibboleth"",""http://customappsso13985A0E75F14881B48E1313F6A50CC1"",""http://instanceid_8adf8e6e-67b2-4cf2-a259-e3dc5476c621_534184F513AA48AC8745AC9CFF29F1DF"",""http://customappsso/c79181f3-698f-4d0d-8057-49a54ef4560c""]","null","null","ncconline.onmicrosoft.com","AzureADMyOrg","[]","null","null","null","[]","[]","[]","null","null","null","null","null","[]","Allow","[""https://time.ncc.se/Shibboleth.sso/SAML2/POST""]","https://127.0.0.1:444/applications/default.aspx?metadata=customappsso|ISV9.1|primary|z","null","true","false"
"""zsrv.cmn.serverop1@adroot.net""","b600cc27-d56c-43fe-9680-8431348963be","2018-06-12T11:12:59Z","[]","[]","2659bf6a-2fd8-48c1-bc6b-8010a7a1ffda","true","[]","null","null","null","AzureADMultipleOrgs","[]","null","null","null","[]","[]","[""http://notinuse""]","null","null","null","null","null","[]","Allow","[]","null","null","true","false"
"""ar-prod-cmn-portalservices""","5ffb49ae-aed9-4ce3-bb34-ee57d151b336","2019-10-24T07:39:27Z","[]","[{""customKeyIdentifier"":null,""displayName"":""API secret"",""endDateTime"":""2299-12-30T23:00:00Z"",""hint"":""28="",""keyId"":""c4538cab-eda9-4ae2-99ef-d8303bfc6ec8"",""startDateTime"":""2019-12-17T13:30:42.034Z"",""secretText"":null}]","26864242-b349-4e5e-9dea-a171d4ae10c6","false","[""api://5ffb49ae-aed9-4ce3-bb34-ee57d151b336""]","null","SecurityGroup","ncconline.onmicrosoft.com","AzureADMyOrg","[]","null","null","null","[]","[{""appId"":""7b1e4ea3-52c4-40fe-a286-b0759bd24fa0"",""delegatedPermissionIds"":[""dd9a6b2c-532b-498b-90dd-940414e5b755"",""730b14cb-daa1-45ee-89c1-4d8ac5bb90c5"",""52fadd56-9307-4ec4-bd85-2667fa75c0ff"",""564ed36d-3b3b-4be7-8c44-c8e62341b11d"",""41972432-7903-4f12-90e4-1bf706be4b7d""]},{""appId"":""b83210b9-2009-4913-a0c4-d6227e8a359d"",""delegatedPermissionIds"":[""41972432-7903-4f12-90e4-1bf706be4b7d"",""52fadd56-9307-4ec4-bd85-2667fa75c0ff"",""faa7e40d-8a41-438d-bb98-b5b65a3db590"",""730b14cb-daa1-45ee-89c1-4d8ac5bb90c5"",""dd9a6b2c-532b-498b-90dd-940414e5b755""]},{""appId"":""5ffb49ae-aed9-4ce3-bb34-ee57d151b336"",""delegatedPermissionIds"":[""41972432-7903-4f12-90e4-1bf706be4b7d"",""faa7e40d-8a41-438d-bb98-b5b65a3db590"",""52fadd56-9307-4ec4-bd85-2667fa75c0ff"",""564ed36d-3b3b-4be7-8c44-c8e62341b11d"",""730b14cb-daa1-45ee-89c1-4d8ac5bb90c5"",""dd9a6b2c-532b-498b-90dd-940414e5b755""]}]","[]","null","null","null","null","null","[]","Allow","[""https://supplierservice.ncc.com/swagger/oauth2-redirect.html"",""https://portalscustomerservice.ncc.com/signin-oidcc"",""https://decisionpoint.ncc.com/signin-oidc"",""https://wa-prod-cmn-templateengine.ase-prod-cmn-prodportals.appserviceenvironment.net/signin-oidc"",""https://proxyservice.ncc.com/signin-oidc"",""https://purchaseorderservice.ncc.com/signin-oidc"",""https://oldprojectservice.ncc.com/signin-oidc"",""https://externaluserservice.ncc.com/signin-oidc"",""https://qualiwareapi.ncc.com/signin-oidc"",""https://holidayservice.ncc.com/signin-oidc"",""https://helpcontentservice.ncc.com/signin-oidc"",""https://resourceaccountservice.ncc.com/signin-oidc"",""https://emailservice.ase.ncc.com/signin-oidc"",""https://currencyservice.ncc.com/signin-oidc"",""https://translationservice.ncc.com/signin-oidc"",""https://onprem.ncc.com/signin-oidc"",""https://dev.decisionpoint.ncc.com/signin-oidc"",""https://test.decisionpoint.ncc.com/signin-oidc"",""https://wa-feat-cmn-translationservice.ase02.ncc.info/signin-oidc"",""https://wa-feat-cmn-pricelist.ase02.ncc.info/signin-oidc"",""https://wa-feat-cmn-supplierportal.ase02.ncc.info/signin-oidc"",""https://wa-test-cmn-webshop.ase02.ncc.info/signin-oidc"",""https://wa-test-cmn-qualiwareapi.ase02.ncc.info/signin-oidc"",""https://wa-test-cmn-pricelist.ase02.ncc.info/signin-oidc"",""https://wa-test-cmn-orderconfirmation.ase02.ncc.info/signin-oidc"",""https://wa-test-cmn-onprem-api.ase02.ncc.info/signin-oidc"",""https://wa-test-cmn-holidayservice.ase02.ncc.info/signin-oidc"",""https://wa-test-cmn-externaluserservice.ase02.ncc.info/signin-oidc"",""https://wa-test-cmn-emailservice.ase02.ncc.info/signin-oidc"",""https://wa-test-cmn-currencyservice.ase02.ncc.info/signin-oidc"",""https://wa-feat-cmn-purchaseorderservice.ase02.ncc.info/signin-oidc"",""https://templateengine.ncc.com/signin-oidc"",""https://wa-feat-cmn-ppmobile.ase02.ncc.info/signin-oidc"",""https://wa-feat-cmn-userservice.ase02.ncc.info/signin-oidc"",""https://wa-feat-cmn-templateengine.ase02.ncc.info/signin-oidc"",""https://wa-feat-cmn-supplierservice.ase02.ncc.info/signin-oidc"",""https://wa-feat-cmn-resourceaccountservice.ase02.ncc.info/signin-oidc"",""https://wa-feat-cmn-purchasingstatistics.ase02.ncc.info/signin-oidc"",""https://wa-feat-cmn-purchaseportal.ase02.ncc.info/signin-oidc"",""https://wa-feat-cmn-projectpurchase.ase02.ncc.info/signin-oidc"",""https://wa-feat-cmn-projectportal.ase02.ncc.info/signin-oidc"",""https://wa-feat-cmn-oldprojectservice.ase02.ncc.info/signin-oidc"",""https://wa-feat-cmn-linkservice.ase02.ncc.info/signin-oidc"",""https://wa-feat-cmn-helpcontentservice.ase02.ncc.info/signin-oidc"",""https://wa-feat-cmn-geographyservice.ase02.ncc.info/signin-oidc"",""https://wa-feat-cmn-documentservice.ase02.ncc.info/signin-oidc"",""https://wa-feat-cmn-deliverycalendar.ase02.ncc.info/signin-oidc"",""https://wa-feat-cmn-categorypurchase.ase02.ncc.info/signin-oidc"",""https://wa-feat-cmn-agreementbank.ase02.ncc.info/signin-oidc"",""https://test.userservice.ncc.com/signin-oidc"",""https://wa-prod-cmn-geographyservice.ase02.ncc.info/signin-oidc"",""https://geographyservice.ncc.com/signin-oidc"",""https://test.geographyservice.ncc.com/signin-oidc"",""https://localhost:44388/signin-oidc"",""https://wa-test-cmn-geographyservice.ase02.ncc.info/signin-oidc"",""https://userservice.ncc.com/signin-oidc"",""https://linkservice.ncc.com/signin-oidc"",""https://systemmessage.ncc.com/signin-oidc"",""https://purchasingstatistics.ncc.com/signin-oidc"",""https://categorypurchase.ncc.com/signin-oidc"",""https://agreementbank.ncc.com/signin-oidc"",""https://supplierservice.ncc.com/signin-oidc"",""https://documentservice.ncc.com/signin-oidc"",""https://projectpurchase.ncc.com/signin-oidc"",""https://wa-prod-cmn-purchaseportal.ase02.ncc.info/signin-oidc"",""https://purchaseportal.ncc.com/signin-oidc"",""https://wa-prod-cmn-purchasingstatistics.ase02.ncc.info/signin-oidc"",""https://supplierportal.ncc.com/signin-oidc"",""https://wa-prod-cmn-userservice.ase02.ncc.info/signin-oidc"",""https://wa-prod-cmn-translationservice.ase02.ncc.info/signin-oidc"",""https://wa-prod-cmn-templateengine.ase02.ncc.info/signin-oidc"",""https://wa-prod-cmn-systemmessage.ase02.ncc.info/signin-oidc"",""https://wa-prod-cmn-supplierservice.ase02.ncc.info/signin-oidc"",""https://wa-prod-cmn-resourceaccountservice.ase02.ncc.info/signin-oidc"",""https://wa-prod-cmn-purchaseorderservice.ase02.ncc.info/signin-oidc"",""https://wa-prod-cmn-projectpurchase.ase02.ncc.info/signin-oidc"",""https://projectportal.ncc.com/signin-oidc"",""https://ppmobile.ncc.com/signin-oidc"",""https://wa-prod-cmn-oldprojectservice.ase02.ncc.info/signin-oidc"",""https://wa-prod-cmn-linkservice.ase02.ncc.info/signin-oidc"",""https://wa-prod-cmn-helpcontentservice.ase02.ncc.info/signin-oidc"",""https://wa-prod-cmn-documentservice.ase02.ncc.info/signin-oidc"",""https://deliverycalendar.ncc.com/signin-oidc"",""https://wa-prod-cmn-decisionpoint.ase02.ncc.info/signin-oidc"",""https://wa-prod-cmn-categorypurchase.ase02.ncc.info/signin-oidc"",""https://wa-prod-cmn-agreementbank.ase02.ncc.info/signin-oidc"",""https://wa-test-cmn-purchaseorderservice-debug.ase02.ncc.info/signin-oidc"",""https://wa-test-cmn-projectpurchase-debug.ase02.ncc.info/signin-oidc"",""https://wa-test-cmn-resourceaccountservice.ase02.ncc.info/signin-oidc"",""https://localhost:44398/signin-oidc"",""https://localhost:44309/signin-oidc"",""https://wa-test-cmn-helpcontentservice.ase02.ncc.info/signin-oidc"",""https://localhost:44344/signin-oidc"",""https://wa-test-cmn-agreementbank.ase02.ncc.info/signin-oidc"",""https://localhost:44326/signin-oidc"",""https://wa-test-cmn-purchaseportal.ase02.ncc.info/signin-oidc"",""https://localhost:44396/signin-oidc"",""https://wa-test-cmn-categorypurchase.ase02.ncc.info/signin-oidc"",""https://localhost:44317/signin-oidc"",""https://wa-test-cmn-decisionpoint.ase02.ncc.info/signin-oidc"",""https://localhost:44335/signin-oidc"",""https://localhost:44316/signin-oidc"",""https://wa-test-cmn-supplierservice.ase02.ncc.info/signin-oidc"",""https://localhost:44386/signin-oidc"",""https://wa-test-cmn-systemmessage.ase02.ncc.info/signin-oidc"",""https://localhost:44378/signin-oidc"",""https://wa-test-cmn-userservice.ase02.ncc.info/signin-oidc"",""https://localhost:44334/signin-oidc"",""https://wa-test-cmn-oldprojectservice.ase02.ncc.info/signin-oidc"",""https://wa-test-cmn-projectportal.ase02.ncc.info/signin-oidc"",""https://localhost:44342/signin-oidc"",""https://wa-test-cmn-documentservice.ase02.ncc.info/signin-oidc"",""https://localhost:44339/signin-oidc"",""https://wa-test-cmn-linkservice.ase02.ncc.info/signin-oidc"",""https://localhost:44300/signin-oidc"",""https://wa-test-cmn-templateengine.ase02.ncc.info/signin-oidc"",""https://localhost:44384/signin-oidc"",""https://wa-test-cmn-purchaseorderservice.ase02.ncc.info/signin-oidc"",""https://localhost:44375/signin-oidc"",""https://wa-test-cmn-projectpurchase.ase02.ncc.info/signin-oidc"",""https://localhost:44364/signin-oidc"",""https://wa-test-cmn-deliverycalendar.ase02.ncc.info/signin-oidc"",""https://localhost:44362/signin-oidc"",""https://wa-test-cmn-purchasestatistics.ase02.ncc.info/signin-oidc"",""https://localhost:44314/signin-oidc"",""https://wa-test-cmn-translationservice.ase02.ncc.info/signin-oidc"",""https://localhost:44373/signin-oidc"",""https://wa-test-cmn-ppmobile.ase02.ncc.info/signin-oidc"",""https://localhost:44355/signin-oidc"",""https://wa-test-cmn-supplierportal.ase02.ncc.info/signin-oidc"",""https://wa-test-cmn-purchasingstatistics.ase02.ncc.info/signin-oidc""]","null","null","true","true"
"""ar-prod-cmn-signe""","a6015573-edf8-4349-ae6b-aca07c705e96","2020-05-15T13:17:42Z","[]","[{""customKeyIdentifier"":null,""displayName"":""Azure-Function-2024"",""endDateTime"":""2026-05-16T12:34:18.826Z"",""hint"":""sa5"",""keyId"":""17a39168-907a-462d-8250-497fd07d294f"",""startDateTime"":""2024-05-16T12:34:18.826Z"",""secretText"":null},{""customKeyIdentifier"":null,""displayName"":""Azure-Function-2022"",""endDateTime"":""2024-05-17T09:49:34.918Z"",""hint"":""0Aw"",""keyId"":""e395b7cd-1015-4c9a-bf56-66600df12097"",""startDateTime"":""2022-05-17T09:49:34.918Z"",""secretText"":null},{""customKeyIdentifier"":null,""displayName"":""Azure-Function"",""endDateTime"":""2022-05-18T12:06:53.27Z"",""hint"":""zH2"",""keyId"":""5e2d55da-b86b-4dd2-ba25-a714058beee2"",""startDateTime"":""2020-05-18T12:07:44.175Z"",""secretText"":null}]","26953f56-439a-4e6d-b95b-afb9082a7334","null","[]","null","null","ncconline.onmicrosoft.com","AzureADMyOrg","[]","null","null","null","[]","[]","[]","null","null","null","null","null","[]","Allow","[""https://localhost:44346/signin-oidc"",""https://wa-test-cmn-signenbs.ase02.ncc.info/signin-oidc"",""https://nbs.ncc.group/signin-oidc"",""https://wa-test-cmn-nda.ase02.ncc.info/signin-oidc"",""https://nda.ncc.group/signin-oidc""]","null","null","true","false"
"""ar-dev-ind-dynamics365""","b981924c-f288-4787-b2ad-ae27e2320a97","2022-10-06T14:44:17Z","[]","[{""customKeyIdentifier"":null,""displayName"":""DevDynamicsToServicebusv2"",""endDateTime"":""2025-01-10T14:04:56.823Z"",""hint"":""ZzA"",""keyId"":""6ba818a8-477c-4f02-8861-8fdf177994c8"",""startDateTime"":""2023-01-10T14:04:56.823Z"",""secretText"":null},{""customKeyIdentifier"":null,""displayName"":""DevDynamicsToServicebus"",""endDateTime"":""2023-04-12T12:03:18.815Z"",""hint"":""DO-"",""keyId"":""cfe2e514-00c8-4516-af4a-95325f139e1c"",""startDateTime"":""2022-10-12T12:03:18.815Z"",""secretText"":null}]","2697aad3-87b8-4e41-a157-e433db74ad46","null","[]","null","null","ncconline.onmicrosoft.com","AzureADMyOrg","[]","null","null","null","[]","[]","[]","null","null","null","null","null","[]","Allow","[]","null","null","false","false"
"""D365 Sales Agent - Readiness (Microsoft Copilot Studio)""","dc2061ac-d219-4cf4-80e5-373ddc5370ec","2025-05-16T21:48:18Z","[]","[]","26d5fc8a-4d04-4e9e-8fff-4af34d721a92","null","[]","null","null","ncconline.onmicrosoft.com","AzureADMyOrg","[""AIAgentBuilder"",""AgentCreatedBy:CopilotStudio"",""AgenticApp"",""power-virtual-agents-58d20e0d-3f61-ef0e-3dd7-733cce9c37ca""]","null","null","null","[]","[]","[]","null","null","null","null","null","[]","Allow","[]","null","null","false","false"
"""ncc-tfs-NCC-prod-cmn-appiot-536512e6-44e5-4e9a-849a-33131501e63f""","77762f4b-d89d-4bc9-8ffc-4e7f9d451c73","2017-12-07T12:59:51Z","[]","[{""customKeyIdentifier"":null,""displayName"":null,""endDateTime"":""2019-12-07T12:59:50.8811705Z"",""hint"":null,""keyId"":""8e95b42e-c6be-4ca0-88eb-70eadd327bfe"",""startDateTime"":""2017-12-07T12:59:50.8811705Z"",""secretText"":null}]","26fc92df-7c23-46c8-955c-f369136108f3","null","[""https://VisualStudio/SPN5e9b1bd1-fdaf-4e8b-a607-a7f57f325057""]","null","null","null","AzureADMyOrg","[]","null","null","null","[]","[]","[]","null","null","null","null","null","[]","Allow","[""https://VisualStudio/SPN""]","https://VisualStudio/SPN","null","true","false"
"""Microsoft 365 Automation""","20980d48-e9d6-4eee-9cfa-d3d2211a9c55","2022-06-22T10:03:36Z","[{""customKeyIdentifier"":""E24ABBBF749C5D3F983117465829FA45409758D0"",""displayName"":""CN=ncconline"",""endDateTime"":""2025-09-10T14:36:21Z"",""keyId"":""5e4ad207-253a-4198-9406-edbb28fc6567"",""startDateTime"":""2025-04-10T14:26:21Z"",""type"":""AsymmetricX509Cert"",""usage"":""Verify"",""key"":null},{""customKeyIdentifier"":""2013BC98AB5CA33E8F3DC4C75BD011FD7A43EA74"",""displayName"":""CMNIS154"",""endDateTime"":""2027-02-26T13:15:21Z"",""keyId"":""c636d321-6816-47d3-bf68-1f1b2498a4bf"",""startDateTime"":""2025-02-26T13:05:30Z"",""type"":""AsymmetricX509Cert"",""usage"":""Verify"",""key"":null},{""customKeyIdentifier"":""B371DC9343A56EB1F9E2F682A976CC250D9958B4"",""displayName"":""CMNIS154"",""endDateTime"":""2025-01-04T12:07:22Z"",""keyId"":""07589459-0a41-4fce-8f10-d854daa02ae4"",""startDateTime"":""2024-01-04T11:57:27Z"",""type"":""AsymmetricX509Cert"",""usage"":""Verify"",""key"":null},{""customKeyIdentifier"":""EC5EC4A4CA28F11B2A8F2BEB2D35F101F751596B"",""displayName"":""PNP Function"",""endDateTime"":""2026-05-28T14:46:46Z"",""keyId"":""4e2bda4a-6c2a-4592-8d6b-fb6cc08b1986"",""startDateTime"":""2023-05-28T14:37:25Z"",""type"":""AsymmetricX509Cert"",""usage"":""Verify"",""key"":null}]","[{""customKeyIdentifier"":null,""displayName"":""for la-prod-cmn-o365ops in KV"",""endDateTime"":""2026-04-03T13:55:36.289Z"",""hint"":""IQr"",""keyId"":""137289ce-b6de-41d7-a55e-b82522335678"",""startDateTime"":""2024-04-03T13:55:36.289Z"",""secretText"":null}]","27444ec0-f571-4bae-99bf-fb345bfc3e16","null","[]","null","null","ncconline.onmicrosoft.com","AzureADMyOrg","[]","null","null","null","[]","[]","[]","null","null","null","null","null","[]","Allow","[]","null","null","false","false"
"""Vacation agent (Microsoft Copilot Studio)""","dd0d9175-5726-49b7-815b-c1b238c08abd","2025-09-26T11:09:31Z","[]","[]","27476311-2762-4d93-ba56-b2e37c3ce6a9","null","[]","null","null","ncconline.onmicrosoft.com","AzureADMyOrg","[""AIAgentBuilder"",""AgentCreatedBy:CopilotStudio"",""AgenticApp"",""power-virtual-agents-5f743c53-6266-f801-a472-78622738892c""]","null","null","null","[]","[]","[]","null","null","null","null","null","[]","Allow","[]","null","null","false","false"
"""ar-prod-cmn-wordpress-jarvakrog""","dc035a02-433f-4339-a5f0-1e99cc51bc4e","2018-12-20T12:26:11Z","[]","[{""customKeyIdentifier"":null,""displayName"":""aad-sso-wp"",""endDateTime"":""2026-01-31T09:23:21.581Z"",""hint"":""4US"",""keyId"":""943ef3ca-c673-46f3-9fda-8c07b88c0f85"",""startDateTime"":""2025-08-04T08:23:21.581Z"",""secretText"":null},{""customKeyIdentifier"":null,""displayName"":""aad-sso-wp"",""endDateTime"":""2025-08-03T14:06:07.554Z"",""hint"":""7AK"",""keyId"":""79e41516-7133-498d-ad6e-95dda377035a"",""startDateTime"":""2024-08-03T14:06:07.554Z"",""secretText"":null}]","2762a804-0c29-4846-93cc-bee1063ae349","false","[""https://ncconline.onmicrosoft.com/96af9ed2-4b5b-4478-817d-7fdfb5cdd681""]","null","null","ncconline.onmicrosoft.com","AzureADMyOrg","[]","null","null","null","[]","[]","[]","null","null","null","null","null","[]","Allow","[""https://jarvakrog.se/wp-login.php""]","https://jarvakrog.se/wp-login.php","null","true","false"
"""CS Case Followup and Closure (Microsoft Copilot Studio)""","1daa88a4-6f88-46d5-9a17-f0cc979c5b9f","2025-02-16T23:02:23Z","[]","[]","276448de-21cf-4bc4-8f65-6bbc5909d176","null","[]","null","null","ncconline.onmicrosoft.com","AzureADMyOrg","[""AIAgentBuilder"",""AgentCreatedBy:CopilotStudio"",""AgenticApp"",""power-virtual-agents-5b59fa66-c5e3-8203-6e47-d454672809d0""]","null","null","null","[]","[]","[]","null","null","null","null","null","[]","Allow","[]","null","null","false","false"
"""iChemistry Sandbox""","d4978915-ceb8-48d7-a533-f07da3938418","2022-08-10T13:58:38Z","[]","[]","27b5847c-7dd2-497b-87f9-ef0ede27cb25","false","[""iChemistrySSO""]","null","null","ncconline.onmicrosoft.com","AzureADMyOrg","[]","null","null","null","[]","[]","[]","null","null","null","null","null","[]","Allow","[""https://ichemistry.intersolia.com/SingleSignOn/Login""]","https://account.activedirectory.windowsazure.com:444/applications/default.aspx?metadata=customappsso|ISV9.1|primary|z","null","true","false"
"""ar-dev-cmn-ramp-supplierservice24""","387b984c-ed3a-4d71-be69-ae4612a6388a","2024-08-30T09:04:51Z","[]","[{""customKeyIdentifier"":null,""displayName"":""Secret for accessing DataFoundation APIs"",""endDateTime"":""2027-02-03T07:16:25.358Z"",""hint"":""4M2"",""keyId"":""c023ecf0-f738-4d00-a9c1-12c6846b07bf"",""startDateTime"":""2025-02-03T07:16:25.358Z"",""secretText"":null},{""customKeyIdentifier"":null,""displayName"":""ServiceBus-ClientSecret"",""endDateTime"":""2027-02-03T07:16:01.633Z"",""hint"":""lxN"",""keyId"":""e532e037-56d6-4ab7-b489-da09d4e0ed0a"",""startDateTime"":""2025-02-03T07:16:01.633Z"",""secretText"":null},{""customKeyIdentifier"":null,""displayName"":""SupplierService24-AppReg-Ramp-ClientSecret"",""endDateTime"":""2027-01-16T09:13:02.034Z"",""hint"":""XTi"",""keyId"":""a2b47b3d-7fb1-45e7-a0b8-ecdb63c605d5"",""startDateTime"":""2025-01-16T09:13:02.034Z"",""secretText"":null}]","27b5ec62-7a01-4a14-8e54-b7ee094ce728","null","[]","null","null","ncconline.onmicrosoft.com","AzureADMyOrg","[]","null","null","null","[]","[]","[]","null","null","null","null","null","[]","Allow","[]","null","null","false","false"
"""D365 Sales Agent - Competitor (Microsoft Copilot Studio)""","256da731-6acf-406a-96cf-1103b017e978","2025-07-25T18:17:37Z","[]","[]","27bb8d8c-0dde-4f5d-ac8a-42ba94d642a7","null","[]","null","null","ncconline.onmicrosoft.com","AzureADMyOrg","[""AIAgentBuilder"",""AgentCreatedBy:CopilotStudio"",""AgenticApp"",""power-virtual-agents-a90d6842-039e-bb3f-a981-4c801f9cf3b5""]","null","null","null","[]","[]","[]","null","null","null","null","null","[]","Allow","[]","null","null","false","false"
"""ar-prod-ind-dco-dynamicsapi""","63a1096a-c3da-4244-81e3-ce2b293bc8c4","2020-01-27T08:24:08Z","[]","[{""customKeyIdentifier"":null,""displayName"":""Password uploaded on Mon Feb 17 2020"",""endDateTime"":""2299-12-30T23:00:00Z"",""hint"":""DrK"",""keyId"":""e01d8c18-1e3a-4593-b013-cff153e4fb63"",""startDateTime"":""2020-02-17T12:56:48.68Z"",""secretText"":null}]","27dce4dc-2684-4f8a-8b59-c87cd696a735","null","[]","null","null","ncconline.onmicrosoft.com","AzureADMyOrg","[]","null","null","null","[]","[]","[]","null","null","null","null","null","[]","Allow","[]","null","null","false","false"
"""Självkostnadsassistenten (Microsoft Copilot Studio)""","ad494e05-7293-42a8-9f90-c07de4ea85f0","2025-05-28T16:43:00Z","[]","[]","27e43815-7fa2-486f-93cd-6c3c9e2ed3ee","null","[]","null","null","ncconline.onmicrosoft.com","AzureADMyOrg","[""AIAgentBuilder"",""AgentCreatedBy:CopilotStudio"",""AgenticApp"",""power-virtual-agents-919a622a-b478-42a1-bd0d-9542b93895ab""]","null","null","null","[]","[]","[]","null","null","null","null","null","[]","Allow","[]","null","null","false","false"
"""ar-test-cmn-digizuite-DAM""","c84649b2-ed08-4140-9c81-34466c535355","2023-12-14T13:43:00Z","[]","[]","27e75929-b676-4c5a-901e-1bb83f226114","null","[]","null","ApplicationGroup","ncconline.onmicrosoft.com","AzureADMyOrg","[]","null","null","null","[]","[]","[]","null","null","null","null","null","[]","Allow","[""https://api-19e3aab2-4b2e-4dfb-a9f8-0070c8e4e5fb.digizuite.app/DigizuiteCore/LoginService""]","null","null","false","false"
"""D365 Sales Agent - Outreach (Microsoft Copilot Studio)""","8f08205b-98ea-4992-93e4-75496d0db50d","2025-10-21T19:32:37Z","[]","[]","27f235be-db4f-4e91-8eef-923cc1122229","null","[]","null","null","ncconline.onmicrosoft.com","AzureADMyOrg","[""AIAgentBuilder"",""AgentCreatedBy:CopilotStudio"",""AgenticApp"",""power-virtual-agents-2dc4453d-6f78-92fe-ceba-f4beca157d6c""]","null","null","null","[]","[]","[]","null","null","null","null","null","[]","Allow","[]","null","null","false","false"
"""Sales Close Agent - Custom Research (Microsoft Copilot Studio)""","f95da4e2-84bf-4d03-a4e9-3d419f199247","2026-01-30T18:51:34Z","[]","[]","2838828e-87dd-4475-929c-1e8648edee3d","null","[]","null","null","ncconline.onmicrosoft.com","AzureADMyOrg","[""AIAgentBuilder"",""AgentCreatedBy:CopilotStudio"",""AgenticApp"",""power-virtual-agents-0aedc7f7-57d4-68f9-2bbe-e83a5ef6c37a""]","null","null","null","[]","[]","[]","null","null","null","null","null","[]","Allow","[]","null","null","false","false"
"""ar-test-cmn-ramp-successfactors""","3aaecadd-9cbd-44c5-b3ca-8d31e8529d20","2024-06-24T12:05:21Z","[]","[{""customKeyIdentifier"":null,""displayName"":""ServiceBus-ClientSecret"",""endDateTime"":""2027-03-25T12:22:23.789Z"",""hint"":""iZ1"",""keyId"":""2f4a007f-2745-4097-9774-99118535e8b7"",""startDateTime"":""2025-03-25T12:22:23.789Z"",""secretText"":null},{""customKeyIdentifier"":null,""displayName"":""DF-Ramp-Appreg"",""endDateTime"":""2026-11-25T13:00:31.657Z"",""hint"":""9hX"",""keyId"":""62749971-e26b-4cd1-9ebc-a5a81e3bb82a"",""startDateTime"":""2024-11-25T13:00:31.657Z"",""secretText"":null},{""customKeyIdentifier"":null,""displayName"":""GlobalId-Ramp-AppReg"",""endDateTime"":""2026-09-10T11:26:56.336Z"",""hint"":""Djv"",""keyId"":""0ca4c4d0-3d9e-47d8-b068-ff598f9b8dc8"",""startDateTime"":""2024-09-10T11:26:56.336Z"",""secretText"":null},{""customKeyIdentifier"":null,""displayName"":""MBB-Ramp-AppReg"",""endDateTime"":""2026-09-10T11:26:15.191Z"",""hint"":""S0q"",""keyId"":""c632c96b-f5ff-4d8a-8c30-8a846613f944"",""startDateTime"":""2024-09-10T11:26:15.191Z"",""secretText"":null}]","28512331-d429-4219-b7be-b70997073189","null","[]","null","null","ncconline.onmicrosoft.com","AzureADMyOrg","[]","null","null","null","[]","[]","[]","null","null","null","null","null","[]","Allow","[]","null","null","false","false"
"""Truesec MSS M365 Defender API Access""","46e57fb7-ec29-4685-9d24-b0f7b4134304","2021-11-18T13:04:35Z","[]","[{""customKeyIdentifier"":null,""displayName"":""Truesec MSS M365 Defender API Secret"",""endDateTime"":""2024-11-17T09:43:47.365Z"",""hint"":""Ts2"",""keyId"":""fe7f3f07-142f-4252-9a34-962e8d239191"",""startDateTime"":""2022-11-17T09:43:47.365Z"",""secretText"":null},{""customKeyIdentifier"":null,""displayName"":""Truesec MSS M365 Defender API Secret"",""endDateTime"":""2023-11-19T14:12:04.254Z"",""hint"":""FIp"",""keyId"":""1f2c1ea2-02c2-4433-a3f2-4933a8d2bfdb"",""startDateTime"":""2021-11-19T14:12:04.254Z"",""secretText"":null}]","285bb982-433f-40fc-b0db-428fe303f924","null","[]","null","null","ncconline.onmicrosoft.com","AzureADMyOrg","[]","null","null","null","[]","[]","[]","null","null","null","null","null","[]","Allow","[]","null","null","false","false"
"""ar-test-cmn-foresee-powerautomate""","171d423d-0848-47b4-9479-8b7e78300f37","2020-10-13T08:31:24Z","[]","[{""customKeyIdentifier"":null,""displayName"":""Password uploaded on Mon Oct 19 2020"",""endDateTime"":""2022-10-19T07:53:34.732Z"",""hint"":""z9."",""keyId"":""d2db1c71-0df7-4ba6-b2b4-1cef4b5072b0"",""startDateTime"":""2020-10-19T07:53:39.656Z"",""secretText"":null}]","28a122db-5622-4bd4-bf22-8b8d5cb68522","null","[]","null","null","ncconline.onmicrosoft.com","AzureADMyOrg","[]","null","null","null","[]","[]","[]","null","null","null","null","null","[]","Allow","[""https://foresee-dev.crm4.dynamics.com""]","null","null","false","false"
"""ETWeb TEST""","2fcd1058-3db5-4311-bcd8-1a8eb71e060c","2020-02-28T15:13:31Z","[]","[]","28a9d31f-688e-493a-9230-1927cb87bddd","false","[""https://cmnap157.adroot.net/ETWeb11Test/LoginProvider/SAMLProvider.aspx""]","null","null","ncconline.onmicrosoft.com","AzureADMyOrg","[]","null","null","null","[]","[]","[]","null","null","null","null","null","[]","Allow","[""https://cmnap157.adroot.net/ETWeb11Test/LoginProvider/SAMLProvider.aspx""]","https://account.activedirectory.windowsazure.com:444/applications/default.aspx?metadata=customappsso|ISV9.1|primary|z","null","true","false"
"""ar-test-cmn-myncc-crawler""","b0adf61b-b9eb-43c2-bf12-37bce88a9355","2021-12-07T07:49:18Z","[]","[{""customKeyIdentifier"":null,""displayName"":""test"",""endDateTime"":""2022-09-02T12:10:48.658Z"",""hint"":""PVd"",""keyId"":""c12e5779-f23a-4821-bd3d-115a989166d7"",""startDateTime"":""2022-06-02T12:10:48.658Z"",""secretText"":null}]","28aa8dca-8b01-4b97-b6b4-49314b0a572a","null","[]","null","null","ncconline.onmicrosoft.com","AzureADMyOrg","[]","null","null","null","[]","[]","[]","null","null","null","null","null","[]","Allow","[]","null","null","false","false"
"""ar-dev-cmn-ramp-dkmiddleman""","8eec4adf-9095-4894-be42-77c13d2e7bb7","2025-01-28T13:49:53Z","[]","[{""customKeyIdentifier"":null,""displayName"":""Ramp-AppReg-ClientSecret"",""endDateTime"":""2027-01-29T15:05:48.061Z"",""hint"":""MMV"",""keyId"":""511457f0-4510-42fe-9a6c-bca2cbd71e33"",""startDateTime"":""2025-01-29T15:05:48.061Z"",""secretText"":null}]","291b0fb7-be1b-4545-942d-99997ae1ffdb","null","[]","null","null","ncconline.onmicrosoft.com","AzureADMyOrg","[]","null","null","null","[]","[]","[]","null","null","null","null","null","[]","Allow","[]","null","null","false","false"
"""D365 Sales Agent - Email Validation (Microsoft Copilot Studio)""","35b02a9b-cb39-4cee-81a2-0fbb09fee818","2025-05-21T02:15:08Z","[]","[]","29310d30-f0c3-4110-95cb-00eb6a702ca2","null","[]","null","null","ncconline.onmicrosoft.com","AzureADMyOrg","[""AIAgentBuilder"",""AgentCreatedBy:CopilotStudio"",""AgenticApp"",""power-virtual-agents-0addc9da-f94d-8d5d-b782-24a054c104a0""]","null","null","null","[]","[]","[]","null","null","null","null","null","[]","Allow","[]","null","null","false","false"
"""ar-dev-ind-costallocation-api""","334b1c20-ad01-42df-a555-2d225d8398ab","2022-10-04T13:21:55Z","[]","[{""customKeyIdentifier"":null,""displayName"":""Client secret"",""endDateTime"":""2026-06-03T12:32:25.454Z"",""hint"":""XbP"",""keyId"":""114a8686-dfbd-482f-8dfe-f1f841f8468d"",""startDateTime"":""2024-06-03T12:32:25.454Z"",""secretText"":null}]","29324bb9-6b2a-4e7d-b3b8-b6655f5379d6","false","[""api://334b1c20-ad01-42df-a555-2d225d8398ab""]","null","null","ncconline.onmicrosoft.com","AzureADMyOrg","[]","null","null","null","[]","[{""appId"":""f0cdacf3-e37b-470b-888f-ec8aacdbe2bf"",""delegatedPermissionIds"":[""107917a7-7031-436b-bc59-e9147fc5abaf""]},{""appId"":""01e71161-83b8-42fd-876c-00ab7a1c9f13"",""delegatedPermissionIds"":[""107917a7-7031-436b-bc59-e9147fc5abaf""]}]","[]","null","null","null","null","null","[]","Allow","[""https://api-dev-ind-costallocation.azurewebsites.net"",""https://localhost:7038/swagger/oauth2-redirect.html""]","null","null","false","true"
"""New harmon.ie""","5100f488-5b5a-4f04-a8f2-a9372ff3d1e2","2025-01-24T12:17:58Z","[]","[]","295e19ba-fbc5-4f8f-aa91-2a75bab7cd1f","null","[]","null","null","ncconline.onmicrosoft.com","AzureADMyOrg","[]","null","null","null","[]","[]","[]","null","null","null","null","null","[]","Allow","[]","null","null","false","false"
"""Industry-ServiceNow-V2""","bd64ce2d-7113-44e8-befb-e128698591eb","2023-05-05T12:11:39Z","[]","[]","295fa33c-67cf-4857-b942-e489378a04da","false","[""https://nccindustry.service-now.com""]","null","null","ncconline.onmicrosoft.com","AzureADMyOrg","[]","null","null","null","[]","[]","[]","null","null","null","null","null","[]","Allow","[""https://nccindustry.service-now.com/navpage.do""]","https://*.service-now.com/*?metadata=servicenow|ISV9.1|primary|z","null","true","false"
"""QLM""","31a2da65-7f4b-4b23-8143-fee0dfa5433b","2022-05-23T12:28:56Z","[]","[]","29614550-4b55-4e4d-9d38-0c59c8062b4e","true","[]","null","null","ncconline.onmicrosoft.com","AzureADMyOrg","[]","null","null","null","[]","[]","[""msal31a2da65-7f4b-4b23-8143-fee0dfa5433b://auth""]","null","null","null","null","null","[]","Allow","[]","https://account.activedirectory.windowsazure.com:444/applications/default.aspx?metadata=customappsso|ISV9.1|primary|z","null","true","false"
"""CSKnowledgeHarvestV2 (Microsoft Copilot Studio)""","0fd6088a-d2ac-4d5a-b32c-fe3f30f19168","2024-11-16T19:36:19Z","[]","[]","296dc546-d252-4892-a20c-64cb13bba69a","null","[]","null","null","ncconline.onmicrosoft.com","AzureADMultipleOrgs","[""AIAgentBuilder"",""AgentCreatedBy:CopilotStudio"",""AgenticApp"",""power-virtual-agents-e5188339-2d94-25f8-9352-e6bfc662512d""]","null","null","null","[]","[]","[]","null","null","null","null","null","[]","Allow","[]","null","null","false","false"
"""wa-dev-bui-cedb""","3f9991ce-5c1b-4bea-8cec-b21108c8b552","2017-05-22T11:20:15Z","[]","[{""customKeyIdentifier"":null,""displayName"":""Secret created by dotnet-msidentity tool"",""endDateTime"":""2023-09-06T10:45:49.0506555Z"",""hint"":""HCc"",""keyId"":""88d2cda3-642d-440c-b9fa-8c1bf51d63c6"",""startDateTime"":""2021-09-06T10:45:49.0506555Z"",""secretText"":null},{""customKeyIdentifier"":null,""displayName"":""Secret created by dotnet-msidentity tool"",""endDateTime"":""2023-09-06T10:45:27.2373518Z"",""hint"":""3_b"",""keyId"":""0c22e75c-4171-4b53-b2bb-7b4a3dff91f8"",""startDateTime"":""2021-09-06T10:45:27.2373518Z"",""secretText"":null},{""customKeyIdentifier"":null,""displayName"":""ClientSecret"",""endDateTime"":""2299-12-30T23:00:00Z"",""hint"":""x-W"",""keyId"":""a595ff57-2106-437c-8a61-54e1c85ac29d"",""startDateTime"":""2020-05-13T13:17:45.969Z"",""secretText"":null},{""customKeyIdentifier"":null,""displayName"":""GraphSecret"",""endDateTime"":""2299-12-30T23:00:00Z"",""hint"":""cqD"",""keyId"":""a9c0c3fb-3a20-4c23-8558-7e88c5baffcf"",""startDateTime"":""2020-01-15T20:54:17.513Z"",""secretText"":null}]","29a81c47-b240-41a5-bbd2-91a0c62cca5a","false","[""https://ncconline.onmicrosoft.com/3eb9120d-fd0f-4e55-b281-37e6c90b9410""]","null","null","null","AzureADMyOrg","[]","null","null","null","[]","[]","[]","null","null","null","null","null","[]","Allow","[""http://localhost:5000/signin-oidc"",""https://localhost:5001/signin-oidc"",""https://localhost:44396/signin-oidc"",""http://localhost:63609/signin-oidc"",""https://cedb-test.ncc.info/signin-oidc"",""https://localhost:44322/signin-oidc""]","https://localhost:44322/signin-oidc","null","true","false"
"""ar-prod-cmn-advaniaopsdocs""","a7af7300-e688-4ecc-aa10-a1e7d3881a3f","2024-04-03T07:40:57Z","[]","[{""customKeyIdentifier"":null,""displayName"":""Zitadel IdP"",""endDateTime"":""2026-04-19T07:01:49.315Z"",""hint"":""19Z"",""keyId"":""eb6b369f-ea46-4b34-b581-95ff86403096"",""startDateTime"":""2024-04-19T07:01:49.315Z"",""secretText"":null}]","29d8e1eb-0c09-4d98-9804-ed1404b1f271","null","[]","null","null","ncconline.onmicrosoft.com","AzureADMultipleOrgs","[]","null","null","null","[]","[]","[]","null","null","null","null","null","[]","Allow","[""https://auth.advania.cloud/ui/login/login/externalidp/callback""]","null","null","false","false"
"""ar-poc-nerdio-nmw-app""","724d3c5a-8c5d-4c2a-8d0a-ab6beb8ef290","2025-04-15T07:31:33Z","[]","[{""customKeyIdentifier"":null,""displayName"":""nmw-app-zswqjmxfdptlk"",""endDateTime"":""2027-05-02T07:47:00.684Z"",""hint"":""WSZ"",""keyId"":""746e5fe8-07b5-48f5-9237-81c76c30ce49"",""startDateTime"":""2025-05-02T07:47:00.684Z"",""secretText"":null},{""customKeyIdentifier"":null,""displayName"":""nmw"",""endDateTime"":""2025-07-14T09:45:57.131Z"",""hint"":""vLO"",""keyId"":""2d80b0b9-f98e-40db-901c-b5f2d6fe5d72"",""startDateTime"":""2025-04-15T09:45:57.131Z"",""secretText"":null}]","29eede17-8b2a-41c5-beca-b526f999980e","null","[]","null","null","ncconline.onmicrosoft.com","AzureADMyOrg","[]","null","null","null","[]","[]","[]","null","null","null","null","null","[]","Allow","[""https://nmw-app-zswqjmxfdptlk.azurewebsites.net"",""https://nmw-app-zswqjmxfdptlk.azurewebsites.net/signin-oidc""]","null","https://nmw-app-zdxaasfrbl6xk.azurewebsites.net/signout-oidc","true","true"
"""NCC oikeustapaukset (Microsoft Copilot Studio)""","5e2eaf90-c9a2-4670-8ada-6b2af4821e16","2025-09-25T08:59:57Z","[]","[]","29f645fa-6330-4b4a-9031-74bb814dc075","null","[]","null","null","ncconline.onmicrosoft.com","AzureADMyOrg","[""AIAgentBuilder"",""AgentCreatedBy:CopilotStudio"",""AgenticApp"",""power-virtual-agents-541ccc3c-e3a4-d01b-bddd-9ad468d2d80e""]","null","null","null","[]","[]","[]","null","null","null","null","null","[]","Allow","[]","null","null","false","false"
"""Test Garanti og Service Agent (Microsoft Copilot Studio)""","533201b1-be7b-4c4a-be3e-d23ef7392341","2025-08-21T11:07:14Z","[]","[]","2a031c02-72ce-4f13-a9d7-e5382e11de55","null","[]","null","null","ncconline.onmicrosoft.com","AzureADMyOrg","[""AIAgentBuilder"",""AgentCreatedBy:CopilotStudio"",""AgenticApp"",""power-virtual-agents-90a3d89e-bb18-765f-5ac3-1fdcb7a3ff7c""]","null","null","null","[]","[]","[]","null","null","null","null","null","[]","Allow","[]","null","null","false","false"
"""ar-dev-cmn-pro3""","67623d85-f877-4989-be02-b3825de8753e","2022-10-26T07:50:21Z","[]","[]","2a06267f-0905-467b-b119-cefea6273c95","null","[]","null","null","ncconline.onmicrosoft.com","AzureADMyOrg","[]","null","null","null","[]","[]","[]","null","null","null","null","null","[]","Allow","[]","null","null","false","false"
"""D365 Sales Agent - Research (Microsoft Copilot Studio)""","e747b195-4e78-46d0-b9c6-28cd1d242a4d","2025-05-20T01:20:42Z","[]","[]","2a0fd346-8b27-428c-9c7e-071aa4dd7c65","null","[]","null","null","ncconline.onmicrosoft.com","AzureADMyOrg","[""AIAgentBuilder"",""AgentCreatedBy:CopilotStudio"",""AgenticApp"",""power-virtual-agents-b99c5fb3-8f34-590b-8681-ed00aa49be62""]","null","null","null","[]","[]","[]","null","null","null","null","null","[]","Allow","[]","null","null","false","false"
"""wa-dev-cmn-webapp01""","c10d872c-5c54-4ba3-b436-184629a383f5","2016-11-01T09:15:37Z","[]","[]","2a15224e-56c4-4a28-98de-1b89b71f1b7c","null","[""https://wa-dev-cmn-webapp01.ase-dev-cmn-pocase01.p.azurewebsites.net""]","null","null","null","AzureADMyOrg","[]","null","null","null","[]","[]","[]","null","null","null","null","null","[]","Allow","[""https://wa-dev-cmn-webapp01.ase-dev-cmn-pocase01.p.azurewebsites.net""]","https://wa-dev-cmn-webapp01.ase-dev-cmn-pocase01.p.azurewebsites.net","null","true","false"
"""Hangonsilta Alustava Tarjouspyyntö (Microsoft Copilot Studio)""","a5b0f87b-dbe7-41f8-9ac4-52ddca763f97","2025-03-25T08:03:14Z","[]","[]","2a1edd98-dcb1-4d40-9a5c-5ef8f3641ec7","null","[]","null","null","ncconline.onmicrosoft.com","AzureADMyOrg","[""AIAgentBuilder"",""AgentCreatedBy:CopilotStudio"",""AgenticApp"",""power-virtual-agents-6e030a02-087f-596c-cd14-d4f64c5721e6""]","null","null","null","[]","[]","[]","null","null","null","null","null","[]","Allow","[]","null","null","false","false"
"""ar-prod-cmn-masterarticledata""","f2e10783-d411-4d32-af06-d855f12cde75","2024-03-12T08:06:02Z","[]","[{""customKeyIdentifier"":null,""displayName"":""app-secret"",""endDateTime"":""2026-11-12T20:00:11.635Z"",""hint"":""UJU"",""keyId"":""8222c0d1-370d-4af2-bf6d-26fc1993f254"",""startDateTime"":""2024-11-12T20:00:11.635Z"",""secretText"":null}]","2a3915f8-83f7-460d-b37e-a708c1f75f59","null","[""api://f2e10783-d411-4d32-af06-d855f12cde75""]","null","null","ncconline.onmicrosoft.com","AzureADMyOrg","[]","null","null","null","[]","[]","[]","null","null","null","null","null","[]","Allow","[]","null","null","true","true"
"""IND-Lime""","22b64a3e-1917-4dba-bd24-f6723eaa9585","2018-06-11T07:37:57Z","[]","[{""customKeyIdentifier"":null,""displayName"":""CWAP_AuthSecret"",""endDateTime"":""2026-03-28T21:20:36.1441675Z"",""hint"":""NAv"",""keyId"":""e2150909-b852-4e47-a2de-19579377737b"",""startDateTime"":""2025-03-28T21:16:36.1441675Z"",""secretText"":null},{""customKeyIdentifier"":""Q1dBUF9BdXRoU2VjcmV0"",""displayName"":null,""endDateTime"":""2025-06-22T22:17:59.4911059Z"",""hint"":""Wk8"",""keyId"":""2191cf61-9c40-4f0b-b253-57eecd44798b"",""startDateTime"":""2024-06-22T22:13:59.4911059Z"",""secretText"":null},{""customKeyIdentifier"":""Q1dBUF9BdXRoU2VjcmV0"",""displayName"":null,""endDateTime"":""2024-09-19T22:38:05.185602Z"",""hint"":""Cj5"",""keyId"":""e6a64a96-fb08-4afb-a57a-a25c5d679c99"",""startDateTime"":""2023-09-20T22:34:05.185602Z"",""secretText"":null}]","2a45d601-a91b-488c-b4ee-8d01ef1a0136","false","[""https://indlime.ncc.info/"",""http://customappsso602EAFF035D04BC4A3CBB3265E9CB769"",""http://instanceid_8adf8e6e-67b2-4cf2-a259-e3dc5476c621_6857243AA79246B98920C61E821B3175"",""http://customappsso/d815b2d8-d423-4136-9534-7a44f6407e7b""]","null","null","null","AzureADMyOrg","[]","null","null","null","[]","[]","[]","null","null","null","null","https://secure.aadcdn.microsoftonline-p.com/c1c6b6c8-6uswhvxlhkkm-sycs0sto1cdksnznubohzifl1jzckc/appbranding/sry3dpeahfkb9szjealylz4-uuvh9dvfo15btyo4bfc/1033/bannerlogo?ts=636848844048903632","[]","Allow","[""https://indlime.ncc.info/"",""https://127.0.0.1:444/applications/default.aspx""]","https://indlime.ncc.info/","https://indlime.ncc.info/?appproxy=logout","true","false"
"""D365 Sales Agent - Summary Synthesizer (Microsoft Copilot Studio)""","00443639-0121-4f6b-8753-d1c372ccfbac","2025-07-27T22:51:06Z","[]","[]","2a68209d-fcee-4320-a1b2-9e909ea0f154","null","[]","null","null","ncconline.onmicrosoft.com","AzureADMyOrg","[""AIAgentBuilder"",""AgentCreatedBy:CopilotStudio"",""AgenticApp"",""power-virtual-agents-d8e6ee7e-3a75-32da-1256-90859ca57678""]","null","null","null","[]","[]","[]","null","null","null","null","null","[]","Allow","[]","null","null","false","false"
"""aa-prod-cmn-intranet_LDRV4PvzSurJaQZM4lRlX/r8QxD/mL0/xnjlkrlTIAY=""","c2b178c6-276b-4891-834e-97452333e5a6","2017-09-20T07:29:46Z","[{""customKeyIdentifier"":""6509184C12A9C9BC1281224A9B0C40C45360E7D8"",""displayName"":""DC=aa-prod-cmn-intranet_rg-prod-cmn-intranet"",""endDateTime"":""2024-02-08T13:51:43Z"",""keyId"":""48200795-a8e7-4117-9235-7025edec7037"",""startDateTime"":""2023-02-08T13:41:44Z"",""type"":""AsymmetricX509Cert"",""usage"":""Verify"",""key"":null}]","[]","2a696af1-c6a4-4be3-885a-4b8e5be98fc7","null","[""https://spn/LDRV4PvzSurJaQZM4lRlX%2fr8QxD%2fmL0%2fxnjlkrlTIAY%3d""]","null","null","null","AzureADMyOrg","[]","null","null","null","[]","[]","[]","null","null","null","null","null","[]","Allow","[]","https://management.azure.com//subscriptions/536512e6-44e5-4e9a-849a-33131501e63f/resourceGroups/rg-prod-cmn-Intranet/providers/Microsoft.Automation/automationAccounts/aa-prod-cmn-intranet","null","true","false"
"""NCC IoT""","01d4de51-1e10-467d-8cfc-9f4aa25e7725","2017-07-18T12:57:19Z","[]","[]","2af71976-26d8-45a0-8714-514c1e7212fb","false","[""https://ncconline.onmicrosoft.com/c4aaa641-cc44-4c63-8fc7-9aa7203830f4""]","null","null","null","AzureADMyOrg","[]","null","null","null","[]","[]","[]","null","null","null","null","null","[]","Allow","[""http://localhost:64274/""]","http://localhost:64274/","null","true","false"
"""D365 Sales Agent - Research (Microsoft Copilot Studio)""","30c3689e-db11-4513-b297-49ba5d84529d","2025-05-21T02:15:08Z","[]","[]","2b2839e5-1cb3-41e0-83fc-a6f6476d2d9a","null","[]","null","null","ncconline.onmicrosoft.com","AzureADMyOrg","[""AIAgentBuilder"",""AgentCreatedBy:CopilotStudio"",""AgenticApp"",""power-virtual-agents-b7dafdbd-efc3-b7c2-2f1c-537c75d669b5""]","null","null","null","[]","[]","[]","null","null","null","null","null","[]","Allow","[]","null","null","false","false"
"""wa-prod-bui-constructionconnector-server""","1f9f726e-e5df-4302-b7c2-65886d6008ba","2021-12-21T17:17:35Z","[]","[{""customKeyIdentifier"":null,""displayName"":""ClientSecret"",""endDateTime"":""2028-01-05T08:25:28.71Z"",""hint"":""Y2F"",""keyId"":""50e43a55-8f36-4708-a6a1-91c54b80ca2a"",""startDateTime"":""2026-01-05T08:25:28.71Z"",""secretText"":null},{""customKeyIdentifier"":null,""displayName"":""ClientSecret"",""endDateTime"":""2026-01-03T16:43:22.311Z"",""hint"":""hzS"",""keyId"":""fe2eb8f6-82ce-4dd0-bfbc-d3669c443b2b"",""startDateTime"":""2024-01-04T16:43:22.311Z"",""secretText"":null}]","2b2e70f8-a8d9-4d35-99a6-00a8ad7421d8","null","[""api://1f9f726e-e5df-4302-b7c2-65886d6008ba""]","null","null","ncconline.onmicrosoft.com","AzureADMyOrg","[]","null","null","null","[]","[{""appId"":""1f97ea9b-1cbc-436b-8e5c-c2be2bdce125"",""delegatedPermissionIds"":[""a1b80383-790f-4ec4-9f80-fa27cd34fb3d""]},{""appId"":""fa4a20de-3d27-42ea-882c-462783511f2c"",""delegatedPermissionIds"":[""9ce603e4-4f61-4b0e-927a-2f870c248e8e""]}]","[]","null","null","null","null","null","[]","Allow","[]","null","null","false","false"
"""ncc-tfs-NCC-prod-cmn-appiot-536512e6-44e5-4e9a-849a-33131501e63f""","c03de64b-cd3c-4eeb-90f8-04b7b3f31018","2018-03-01T07:51:56Z","[]","[{""customKeyIdentifier"":null,""displayName"":null,""endDateTime"":""2020-03-01T07:51:56.3425806Z"",""hint"":null,""keyId"":""24f2c69c-8ae4-4b76-a82f-d1b9e730e4db"",""startDateTime"":""2018-03-01T07:51:56.3425806Z"",""secretText"":null}]","2b34b2be-c61b-4bd1-925d-d93b2027dbbb","null","[""https://VisualStudio/SPNf8e9c3c9-ec4a-4d5b-80c5-25595dc543db""]","null","null","null","AzureADMyOrg","[]","null","null","null","[]","[]","[]","null","null","null","null","null","[]","Allow","[""https://VisualStudio/SPN""]","https://VisualStudio/SPN","null","true","false"
"""Demo MKi (Microsoft Copilot Studio)""","a69272d1-ebe6-46b6-ad14-2abe2c9359fb","2025-04-09T11:08:57Z","[]","[]","2b414608-de0a-4710-9cef-59e62b92c84f","null","[]","null","null","ncconline.onmicrosoft.com","AzureADMyOrg","[""AIAgentBuilder"",""AgentCreatedBy:CopilotStudio"",""AgenticApp"",""power-virtual-agents-a1371b49-c0c7-2864-318d-aef306a88a0a""]","null","null","null","[]","[]","[]","null","null","null","null","null","[]","Allow","[]","null","null","false","false"
"""Projektsupport för krav och stöd inom milj (Microsoft Copilot Studio)""","07e2e4b6-7014-4ac6-9a9a-da065bd4b36e","2025-04-23T18:35:57Z","[]","[]","2b46122b-107a-40ec-86ea-266cccfba773","null","[]","null","null","ncconline.onmicrosoft.com","AzureADMyOrg","[""AIAgentBuilder"",""AgentCreatedBy:CopilotStudio"",""AgenticApp"",""power-virtual-agents-23b62d21-d24d-b2fb-afd7-affc1c8625af""]","null","null","null","[]","[]","[]","null","null","null","null","null","[]","Allow","[]","null","null","false","false"
"""ar-prod-cmn-analytics-demo-app""","893fd601-2b71-46a1-9af9-682eee9bdd7b","2024-01-08T07:55:47Z","[]","[]","2b9e8688-4df3-4c29-81ed-017636f06c57","null","[]","null","null","ncconline.onmicrosoft.com","AzureADMyOrg","[]","null","null","null","[]","[]","[]","null","null","null","null","null","[]","Allow","[]","null","null","false","false"
"""sporre-test-weather-api""","9a576995-2b6c-40c5-a59e-a6df00ee6fa6","2025-10-18T11:07:13Z","[]","[]","2bafc657-12aa-42a4-bfc2-976d6ade6707","null","[""api://9a576995-2b6c-40c5-a59e-a6df00ee6fa6""]","null","null","ncconline.onmicrosoft.com","AzureADMyOrg","[]","null","null","null","[]","[{""appId"":""f4c23a8c-aa58-4a84-a503-b5ed687d3a74"",""delegatedPermissionIds"":[""a29982c4-69c1-47aa-a101-190f6a0e53a4""]}]","[]","null","null","null","null","null","[]","Allow","[]","null","null","false","false"
"""ar-prod-cmn-b2c-idp""","32040712-28c3-43ca-8e7b-0bb8bf2ab5fe","2024-04-03T11:25:17Z","[]","[{""customKeyIdentifier"":null,""displayName"":""B2C Prod IdP"",""endDateTime"":""2025-09-30T11:35:32.857Z"",""hint"":""YC1"",""keyId"":""462fd1c2-8c26-48d2-b4aa-ce7dde4eae24"",""startDateTime"":""2024-04-03T11:35:32.857Z"",""secretText"":null}]","2bcd2dab-5a75-485e-9692-7df7ea17e281","null","[]","null","null","ncconline.onmicrosoft.com","AzureADMyOrg","[]","null","null","null","[]","[]","[]","null","null","null","null","null","[]","Allow","[""https://nccaadb2cprod.b2clogin.com/nccaadb2cprod.onmicrosoft.com/oauth2/authresp""]","null","null","false","false"
"""oliver johnson (Microsoft Copilot Studio)""","c5567748-c924-4f6d-abe7-5eef5c594c9b","2025-10-23T12:43:13Z","[]","[]","2bdf73de-ce95-4676-926e-a7b652698ac6","null","[]","null","null","ncconline.onmicrosoft.com","AzureADMyOrg","[""AIAgentBuilder"",""AgentCreatedBy:CopilotStudio"",""AgenticApp"",""power-virtual-agents-1a260013-94b0-6dea-83c2-c7e46d772380""]","null","null","null","[]","[]","[]","null","null","null","null","null","[]","Allow","[]","null","null","false","false"
"""Power Automate Mail Agent (Microsoft Copilot Studio)""","73f4c1b4-ef3e-4544-b4da-bc4c3b15a8ac","2025-10-30T09:51:23Z","[]","[]","2bf0d043-a658-4fc2-97eb-56eab9f50c80","null","[]","null","null","ncconline.onmicrosoft.com","AzureADMyOrg","[""AIAgentBuilder"",""AgentCreatedBy:CopilotStudio"",""AgenticApp"",""power-virtual-agents-7c54385d-748c-56e1-aa43-b18a86ed01a5""]","null","null","null","[]","[]","[]","null","null","null","null","null","[]","Allow","[]","null","null","false","false"
"""QualityEvaluationAgentForConversation (Microsoft Copilot Studio)""","52a0272c-7977-4469-83f0-a3b8c03cc419","2025-10-28T19:36:08Z","[]","[]","2c302165-46da-4f31-a05b-ccd6360e2318","null","[]","null","null","ncconline.onmicrosoft.com","AzureADMyOrg","[""AIAgentBuilder"",""AgentCreatedBy:CopilotStudio"",""AgenticApp"",""power-virtual-agents-eceac51c-130f-85c3-5693-a68ea6d62ebd""]","null","null","null","[]","[]","[]","null","null","null","null","null","[]","Allow","[]","null","null","false","false"
"""ar-test-cmn-lointool""","f47663ee-ecec-4590-a280-a09d66df38b4","2022-10-31T08:44:58Z","[]","[{""customKeyIdentifier"":null,""displayName"":""Password uploaded on Tue Oct 29 2024"",""endDateTime"":""2026-10-29T12:40:21.584Z"",""hint"":""qtM"",""keyId"":""3f6ece1d-7660-4020-ab65-bfd2c8a3563e"",""startDateTime"":""2024-10-29T12:40:21.584Z"",""secretText"":null}]","2c5aee2e-3d75-49c4-ba1f-15bf51f2a29d","null","[""api://f47663ee-ecec-4590-a280-a09d66df38b4""]","null","null","ncconline.onmicrosoft.com","AzureADMyOrg","[""apiConsumer"",""webApi"",""singlePageApp""]","null","null","null","[]","[{""appId"":""90863609-809c-4aa5-ae6d-6ad3a34dcff3"",""delegatedPermissionIds"":[""34eda333-c430-4d0a-be86-8ccd0e0e6dc5""]},{""appId"":""3c840f02-8644-4ce0-b756-e78a1eae2b83"",""delegatedPermissionIds"":[""34eda333-c430-4d0a-be86-8ccd0e0e6dc5""]},{""appId"":""64d52753-7615-455f-bd2d-9bada640dcdb"",""delegatedPermissionIds"":[""34eda333-c430-4d0a-be86-8ccd0e0e6dc5""]},{""appId"":""8d131b36-13d1-4eb5-8a41-b4c8b9af7435"",""delegatedPermissionIds"":[""34eda333-c430-4d0a-be86-8ccd0e0e6dc5""]},{""appId"":""f47663ee-ecec-4590-a280-a09d66df38b4"",""delegatedPermissionIds"":[""7f4233fb-27f6-47f5-96fd-3823e4f056ab""]}]","[]","null","null","null","null","null","[]","Allow","[""https://localhost:5443/signin-oidc"",""https://wa-test-cmn-lointool-v2.ase02.ncc.info/signin-oidc"",""https://wa-test-cmn-lointool.ase02.ncc.info/signin-oidc"",""http://localhost:5009/signin-oidc"",""https://localhost:7009/signin-oidc"",""https://localhost:44303/signin-oidc"",""http://localhost:3088/signin-oidc"",""http://localhost:5107/signin-oidc"",""https://localhost:7107/signin-oidc"",""https://localhost:44335/signin-oidc"",""http://localhost:24195/signin-oidc""]","null","null","true","false"
"""D365 Sales Agent - Readiness (Microsoft Copilot Studio)""","76cde9b6-480b-483a-ab7d-5b593143890e","2025-06-10T09:20:50Z","[]","[]","2c6387cc-dcc4-46c7-8ab2-96ed979a8101","null","[]","null","null","ncconline.onmicrosoft.com","AzureADMyOrg","[""AIAgentBuilder"",""AgentCreatedBy:CopilotStudio"",""AgenticApp"",""power-virtual-agents-85e8ceab-6cab-4f03-9233-3d2870f19624""]","null","null","null","[]","[]","[]","null","null","null","null","null","[]","Allow","[]","null","null","false","false"
"""Agent (Microsoft Copilot Studio)""","e680dea7-ff44-4a3c-aabd-712c454e80d4","2025-04-10T07:21:30Z","[]","[]","2c82834f-7195-4a55-97fb-b2a9555ebb00","null","[]","null","null","ncconline.onmicrosoft.com","AzureADMyOrg","[""AIAgentBuilder"",""AgentCreatedBy:CopilotStudio"",""AgenticApp"",""power-virtual-agents-40538787-6eac-252a-7877-ae72875368a0""]","null","null","null","[]","[]","[]","null","null","null","null","null","[]","Allow","[]","null","null","false","false"
"""ar-test-cmn-servicenow""","aeef96ae-dbc8-4c14-a4cb-af074a1cf065","2024-04-18T07:41:51Z","[]","[{""customKeyIdentifier"":null,""displayName"":""ServiceNow PostToRamp"",""endDateTime"":""2026-04-19T05:30:49.217Z"",""hint"":""Ons"",""keyId"":""891f2136-1d92-4075-9900-f3dc6aa6ab11"",""startDateTime"":""2024-04-19T05:30:49.217Z"",""secretText"":null}]","2c8a79cf-ab75-4051-b75c-66a5923b8038","null","[]","null","null","ncconline.onmicrosoft.com","AzureADMyOrg","[]","null","null","null","[]","[]","[]","null","null","null","null","null","[]","Allow","[]","null","null","false","false"
"""ar-prod-cmn-uam-clearskye-integration""","4b139b13-e9a7-45ad-b2c6-bdd1e8b84391","2024-05-20T07:53:26Z","[]","[{""customKeyIdentifier"":null,""displayName"":""Clearskye connector"",""endDateTime"":""2026-05-20T07:54:05.54Z"",""hint"":""Xev"",""keyId"":""02d56039-3ae4-4c40-9105-27776ae9d0d6"",""startDateTime"":""2024-05-20T07:54:05.54Z"",""secretText"":null}]","2ca5a95f-4a26-47ac-a210-7222a57acb9b","null","[]","null","null","ncconline.onmicrosoft.com","AzureADMyOrg","[]","null","null","null","[]","[]","[]","null","null","null","null","null","[]","Allow","[]","null","null","false","false"
"""wa-test-bui-cedb""","9f776e53-ea21-45b3-ae6f-08fa208dbcb1","2017-05-24T15:38:54Z","[]","[{""customKeyIdentifier"":null,""displayName"":""ClientSecret"",""endDateTime"":""2299-12-30T23:00:00Z"",""hint"":""_-_"",""keyId"":""34c6241b-1986-4d2a-9587-a3d02047c9b0"",""startDateTime"":""2020-05-26T10:45:04.237Z"",""secretText"":null}]","2cad6763-9534-4288-a316-995e0ea98340","false","[""https://ncconline.onmicrosoft.com/a570031d-f46a-4c70-8c67-02686acaa2d6""]","null","null","null","AzureADMyOrg","[]","null","null","null","[]","[]","[]","null","null","null","null","null","[]","Allow","[""https://old.constructionconnector-test.ncc.info/signin-oidc"",""https://cedb-test.ncc.info/signin-oidc""]","https://constructionconnector-test.ncc.info/","https://old.constructionconnector-test.ncc.info/signin-oidc","true","false"
"""ar-prod-cmn-SPIndexer-documentHub""","3541274d-b03b-4873-9316-9d16a903bff9","2023-03-08T09:53:52Z","[]","[{""customKeyIdentifier"":null,""displayName"":""Sweden Central"",""endDateTime"":""2026-01-10T11:05:05.069Z"",""hint"":""fEg"",""keyId"":""ef5d28e2-c04a-4c8d-bf13-bac7958f0df6"",""startDateTime"":""2024-01-11T11:05:05.069Z"",""secretText"":null},{""customKeyIdentifier"":null,""displayName"":""Password uploaded on Wed Mar 08 2023"",""endDateTime"":""2025-03-07T10:00:48.824Z"",""hint"":""Ygz"",""keyId"":""46cb143f-5a39-4277-bb76-1bb7522c3680"",""startDateTime"":""2023-03-08T10:00:48.824Z"",""secretText"":null}]","2cd1b80e-d93d-4c52-b9fe-5aabb2537c96","true","[]","null","null","ncconline.onmicrosoft.com","AzureADMyOrg","[]","null","null","null","[]","[]","[""https://login.microsoftonline.com/common/oauth2/nativeclient""]","null","null","null","null","null","[]","Allow","[]","null","null","false","false"
"""ar-test-ind-azconsum""","e626a3f6-941d-4f2d-88f8-1255208661bf","2022-03-03T11:36:42Z","[]","[{""customKeyIdentifier"":null,""displayName"":""AzConsum Azure AD Client Secret"",""endDateTime"":""2024-04-22T12:47:05.779Z"",""hint"":""dTG"",""keyId"":""b728d325-9833-4b15-9d05-61a000c0dfd5"",""startDateTime"":""2022-04-22T12:47:05.779Z"",""secretText"":null}]","2d025637-dc15-407c-b689-b8062658576e","null","[]","null","null","ncconline.onmicrosoft.com","AzureADMyOrg","[]","null","null","null","[]","[]","[]","null","null","null","null","null","[]","Allow","[]","null","null","false","false"
"""ar-prod-cmn-medarbejderportal""","389107c9-abc2-49eb-b048-30f20ab00739","2021-01-07T10:25:15Z","[]","[{""customKeyIdentifier"":null,""displayName"":""Password uploaded on Tue Jan 04 2022"",""endDateTime"":""2023-01-04T10:15:30.121Z"",""hint"":""OCN"",""keyId"":""151c29b4-afb7-421d-bbf4-a58fa041de51"",""startDateTime"":""2022-01-04T10:15:30.121Z"",""secretText"":null},{""customKeyIdentifier"":null,""displayName"":""Password uploaded on Fri Jan 08 2021"",""endDateTime"":""2023-01-08T14:12:11.432Z"",""hint"":""--8"",""keyId"":""f5cfeb90-10aa-43f3-8eb9-7f5d76789e3b"",""startDateTime"":""2021-01-08T14:12:17.361Z"",""secretText"":null}]","2d304b13-08e4-4ea2-8aa9-a1ab1b496246","null","[]","null","SecurityGroup","ncconline.onmicrosoft.com","AzureADMyOrg","[]","null","2","null","[]","[]","[]","null","null","null","null","null","[]","Allow","[""https://cmnwb12.adroot.net/addresslists/"",""https://cmnwb12.adroot.net/employeechecklist/"",""https://cmnwb12.adroot.net/medarbejderportal/""]","null","null","true","false"
"""Copilot AI Core Team member (Microsoft Copilot Studio)""","01767f8b-c454-4dc8-8456-6f42660d6298","2024-09-17T11:56:55Z","[]","[]","2d392b88-9e39-470d-b721-29a304bfec29","null","[]","null","null","ncconline.onmicrosoft.com","AzureADMultipleOrgs","[""AIAgentBuilder"",""AgentCreatedBy:CopilotStudio"",""AgenticApp"",""power-virtual-agents-482f7a8d-357f-a60e-6e0c-dc1d5316df37""]","null","null","null","[]","[]","[]","null","null","null","null","null","[]","Allow","[]","null","null","false","false"
"""ar-prod-cmn-ramp-ramismart""","4e40589c-7015-4f06-abf2-60931909918a","2024-03-25T09:28:36Z","[]","[]","2d417ac0-bb5e-4e86-91d7-c46e54e4337f","null","[]","null","null","ncconline.onmicrosoft.com","AzureADMyOrg","[]","null","null","null","[]","[]","[]","null","null","null","null","null","[]","Allow","[]","null","null","false","false"
"""D365 Sales Agent - Engage Autonomous (Microsoft Copilot Studio)""","b1df13bd-60c6-4bcf-aeb2-b0b81025510d","2025-06-09T01:57:42Z","[]","[]","2d729666-fa41-47e1-a316-f9b6b4632af1","null","[]","null","null","ncconline.onmicrosoft.com","AzureADMyOrg","[""AIAgentBuilder"",""AgentCreatedBy:CopilotStudio"",""AgenticApp"",""power-virtual-agents-c2e02dae-614c-80d2-5b7c-2e94e180045e""]","null","null","null","[]","[]","[]","null","null","null","null","null","[]","Allow","[]","null","null","false","false"
"""Asiakaspalveluavustaja (Microsoft Copilot Studio)""","e765bef3-96f2-434c-844b-2a019ca50dec","2025-04-09T10:42:07Z","[]","[]","2d72e5e9-9bf9-41c8-8b36-c65224500d8b","null","[]","null","null","ncconline.onmicrosoft.com","AzureADMyOrg","[""AIAgentBuilder"",""AgentCreatedBy:CopilotStudio"",""AgenticApp"",""power-virtual-agents-8ebffba8-56bf-0429-26ca-dca5709a44a3""]","null","null","null","[]","[]","[]","null","null","null","null","null","[]","Allow","[]","null","null","false","false"
"""ar-test-waf-contolplane""","7ff1cfd1-a838-4b7e-a2dd-6c99f7de966c","2020-05-15T07:42:11Z","[]","[{""customKeyIdentifier"":null,""displayName"":""cmnwaf02"",""endDateTime"":""2021-06-25T12:13:38.1Z"",""hint"":""-80"",""keyId"":""e956db61-1f28-4f4b-a04d-324edeac2813"",""startDateTime"":""2020-06-25T12:14:21.989Z"",""secretText"":null},{""customKeyIdentifier"":null,""displayName"":""cmnwaf01-01"",""endDateTime"":""2022-05-26T15:08:13.194Z"",""hint"":""_y5"",""keyId"":""c747ce58-9ec4-44ae-847a-928b97496804"",""startDateTime"":""2020-05-26T15:08:20.876Z"",""secretText"":null},{""customKeyIdentifier"":null,""displayName"":""avi-dnsconfig"",""endDateTime"":""2022-05-26T12:16:56.921Z"",""hint"":""xM0"",""keyId"":""1b1d3eb3-ce76-4225-9caf-799a04075139"",""startDateTime"":""2020-05-26T12:17:06.877Z"",""secretText"":null},{""customKeyIdentifier"":null,""displayName"":""cmnwaf01"",""endDateTime"":""2022-05-26T11:50:51.189Z"",""hint"":""~t6"",""keyId"":""0556e3bd-236c-4e9f-a80f-e419776c6d3c"",""startDateTime"":""2020-05-26T11:50:58.228Z"",""secretText"":null}]","2d7b7096-6495-45a1-a0cf-243cdf0ee720","null","[""controller.waf.ncc.info""]","null","null","ncconline.onmicrosoft.com","AzureADMyOrg","[]","null","null","null","[]","[]","[]","null","null","null","null","null","[]","Allow","[""https://acme-ykbc.azurewebsites.net/.auth/login/aad/callback""]","null","null","true","false"
"""WVDPOCMGMTTool01""","397061ec-81bd-4190-9258-926628c60832","2020-01-21T13:12:42Z","[]","[{""customKeyIdentifier"":null,""displayName"":null,""endDateTime"":""2300-01-21T13:12:43.0831996Z"",""hint"":null,""keyId"":""e8d86885-e1b9-4b36-bb13-f553a8d9cf52"",""startDateTime"":""2020-01-21T13:12:43.0831996Z"",""secretText"":null}]","2d86a1e4-c0e6-435d-bde6-abb07b618746","false","[]","null","null","ncconline.onmicrosoft.com","AzureADMyOrg","[]","null","null","null","[]","[]","[]","null","null","null","null","null","[]","Allow","[""https://wvdpocmgmttool01.azurewebsites.net/""]","null","null","true","false"
"""secleand_billing_t1""","85c5d357-b156-4205-a7ff-13269a40575c","2017-09-14T08:47:06Z","[]","[]","2db66600-d27a-4d8e-9f59-3bc480b09155","true","[]","null","null","null","AzureADMultipleOrgs","[]","null","null","null","[]","[]","[""https://secleand""]","null","null","null","null","null","[]","Allow","[]","null","null","true","false"
"""D365 Sales Agent - Engage Autonomous (Microsoft Copilot Studio)""","d053f8c0-58e4-45bd-9862-d6a480409b26","2025-06-08T02:02:53Z","[]","[]","2dc5bd4f-8d01-4b42-8953-1b4550192501","null","[]","null","null","ncconline.onmicrosoft.com","AzureADMyOrg","[""AIAgentBuilder"",""AgentCreatedBy:CopilotStudio"",""AgenticApp"",""power-virtual-agents-966b05d7-65ca-4de5-1daa-624090e1c7ee""]","null","null","null","[]","[]","[]","null","null","null","null","null","[]","Allow","[]","null","null","false","false"
"""WebApp-wa-dev-cdk-issueservicedistributor.azurewebsites.net""","02dc8e08-b68d-41ab-ab75-5f54e3720397","2016-10-13T08:34:40Z","[]","[{""customKeyIdentifier"":""RABlAHYARQBuAHYASwBlAHkA"",""displayName"":null,""endDateTime"":""2299-12-30T23:00:00Z"",""hint"":null,""keyId"":""f2c49270-16b0-45b4-9a13-bbb25ef7ec23"",""startDateTime"":""2018-01-11T14:35:54.1616369Z"",""secretText"":null},{""customKeyIdentifier"":null,""displayName"":null,""endDateTime"":""2017-10-13T08:34:37.1208385Z"",""hint"":null,""keyId"":""748e893f-368f-4c2f-a2a9-6c8cdbcf453f"",""startDateTime"":""2016-10-13T08:34:37.1208385Z"",""secretText"":null}]","2de72e23-b3b6-4e40-aee1-7fdefc3be5ef","false","[""https://ncconline.onmicrosoft.com/WebApp-wa-dev-cdk-issueservicedistributor.azurewebsites.net""]","null","null","null","AzureADMyOrg","[]","null","null","null","[]","[]","[]","null","null","null","null","null","[]","Allow","[""https://wa-dev-cdk-issueservicedistributor.azurewebsites.net/""]","null","null","true","false"
"""ar-uat-cmn-lointool""","a4736978-845f-425d-bc25-de954168cbf8","2022-12-09T10:04:01Z","[]","[{""customKeyIdentifier"":null,""displayName"":""New UAT secret"",""endDateTime"":""2027-01-08T07:46:48.161Z"",""hint"":""nSP"",""keyId"":""678c7a05-0b2f-40ed-831a-dad173c9b81e"",""startDateTime"":""2025-01-08T07:46:48.161Z"",""secretText"":null}]","2e0a3381-f1ba-4101-8f2c-cba296fcd192","null","[""api://a4736978-845f-425d-bc25-de954168cbf8""]","null","null","ncconline.onmicrosoft.com","AzureADMyOrg","[""apiConsumer"",""webApi"",""singlePageApp""]","null","null","null","[]","[{""appId"":""90863609-809c-4aa5-ae6d-6ad3a34dcff3"",""delegatedPermissionIds"":[""d2c9c373-a3a0-4d85-bcb5-6102cdd000ef""]},{""appId"":""a4736978-845f-425d-bc25-de954168cbf8"",""delegatedPermissionIds"":[""19d68ddc-a197-43a3-a5ba-b7e06da5a139""]}]","[]","null","null","null","null","null","[]","Allow","[""https://uat-loin.cimtools.ncc.info/signin-oidc"",""https://localhost:7009/signin-oidc"",""https://wa-uat-cmn-lointool.ase02.ncc.info/signin-oidc""]","null","null","true","false"
"""ar-test-cmn-it2-api""","29ba7299-7ec5-43c5-8ba9-fe73a1bc8cb2","2022-07-06T07:07:25Z","[]","[{""customKeyIdentifier"":null,""displayName"":""ION Treasury IT2 API Client Secret"",""endDateTime"":""2026-06-10T09:45:43.464Z"",""hint"":""e2a"",""keyId"":""0e6b5e58-30b9-4392-90ec-b123ffae57b5"",""startDateTime"":""2024-06-10T09:45:43.464Z"",""secretText"":null}]","2e14db26-9172-4723-9a6b-cf241c7f1e40","null","[""api://29ba7299-7ec5-43c5-8ba9-fe73a1bc8cb2""]","null","null","ncconline.onmicrosoft.com","AzureADMyOrg","[]","null","1","false","[]","[]","[]","null","null","null","null","null","[]","Allow","[""https://apidevportaldev.ncc.info/signin-oauth/code/callback/ar-test-cmn-i2-api-openid-connect"",""https://authorization-manager.consent.azure-apim.net/redirect/apim/apimandevcmnnhipapimanagement""]","null","null","true","false"
"""sc-PROD-IND-CostAllocation""","e2154682-9cb8-4f68-8197-7444f66052b1","2022-06-20T06:30:51Z","[]","[{""customKeyIdentifier"":null,""displayName"":""Service Connection for Azure Devops Project 2024"",""endDateTime"":""2026-05-27T07:17:00.518Z"",""hint"":""doa"",""keyId"":""235a4b59-e032-4a45-afc7-f46b5be16337"",""startDateTime"":""2024-05-27T07:17:00.518Z"",""secretText"":null}]","2e4b52a4-b596-40af-8160-65e67b678a2f","null","[]","null","null","ncconline.onmicrosoft.com","AzureADMyOrg","[]","null","null","null","[]","[]","[]","null","null","null","null","null","[]","Allow","[]","null","null","false","false"
"""Copilot for finance and operations apps (Power Virtual Agents)""","ad69e01a-8aed-4930-8e1a-6883ed5f046b","2024-06-13T07:12:31Z","[]","[]","2e611cc1-9cc7-4434-94fb-03ae4d45f6b3","null","[]","null","null","ncconline.onmicrosoft.com","AzureADMultipleOrgs","[""AIAgentBuilder"",""AgentCreatedBy:CopilotStudio"",""AgenticApp"",""power-virtual-agents-9f9a65fe-6674-c8a0-eb1f-2f1322e77ef3""]","null","null","null","[]","[]","[]","null","null","null","null","null","[]","Allow","[]","null","null","false","false"
"""ar-test-lime-buno-infrano""","b89a23d2-675c-44dd-8a8e-839a9ba7c563","2025-05-08T09:47:57Z","[]","[{""customKeyIdentifier"":null,""displayName"":""AR Test Lime Buno Infrano"",""endDateTime"":""2026-08-21T07:43:37.148Z"",""hint"":""GD-"",""keyId"":""07a9842b-73c3-4eee-b270-07d5f81de914"",""startDateTime"":""2025-08-21T07:43:37.148Z"",""secretText"":null}]","2e674e96-5d70-4f2c-a7dd-5be9cf87d1eb","null","[]","null","null","ncconline.onmicrosoft.com","AzureADMyOrg","[]","null","null","null","[]","[]","[]","null","null","null","null","null","[]","Allow","[""https://lime-test.ncc.info/client/oauth2/authorize"",""https://cmnap165.adroot.net/client/oauth2/authorize""]","null","null","false","false"
"""ar-uat-ind-nccconnect""","615b2def-18eb-43cd-954c-127b8b947789","2022-10-21T07:02:55Z","[]","[{""customKeyIdentifier"":null,""displayName"":""NccIntegration--Api--ClientSecret"",""endDateTime"":""2027-11-28T11:58:39.057Z"",""hint"":""DfP"",""keyId"":""b12c59fe-0a98-42ce-94a5-b2f1568d8488"",""startDateTime"":""2025-11-28T11:58:39.057Z"",""secretText"":null},{""customKeyIdentifier"":null,""displayName"":""NccIntegration--Api--ClientSecret"",""endDateTime"":""2025-05-20T09:20:38.747Z"",""hint"":""Wdw"",""keyId"":""f0ece4ce-f77c-4dc3-8214-c1d5c3a56fac"",""startDateTime"":""2024-11-21T10:20:38.747Z"",""secretText"":null}]","2e7435b2-a003-46d1-9bd7-50588f4a85d7","null","[]","null","null","ncconline.onmicrosoft.com","AzureADMyOrg","[]","null","null","null","[]","[]","[]","null","null","null","null","null","[]","Allow","[]","null","null","false","false"
"""FinlandMIG01f89fauthandaccessaadapp""","2745dc84-24cd-4703-a343-36699fc6ab27","2020-08-31T10:24:42Z","[{""customKeyIdentifier"":""1720C63E2FF2A029DEF59CFC22C9C94C93D91169"",""displayName"":null,""endDateTime"":""2023-08-31T09:16:15Z"",""keyId"":""9730d157-8e68-4333-b20a-e6b2f3695b7b"",""startDateTime"":""2020-08-31T10:24:41.9700396Z"",""type"":""AsymmetricX509Cert"",""usage"":""Verify"",""key"":null}]","[]","2e799aad-1edc-4c5d-90ab-bfce9ec48cbf","null","[""https://d04499d5-2857-4e28-9177-6e949859db83/FinlandMIG01f89fauthandaccessaadapp""]","null","null","ncconline.onmicrosoft.com","AzureADMyOrg","[]","null","null","null","[]","[]","[]","null","null","null","null","null","[]","Allow","[]","https://CMNTMPMIG01:44368","null","true","false"
"""ar-prod-cmn-ATP2CloudReports""","fcbd2727-0ae9-4a02-89ed-9027a5d4666d","2021-06-03T11:26:40Z","[]","[{""customKeyIdentifier"":null,""displayName"":""Password uploaded on Wed Jan 14 2026"",""endDateTime"":""2028-01-14T09:22:43.727Z"",""hint"":""OO3"",""keyId"":""1fc2ffc6-e801-46af-8a0d-1fedcf4d39e4"",""startDateTime"":""2026-01-14T09:22:43.727Z"",""secretText"":null},{""customKeyIdentifier"":null,""displayName"":""AGS Cloud Report Service"",""endDateTime"":""2027-06-24T22:00:00Z"",""hint"":""zYH"",""keyId"":""4fbb730b-6a78-404c-a0fe-6bc9cd4a07b1"",""startDateTime"":""2025-08-13T09:18:35.927Z"",""secretText"":null},{""customKeyIdentifier"":null,""displayName"":""AGS Cloud Service"",""endDateTime"":""2025-08-15T06:52:16.908Z"",""hint"":""sQZ"",""keyId"":""659d7070-6191-4890-b9d5-1b6dd25c7f49"",""startDateTime"":""2023-08-16T06:52:16.908Z"",""secretText"":null},{""customKeyIdentifier"":null,""displayName"":""AGS Cloud Service"",""endDateTime"":""2023-06-16T08:19:45.983Z"",""hint"":""k6u"",""keyId"":""c808f129-47b9-4d42-bf0b-bdaa8a3bba40"",""startDateTime"":""2022-06-16T08:19:45.983Z"",""secretText"":null}]","2ea880e2-7ea2-45a2-87e2-6d0154363521","null","[]","null","null","ncconline.onmicrosoft.com","AzureADMyOrg","[]","null","null","null","[]","[]","[]","null","null","null","null","null","[]","Allow","[""https://portal.azure.com""]","null","null","false","false"
"""NCC-Mediabanken""","fb45ac79-654b-4521-93dc-c809609449a8","2019-03-27T20:22:47Z","[]","[]","2ea95dff-fade-424e-9fba-39d250c4bda8","false","[""https://ncconline.onmicrosoft.com/e5ab9e84-1c14-4527-b10c-ac8bd7df75d8""]","null","null","ncconline.onmicrosoft.com","AzureADMyOrg","[]","null","null","null","[]","[]","[]","null","null","null","null","null","[]","Allow","[""https://mediabank.ncc.group""]","https://mediabank.ncc.group","null","true","false"
"""Galicia Frontline Bot (Power Virtual Agents)""","476b1668-8adb-4cf7-b7e0-46daa8e04a74","2024-07-07T00:20:06Z","[]","[]","2ead0da6-6ead-443f-8a54-931b0279d509","null","[]","null","null","ncconline.onmicrosoft.com","AzureADMultipleOrgs","[""AIAgentBuilder"",""AgentCreatedBy:CopilotStudio"",""AgenticApp"",""power-virtual-agents-77889afd-e65d-396c-1dc2-72a590c6cabb""]","null","null","null","[]","[]","[]","null","null","null","null","null","[]","Allow","[]","null","null","false","false"
"""ar-dev-cmn-contractmanagement-poc""","c48ea6fe-42f5-43d0-b9df-5de62fa99203","2022-03-17T15:31:12Z","[]","[{""customKeyIdentifier"":null,""displayName"":""cogs-dev-cmpocb"",""endDateTime"":""2022-09-21T06:31:43.706Z"",""hint"":""SHo"",""keyId"":""a2e74e34-0a5f-4a5e-90d6-3c0506ae8143"",""startDateTime"":""2022-03-21T07:31:43.706Z"",""secretText"":null}]","2eaf2200-b6be-4bbb-bec9-dd6e629ff828","true","[]","null","null","ncconline.onmicrosoft.com","AzureADMyOrg","[]","null","null","null","[]","[]","[""https://login.microsoftonline.com/common/oauth2/nativeclient""]","null","null","null","null","null","[]","Allow","[]","null","null","false","false"
"""Account reconciliation amounts (Microsoft Copilot Studio)""","f0fb7121-90ad-488e-9bda-7ec42efa0eef","2025-08-07T12:50:22Z","[]","[]","2ee5acc2-6e81-43fc-bec6-f1c4dce9c14e","null","[]","null","null","ncconline.onmicrosoft.com","AzureADMyOrg","[""AIAgentBuilder"",""AgentCreatedBy:CopilotStudio"",""AgenticApp"",""power-virtual-agents-a8cb9041-44b0-c61c-99dd-dac40eece5b6""]","null","null","null","[]","[]","[]","null","null","null","null","null","[]","Allow","[]","null","null","false","false"
"""ODIT-ServiceNow-GraphAPI""","2118b4ae-2f52-4677-9a3a-695ef24a6c6a","2018-06-12T11:15:59Z","[]","[{""customKeyIdentifier"":""QwBsAGkAZQBuAHQAUwBlAGMAcgBlAHQA"",""displayName"":null,""endDateTime"":""2020-06-12T11:18:06.869Z"",""hint"":null,""keyId"":""3e5fecca-0ddf-4068-a791-89d208c11269"",""startDateTime"":""2018-06-12T11:18:19.471517Z"",""secretText"":null}]","2ef27059-0a7a-4218-a6c0-012029fe03c8","false","[""https://ncconline.onmicrosoft.com/fa9008f3-1c71-4834-9ed9-3706b9d93db1""]","null","null","null","AzureADMyOrg","[]","null","null","null","[]","[]","[]","null","null","null","null","null","[]","Allow","[]","https://localhost","null","true","false"
"""Logistikbibliotek (Microsoft Copilot Studio)""","1fbe6a16-c376-49f6-9cef-ee379ea0cf65","2025-08-25T14:14:44Z","[]","[]","2f948cc0-2106-4471-8e31-de6bf1884035","null","[]","null","null","ncconline.onmicrosoft.com","AzureADMyOrg","[""AIAgentBuilder"",""AgentCreatedBy:CopilotStudio"",""AgenticApp"",""power-virtual-agents-af1748d7-1398-a84d-eb98-2f36edf53894""]","null","null","null","[]","[]","[]","null","null","null","null","null","[]","Allow","[]","null","null","false","false"
"""ar-prod-no-bedriftsnettExchangeSync""","e761fb53-38a8-4cc6-bad5-57f8c5c4aea1","2020-10-07T06:23:52Z","[]","[{""customKeyIdentifier"":null,""displayName"":""Password uploaded on Wed Oct 07 2020"",""endDateTime"":""2022-10-07T06:27:37.955Z"",""hint"":""-5I"",""keyId"":""28c464a1-3bf4-400c-9b02-d94998d8df34"",""startDateTime"":""2020-10-07T06:27:56.621Z"",""secretText"":null}]","2f9b8823-2263-450a-ace9-0047709d6f7d","null","[]","null","null","ncconline.onmicrosoft.com","AzureADMyOrg","[]","null","null","null","[]","[]","[]","null","null","null","null","null","[]","Allow","[]","null","null","false","false"
"""D365 Sales Agent - Research (Microsoft Copilot Studio)""","6d750029-9e48-43e1-9a2e-7ba5c00a8431","2025-05-18T05:19:17Z","[]","[]","2fa71d99-1403-48f4-87ae-7b1175057d8f","null","[]","null","null","ncconline.onmicrosoft.com","AzureADMyOrg","[""AIAgentBuilder"",""AgentCreatedBy:CopilotStudio"",""AgenticApp"",""power-virtual-agents-203b5ab7-3ea8-c342-aa68-1573826abb54""]","null","null","null","[]","[]","[]","null","null","null","null","null","[]","Allow","[]","null","null","false","false"
"""Truesec MSS MDfE API Access""","f88ac91a-69dc-4803-9194-88d9d2dea2c1","2021-11-17T14:28:07Z","[]","[{""customKeyIdentifier"":null,""displayName"":""Truesec MSS MDfE API Secret"",""endDateTime"":""2024-11-17T09:38:30.115Z"",""hint"":""~rz"",""keyId"":""f11a008c-5e80-4c07-a5b0-0d8d6b7bbbd4"",""startDateTime"":""2022-11-17T09:38:30.115Z"",""secretText"":null},{""customKeyIdentifier"":null,""displayName"":""Truesec MSS MDfE API Secret"",""endDateTime"":""2023-11-19T14:11:00.896Z"",""hint"":""Y_N"",""keyId"":""0fb20241-8bdb-4c6c-84c7-6473f994a838"",""startDateTime"":""2021-11-19T14:11:00.896Z"",""secretText"":null}]","2fbb8784-a44f-403e-903c-fb3ee60a20a1","null","[]","null","null","ncconline.onmicrosoft.com","AzureADMyOrg","[]","null","null","null","[]","[]","[]","null","null","null","null","null","[]","Allow","[]","null","null","false","false"
"""ncc-tfs-NCCtranslatedemo-536512e6-44e5-4e9a-849a-33131501e63f""","f26b6f3f-f675-4db3-86fa-71d788d92898","2017-09-22T16:17:46Z","[]","[{""customKeyIdentifier"":null,""displayName"":null,""endDateTime"":""2019-09-22T16:17:45.9864521Z"",""hint"":null,""keyId"":""de4cf9f5-bf88-491b-8096-b95cf907f8d1"",""startDateTime"":""2017-09-22T16:17:45.9864521Z"",""secretText"":null}]","2fcc4863-4dca-48ab-991b-ba2fb57213c6","null","[""https://VisualStudio/SPNf1d33fea-1abb-4869-843c-c4f6caf49168""]","null","null","null","AzureADMyOrg","[]","null","null","null","[]","[]","[]","null","null","null","null","null","[]","Allow","[""https://VisualStudio/SPN""]","https://VisualStudio/SPN","null","true","false"
"""D365 Sales Agent - Readiness (Microsoft Copilot Studio)""","8e1b3b0c-8fe1-4352-a90a-2b99cbc89623","2025-05-18T02:14:01Z","[]","[]","2fced917-cf32-42ec-a74e-e3ebbca3ac3a","null","[]","null","null","ncconline.onmicrosoft.com","AzureADMyOrg","[""AIAgentBuilder"",""AgentCreatedBy:CopilotStudio"",""AgenticApp"",""power-virtual-agents-e85d32a2-f475-4b4e-23f0-4743993c0a53""]","null","null","null","[]","[]","[]","null","null","null","null","null","[]","Allow","[]","null","null","false","false"
"""Handläggare (Microsoft Copilot Studio)""","a4b44cc5-af88-4b2d-87f2-b738c3184bd2","2026-01-30T09:27:48Z","[]","[]","2fd04cfc-f6fe-45c9-a7de-62422b7ef3c8","null","[]","null","null","ncconline.onmicrosoft.com","AzureADMyOrg","[""AIAgentBuilder"",""AgentCreatedBy:CopilotStudio"",""AgenticApp"",""power-virtual-agents-2c060a97-6981-a1a4-42f9-3820cddd24b9""]","null","null","null","[]","[]","[]","null","null","null","null","null","[]","Allow","[]","null","null","false","false"
"""ar-devb-cmn-ramp-helix""","1c7ac22d-c07b-4235-b328-c9246287d3ec","2025-08-15T13:34:51Z","[]","[{""customKeyIdentifier"":null,""displayName"":""Ramp-AppReg-ClientSecret"",""endDateTime"":""2027-09-05T22:29:47.966Z"",""hint"":""p3_"",""keyId"":""af31861c-8f47-4198-8e08-7ab92dae5bc9"",""startDateTime"":""2025-09-05T22:29:47.966Z"",""secretText"":null}]","2ff5efd3-2404-493b-a3da-ef183f0a9529","null","[]","null","null","ncconline.onmicrosoft.com","AzureADMyOrg","[]","null","null","null","[]","[]","[]","null","null","null","null","null","[]","Allow","[]","null","null","false","false"
"""Q&A NCC.se (Microsoft Copilot Studio)""","a1d69b39-46a7-457d-8dc6-5c2e59c3578a","2025-04-11T10:40:25Z","[]","[]","301db58d-965c-445c-8b4d-75b167b52b26","null","[]","null","null","ncconline.onmicrosoft.com","AzureADMyOrg","[""AIAgentBuilder"",""AgentCreatedBy:CopilotStudio"",""AgenticApp"",""power-virtual-agents-a89bdcc7-69ce-4b8a-f5a8-402294fbb98d""]","null","null","null","[]","[]","[]","null","null","null","null","null","[]","Allow","[]","null","null","false","false"
"""NB tarjoustiimin Copilot (Microsoft Copilot Studio)""","b55f36c3-ba1e-40f8-a81e-c3a2dbc48cdb","2024-10-28T11:25:48Z","[]","[]","3023e4b3-f222-439b-9f99-c1bb10655b95","null","[]","null","null","ncconline.onmicrosoft.com","AzureADMultipleOrgs","[""AIAgentBuilder"",""AgentCreatedBy:CopilotStudio"",""AgenticApp"",""power-virtual-agents-357e8ffc-f4d6-6dee-0f17-5d9af9d6312b""]","null","null","null","[]","[]","[]","null","null","null","null","null","[]","Allow","[]","null","null","false","false"
"""ar-dev-cmn-api-idg""","e88a92d6-4483-4ce5-bf37-0ac02707e6b4","2021-01-13T09:42:46Z","[]","[{""customKeyIdentifier"":null,""displayName"":""NCC AzureAD Application Client Secret"",""endDateTime"":""2299-12-30T23:00:00Z"",""hint"":""7wv"",""keyId"":""85e75079-8a9d-4b97-b731-3bc28570e977"",""startDateTime"":""2021-01-20T07:54:50.977Z"",""secretText"":null}]","30930f4b-63b2-4e2b-9e14-a40985b94cb6","null","[]","null","null","ncconline.onmicrosoft.com","AzureADMyOrg","[]","null","null","null","[]","[]","[]","null","null","null","null","null","[]","Allow","[""https://nccazureadapplication""]","null","null","false","false"
"""ar-prod-cmn-deviceLapsAutomation""","3443f977-0904-4ef7-b120-3ae3abee7825","2024-01-23T11:15:25Z","[]","[{""customKeyIdentifier"":null,""displayName"":""SN_Connection 2025-2027"",""endDateTime"":""2027-05-06T08:12:00.364Z"",""hint"":""gjk"",""keyId"":""818d153e-bed9-4c1a-8dc9-425f56bd5a09"",""startDateTime"":""2025-05-06T08:12:00.364Z"",""secretText"":null},{""customKeyIdentifier"":null,""displayName"":""SN_Connection"",""endDateTime"":""2025-07-24T12:32:23.073Z"",""hint"":""JDg"",""keyId"":""e144d20c-96ef-4470-804b-40e1c1e7a4b6"",""startDateTime"":""2024-01-26T13:32:23.073Z"",""secretText"":null}]","310792bb-9754-43d8-b7c4-3d0af47587d1","null","[]","null","null","ncconline.onmicrosoft.com","AzureADMyOrg","[]","null","null","null","[]","[]","[]","null","null","null","null","null","[]","Allow","[""https://nccprod.service-now.com/oauth_auth.do""]","null","null","false","false"
"""Sales Copilot Power Virtual Agents Bot (Power Virtual Agents)""","90e861f2-31ed-41d0-a659-d18da91eeada","2023-12-08T00:21:43Z","[]","[]","310cd099-ae06-4cac-8431-8ef0d944ccc2","null","[]","null","null","ncconline.onmicrosoft.com","AzureADMultipleOrgs","[""AIAgentBuilder"",""AgentCreatedBy:CopilotStudio"",""AgenticApp"",""power-virtual-agents-58a3b280-9eb0-459d-9714-c36481e19983""]","null","null","null","[]","[]","[]","null","null","null","null","null","[]","Allow","[]","null","null","false","false"
"""ar-dev-cmn-ramp-dam""","2c1c6a84-8a8f-4c85-b93d-618b8191a610","2023-11-09T14:11:22Z","[]","[{""customKeyIdentifier"":null,""displayName"":""DAM"",""endDateTime"":""2026-05-06T12:47:32.746Z"",""hint"":""HNB"",""keyId"":""d900e937-c62d-44fa-8536-fd196f8b3646"",""startDateTime"":""2024-05-06T12:47:32.746Z"",""secretText"":null}]","310d88ac-097b-4f77-b91c-3fd849826d7a","null","[]","null","null","ncconline.onmicrosoft.com","AzureADMyOrg","[]","null","null","null","[]","[]","[]","null","null","null","null","null","[]","Allow","[]","null","null","false","false"
"""aa-prod-cmn-api-globalid""","3059919e-a939-45d7-b150-52e6df1689e5","2018-01-29T12:08:03Z","[]","[{""customKeyIdentifier"":null,""displayName"":null,""endDateTime"":""2019-01-29T12:08:03.314975Z"",""hint"":null,""keyId"":""11001fd9-f257-4102-a034-9f629b18655b"",""startDateTime"":""2018-01-29T12:08:03.314975Z"",""secretText"":null}]","3152cc30-7f02-4c32-aee5-66694672fb42","null","[""https://aa-prod-cmn-api-globalid.ase02.ncc.info""]","null","null","null","AzureADMyOrg","[]","null","null","null","[]","[]","[]","null","null","null","null","null","[]","Allow","[]","null","null","true","false"
"""NccDevelopment-Cmn-CloudOpsTest-536512e6-44e5-4e9a-849a-33131501e63f""","8b39a149-2c05-4567-be94-38be7c30ccf1","2018-05-16T12:26:15Z","[]","[{""customKeyIdentifier"":null,""displayName"":null,""endDateTime"":""2020-05-16T12:26:14.949355Z"",""hint"":null,""keyId"":""54ff282f-7eb8-4db0-a91d-e87610b2d76b"",""startDateTime"":""2018-05-16T12:26:14.949355Z"",""secretText"":null}]","3154747e-b5f5-4954-85ae-071b85d475e9","null","[""https://VisualStudio/SPN829ec45a-64f4-4e9a-8ad7-dbddfd629e4c""]","null","null","null","AzureADMyOrg","[]","null","null","null","[]","[]","[]","null","null","null","null","null","[]","Allow","[""https://VisualStudio/SPN""]","https://VisualStudio/SPN","null","true","false"
"""ar-prod-cmn-YMA""","93609671-acef-42c3-a801-314dd517397c","2023-04-04T14:14:05Z","[]","[]","31657967-32f5-4f59-b853-762d40a0055d","null","[]","null","null","ncconline.onmicrosoft.com","AzureADMyOrg","[]","null","null","null","[]","[]","[]","null","null","null","null","null","[]","Allow","[]","null","null","false","false"
"""ar-prod-cmn-ramp-carsmart""","edf5ecea-2674-460e-8877-bf70d22db7b0","2025-11-10T15:49:42Z","[]","[]","316c6fee-29ad-405f-9f3d-f13c6ba52a59","null","[]","null","null","ncconline.onmicrosoft.com","AzureADMyOrg","[]","null","null","null","[]","[]","[]","null","null","null","null","null","[]","Allow","[]","null","null","false","false"
"""D365 Sales Agent - Summary Synthesizer (Microsoft Copilot Studio)""","12b53e86-5b59-42d2-997f-64af48e4b133","2025-07-25T19:25:32Z","[]","[]","3199762b-9994-44bd-a955-fdd5b887300e","null","[]","null","null","ncconline.onmicrosoft.com","AzureADMyOrg","[""AIAgentBuilder"",""AgentCreatedBy:CopilotStudio"",""AgenticApp"",""power-virtual-agents-aa351fd5-dac8-e043-3048-babad26ce2bf""]","null","null","null","[]","[]","[]","null","null","null","null","null","[]","Allow","[]","null","null","false","false"
"""gophilip.no""","024b4526-0760-4559-bb57-92c98fd64cb8","2019-08-13T10:52:54Z","[]","[{""customKeyIdentifier"":null,""displayName"":""aad-sso-wp"",""endDateTime"":""2021-08-13T10:53:58.065Z"",""hint"":""=]:"",""keyId"":""4b44ffc8-93e1-46d5-a3c0-1c501fb065c4"",""startDateTime"":""2019-08-13T10:54:42.446Z"",""secretText"":null}]","31ca6273-6e26-4bd2-ba6b-f9a63ecac635","null","[]","null","null","ncconline.onmicrosoft.com","AzureADMyOrg","[]","null","null","null","[]","[]","[]","null","null","null","null","null","[]","Allow","[""https://gophilip.no/wp-login.php""]","null","null","false","false"
"""ar-test-cmn-aaroLease""","e8d06bef-9a5a-4e13-9a33-b3c8a0bad239","2025-01-31T12:31:10Z","[]","[]","31df96c9-f709-4710-bd3c-c23454d6e34f","null","[]","null","null","ncconline.onmicrosoft.com","AzureADMyOrg","[]","null","null","null","[]","[]","[]","null","null","null","null","null","[]","Allow","[]","null","null","false","false"
"""ar-prod-cmn-signe-docconvert""","4fdc9d87-c06c-40e7-a82d-f37b4cf3fe91","2020-12-11T13:49:35Z","[]","[]","31e7ee6d-d292-4a94-9e7f-c969eb4d4437","null","[]","null","null","ncconline.onmicrosoft.com","AzureADMyOrg","[]","null","null","null","[]","[]","[]","null","null","null","null","null","[]","Allow","[]","null","null","false","false"
"""ar-prod-cmn-mindmanager""","3eb0da90-b305-4c6c-8d72-00e03d8a073c","2021-05-07T13:55:59Z","[]","[{""customKeyIdentifier"":null,""displayName"":""Password uploaded on Thu Jun 12 2025"",""endDateTime"":""2026-06-12T08:31:11.715Z"",""hint"":""5Qr"",""keyId"":""aa4a15ca-792a-4453-8953-3e3d0bf8d805"",""startDateTime"":""2025-06-12T08:31:11.715Z"",""secretText"":null},{""customKeyIdentifier"":null,""displayName"":""Password uploaded on Tue May 16 2023"",""endDateTime"":""2025-05-15T11:58:42.646Z"",""hint"":""s7C"",""keyId"":""5e3a4f2a-a636-4c49-9108-05fc5e6dde8d"",""startDateTime"":""2023-05-16T11:58:42.646Z"",""secretText"":null}]","32222eb5-14b1-4978-bc74-ff7b6749cbe6","null","[]","null","null","ncconline.onmicrosoft.com","AzureADMyOrg","[]","null","null","null","[]","[]","[]","null","null","null","null","null","[]","Allow","[""https://prd-cloud-mindmanger.auth.eu-central-1.amazoncognito.com/oauth2/idpresponse"",""https://login.mindmanager.com/oauth2/idpresponse""]","null","null","false","false"
"""ar-test-cmn-masterarticledata""","b194601a-b7ef-46a1-a51b-df20b003fdfb","2024-03-12T08:06:41Z","[]","[{""customKeyIdentifier"":null,""displayName"":""devops"",""endDateTime"":""2026-05-29T15:33:21.295Z"",""hint"":""54A"",""keyId"":""2fc76209-5942-42bc-b73c-3b01eb93d315"",""startDateTime"":""2024-05-29T15:33:21.295Z"",""secretText"":null}]","3227af56-fb51-439c-b1db-8accaa3d2775","null","[""api://b194601a-b7ef-46a1-a51b-df20b003fdfb""]","null","null","ncconline.onmicrosoft.com","AzureADMyOrg","[]","null","null","null","[]","[]","[]","null","null","null","null","null","[]","Allow","[]","null","null","true","true"
"""Quality Evaluation Agent (Microsoft Copilot Studio)""","e7b414bb-6107-44ac-be08-6f4e5a5814fa","2025-11-20T01:26:28Z","[]","[]","3238696a-e5a5-4ecc-8db7-55abb71730e0","null","[]","null","null","ncconline.onmicrosoft.com","AzureADMyOrg","[""AIAgentBuilder"",""AgentCreatedBy:CopilotStudio"",""AgenticApp"",""power-virtual-agents-85a504b9-09f3-4af0-746c-8db0655bbbf2""]","null","null","null","[]","[]","[]","null","null","null","null","null","[]","Allow","[]","null","null","false","false"
"""NccDevelopment-Organizational Unit Service-6ece995c-3a87-432e-b46b-35a5b18d3ca2""","65ba5314-2e2a-4328-bdbd-a0fa5d63c5d9","2024-06-10T08:19:57Z","[]","[]","3246e37f-3388-4cb7-9a90-cf7842a14a4e","null","[]","null","null","ncconline.onmicrosoft.com","AzureADMyOrg","[]","null","null","null","[]","[]","[]","null","null","null","null","null","[]","Allow","[]","null","null","false","false"
"""ar-prod-cmn-m365LicenseMonitor""","6c3cf7a5-36c1-4bd4-8b20-038aab67d5ea","2022-12-27T12:41:30Z","[]","[{""customKeyIdentifier"":null,""displayName"":""Power Automate 2"",""endDateTime"":""2027-03-11T14:07:49.446Z"",""hint"":""fMF"",""keyId"":""03a8b57c-400a-4c54-9997-3f0a939c5fdd"",""startDateTime"":""2025-03-11T14:07:49.446Z"",""secretText"":null},{""customKeyIdentifier"":null,""displayName"":""Power Automate"",""endDateTime"":""2024-12-29T10:01:56.879Z"",""hint"":""aGF"",""keyId"":""6e0cd367-926e-46e3-8eae-fcbbdf573408"",""startDateTime"":""2022-12-29T10:01:56.879Z"",""secretText"":null}]","32553be7-3f05-41e2-a6e7-4a8ff96a5891","null","[]","null","null","ncconline.onmicrosoft.com","AzureADMyOrg","[]","null","null","null","[]","[]","[]","null","null","null","null","null","[]","Allow","[]","null","null","false","false"
"""Copilot for finance and operations apps (Power Virtual Agents)""","cdd2df68-c9dc-49e1-9770-aaf6047795d0","2024-07-10T19:39:34Z","[{""customKeyIdentifier"":""239527ECF41F3FCFADBF68F93689FD4EBE19A3B0"",""displayName"":""CN=service.prod.powerva.microsoft.com"",""endDateTime"":""2025-04-07T12:38:06Z"",""keyId"":""e8a7e716-d482-454a-8914-ac53f39002f9"",""startDateTime"":""2024-04-12T12:38:06Z"",""type"":""AsymmetricX509Cert"",""usage"":""Verify"",""key"":null},{""customKeyIdentifier"":""AE73A31ACC0C048845C3061C23E937AB5A2DD8E9"",""displayName"":""CN=service.prod.powerva.microsoft.com"",""endDateTime"":""2025-07-01T18:00:12Z"",""keyId"":""2f0eb93e-50ce-4b54-aaa0-bcd3800022aa"",""startDateTime"":""2024-07-06T18:00:12Z"",""type"":""AsymmetricX509Cert"",""usage"":""Verify"",""key"":null},{""customKeyIdentifier"":""B6C661C8030E4E183E0302200427CB5AF67566E5"",""displayName"":""CN=service.prod.powerva.microsoft.com"",""endDateTime"":""2025-09-24T20:02:14Z"",""keyId"":""75daca53-41e5-493b-95c0-d6ded234e399"",""startDateTime"":""2024-09-29T20:02:14Z"",""type"":""AsymmetricX509Cert"",""usage"":""Verify"",""key"":null},{""customKeyIdentifier"":""A69D470844D394FD34BC05D828F3F189CE5E3B35"",""displayName"":""CN=service.prod.powerva.microsoft.com"",""endDateTime"":""2025-06-22T08:19:17Z"",""keyId"":""0f2febcc-52aa-4438-9b0d-e8314c5aa286"",""startDateTime"":""2024-12-24T08:19:17Z"",""type"":""AsymmetricX509Cert"",""usage"":""Verify"",""key"":null}]","[]","327b7fef-100a-421b-984d-03de0320bd5b","null","[]","null","null","ncconline.onmicrosoft.com","AzureADMultipleOrgs","[""AIAgentBuilder"",""AgentCreatedBy:CopilotStudio"",""AgenticApp"",""power-virtual-agents-67d6240c-3c10-7558-fe1c-4aeb051c5e2a""]","null","null","null","[]","[]","[]","null","null","null","null","null","[]","Allow","[]","null","null","false","false"
"""PurchasePal FI (Power Virtual Agents)""","65f36544-d8f4-462c-8502-831c7adc4e25","2023-10-11T07:16:21Z","[]","[]","329473f0-ec4a-49b8-b48b-7c7c5a9d99d6","null","[]","null","null","ncconline.onmicrosoft.com","AzureADMultipleOrgs","[""AIAgentBuilder"",""AgentCreatedBy:CopilotStudio"",""AgenticApp"",""power-virtual-agents-3f26d309-3bdc-4120-8ca7-afb868442110""]","null","null","null","[]","[]","[]","null","null","null","null","null","[]","Allow","[]","null","null","false","false"
"""DWP Workspace""","53750da2-a6d4-4c22-9154-288b35d370a6","2024-10-23T08:18:51Z","[]","[]","329b4c76-519d-4bab-b8e8-2d758f500653","null","[]","null","null","ncconline.onmicrosoft.com","AzureADMyOrg","[""WorkspaceObjectId:dab8a369-113c-4554-963d-6e031953806f"",""Microsoft Fabric Identity""]","null","null","null","[]","[]","[]","null","null","null","null","null","[]","Allow","[]","null","null","false","false"
"""D365 Sales Agent - Email Validation (Microsoft Copilot Studio)""","7ff46902-28dd-4c13-bc3e-1c6830528765","2025-11-20T19:25:52Z","[]","[]","32b453aa-5c2a-4788-8b0f-4fbcf89be3c6","null","[]","null","null","ncconline.onmicrosoft.com","AzureADMyOrg","[""AIAgentBuilder"",""AgentCreatedBy:CopilotStudio"",""AgenticApp"",""power-virtual-agents-d15d79f3-437a-89d2-54f4-72721141553b""]","null","null","null","[]","[]","[]","null","null","null","null","null","[]","Allow","[]","null","null","false","false"
"""Supplier Communications Agent - inbound (Microsoft Copilot Studio)""","c151c4ae-892f-40eb-a6ac-1f7432342ff5","2025-06-02T17:17:51Z","[]","[]","331b4a2c-2968-412c-aca2-9a3d8a69376f","null","[]","null","null","ncconline.onmicrosoft.com","AzureADMyOrg","[""AIAgentBuilder"",""AgentCreatedBy:CopilotStudio"",""AgenticApp"",""power-virtual-agents-fb6b62db-b0ec-0cdd-4f67-26832db64c27""]","null","null","null","[]","[]","[]","null","null","null","null","null","[]","Allow","[]","null","null","false","false"
"""ar-prod-ind-servicenow-memImport""","8f1d9010-c24f-4d8b-bd8e-7544e81ada58","2021-04-08T06:13:25Z","[]","[{""customKeyIdentifier"":null,""displayName"":""ServiceNow Oauth Integration Key"",""endDateTime"":""2025-05-03T13:34:53.893Z"",""hint"":""ZEw"",""keyId"":""8b3a73cf-7643-4780-9b57-a5fc149604f3"",""startDateTime"":""2023-05-04T13:34:53.893Z"",""secretText"":null}]","33911c29-b583-4e38-8c16-3bb73d2da44d","null","[]","null","null","ncconline.onmicrosoft.com","AzureADMyOrg","[]","null","null","null","[]","[]","[]","null","null","null","null","null","[]","Allow","[]","null","null","false","false"
"""Account reconciliation amounts (Microsoft Copilot Studio)""","26c6c2dd-99c3-4ebc-9d5c-14f4247e5081","2025-09-03T22:29:38Z","[]","[]","33c18f59-c740-4598-a4a6-91ee7c1000e4","null","[]","null","null","ncconline.onmicrosoft.com","AzureADMyOrg","[""AIAgentBuilder"",""AgentCreatedBy:CopilotStudio"",""AgenticApp"",""power-virtual-agents-fb9c3b35-7c5b-8506-7821-7f1dba52d67d""]","null","null","null","[]","[]","[]","null","null","null","null","null","[]","Allow","[]","null","null","false","false"
"""NccDevelopment-Industry-Stone-Sampling-7982232d-07ad-473e-9fc5-8d0a38b26e5f""","e33e26ab-d9f4-4975-b8b9-bde6f371aa17","2021-09-06T07:18:23Z","[]","[{""customKeyIdentifier"":null,""displayName"":""DevOps2025"",""endDateTime"":""2027-08-19T09:11:47.461Z"",""hint"":""FPp"",""keyId"":""e04e9b43-b268-4026-8a88-2112f43aeb0e"",""startDateTime"":""2025-08-19T09:11:47.461Z"",""secretText"":null}]","3487b5c1-d456-4442-af76-f14436696f2e","null","[]","null","null","ncconline.onmicrosoft.com","AzureADMyOrg","[]","null","null","null","[]","[]","[]","null","null","null","null","null","[]","Allow","[""https://VisualStudio/SPN""]","https://VisualStudio/SPN","null","true","false"
"""ar-prod-cmn-ea-ncc-info""","a81835a4-4111-4678-9a23-c7610caea3b6","2020-06-11T08:13:46Z","[]","[{""customKeyIdentifier"":null,""displayName"":""postman"",""endDateTime"":""2022-06-23T08:35:09.367Z"",""hint"":""17K"",""keyId"":""b339cadc-3170-4d9d-8f8d-ac7aee0c6822"",""startDateTime"":""2020-06-23T08:35:17.209Z"",""secretText"":null},{""customKeyIdentifier"":null,""displayName"":""ea.ncc.info"",""endDateTime"":""2022-06-17T08:39:15.867Z"",""hint"":""j-v"",""keyId"":""dd0d1e5b-5bbe-443f-9110-720212703abc"",""startDateTime"":""2020-06-17T08:39:45.723Z"",""secretText"":null}]","352a58e3-ad39-4691-91f4-7d718852ddda","false","[]","null","SecurityGroup","ncconline.onmicrosoft.com","AzureADMyOrg","[]","null","null","null","[]","[]","[]","null","null","null","null","null","[]","Allow","[""https://www.getpostman.com/oauth2/callback"",""http://localhost:8888/openid/callback""]","null","null","false","false"
"""wa-prod-inf-masscontrol-device""","d7a9cb7d-be18-4747-8b54-4e13030eab63","2017-08-28T08:56:11Z","[]","[{""customKeyIdentifier"":null,""displayName"":""Password uploaded on Fri May 22 2020"",""endDateTime"":""2299-12-30T23:00:00Z"",""hint"":""Q-n"",""keyId"":""48303a01-209a-4cfb-a51b-79f954a1c9ac"",""startDateTime"":""2020-05-22T13:33:55.267Z"",""secretText"":null}]","35583a5f-c089-4753-a906-bd647d5441b4","false","[""https://ncconline.onmicrosoft.com/813edefd-f172-4de0-b00d-afec3345ccdb""]","null","null","null","AzureADMyOrg","[]","null","null","null","[]","[]","[]","null","null","null","null","null","[]","Allow","[""http://wa-prod-inf-masscontrol-device""]","http://wa-prod-inf-masscontrol-device","null","true","false"
"""ar-test-cmn-adapter-ifs""","11505cac-eda6-4813-8bbd-ab0f517487ba","2025-10-31T10:03:23Z","[]","[{""customKeyIdentifier"":null,""displayName"":""integration_adapter_connection_2026012"",""endDateTime"":""2028-01-12T10:16:18.945Z"",""hint"":""UvV"",""keyId"":""31fee1be-91ba-401a-8e9e-a52b2f9e4182"",""startDateTime"":""2026-01-12T10:16:18.945Z"",""secretText"":null},{""customKeyIdentifier"":null,""displayName"":""integration_adapter_connection_20251217"",""endDateTime"":""2027-12-17T14:17:37.556Z"",""hint"":""Gq_"",""keyId"":""a3e9c269-578c-41c4-86b6-855a7f61158c"",""startDateTime"":""2025-12-17T14:17:37.556Z"",""secretText"":null}]","356077ec-7280-4ae7-8eb5-b4a48f2e137f","null","[]","null","null","ncconline.onmicrosoft.com","AzureADMyOrg","[]","null","null","null","[]","[]","[]","null","null","null","null","null","[]","Allow","[]","null","null","false","false"
"""ar-dev-ind-boss-api""","a1424cf6-4da1-435e-b099-66dc903a7a5b","2021-12-08T12:37:26Z","[]","[{""customKeyIdentifier"":null,""displayName"":""APISecret2026"",""endDateTime"":""2028-01-22T14:07:54.383Z"",""hint"":""IEG"",""keyId"":""851860c0-69f6-4de3-a868-030a022f7e73"",""startDateTime"":""2026-01-22T14:07:54.383Z"",""secretText"":null},{""customKeyIdentifier"":null,""displayName"":""APISecret2024"",""endDateTime"":""2026-02-28T23:00:00Z"",""hint"":""AOM"",""keyId"":""bdc29514-db66-4e7a-81ee-676a332a6942"",""startDateTime"":""2024-02-29T09:51:01.297Z"",""secretText"":null}]","3571e6b3-4494-4c35-93d0-e93c9f0a9a2e","null","[""api://a1424cf6-4da1-435e-b099-66dc903a7a5b""]","null","null","ncconline.onmicrosoft.com","AzureADMyOrg","[]","null","null","null","[]","[{""appId"":""08229643-5f3b-4dbb-9b3e-b543537bf1d1"",""delegatedPermissionIds"":[""2306ae18-182c-4e77-bb8e-e85d62528b63""]}]","[]","null","null","null","null","null","[]","Allow","[]","null","null","false","false"
"""HRM-Training""","f2162b63-6225-44a6-9667-d3bc2f6013db","2018-04-06T07:35:56Z","[]","[]","3575a02e-b01b-4b9a-a354-45c1e18fb916","false","[""https://test.time.ncc.se/shibboleth"",""http://customappsso9E2E9B03F9724364B447FA63888BAA7F"",""http://instanceid_8adf8e6e-67b2-4cf2-a259-e3dc5476c621_A712E3D6FF8F43FCA634ADC2E4918130"",""http://customappsso/96c414fd-a590-4058-9a7b-6f230ec11af1""]","null","null","null","AzureADMyOrg","[]","null","null","null","[]","[]","[]","null","null","null","null","null","[]","Allow","[""https://test.time.ncc.se/Shibboleth.sso/SAML2/POST""]","https://127.0.0.1:444/applications/default.aspx?metadata=customappsso|ISV9.1|primary|z","null","true","false"
"""ncc-tfs-NCC-prod-cmn-appiot-536512e6-44e5-4e9a-849a-33131501e63f""","52e77901-e172-4446-b405-bf52ac9e65e5","2018-03-01T08:09:21Z","[]","[{""customKeyIdentifier"":null,""displayName"":null,""endDateTime"":""2020-03-01T08:09:21.6332283Z"",""hint"":null,""keyId"":""48a21cd6-d229-42f0-b8e2-7604df9bc441"",""startDateTime"":""2018-03-01T08:09:21.6332283Z"",""secretText"":null}]","35883c51-b413-4933-a4cc-b1448a0f7b7c","null","[""https://VisualStudio/SPNb6ef7a0e-fa45-4e63-8ce7-3250e141d232""]","null","null","null","AzureADMyOrg","[]","null","null","null","[]","[]","[]","null","null","null","null","null","[]","Allow","[""https://VisualStudio/SPN""]","https://VisualStudio/SPN","null","true","false"
"""Supplier Communications Agent - outbound (Microsoft Copilot Studio)""","b2d286c3-c8d8-451e-95dd-f1532e08b548","2025-06-02T17:17:51Z","[]","[]","359ca535-738a-41fa-9791-db06f6997b2f","null","[]","null","null","ncconline.onmicrosoft.com","AzureADMyOrg","[""AIAgentBuilder"",""AgentCreatedBy:CopilotStudio"",""AgenticApp"",""power-virtual-agents-12b06424-1ce3-4896-9282-1e80937c8eb6""]","null","null","null","[]","[]","[]","null","null","null","null","null","[]","Allow","[]","null","null","false","false"
"""sc-dev-ind-gr-integration-ramp""","a70f036f-4ca6-42a1-9de6-3ee681f79d1d","2023-01-24T12:01:12Z","[]","[{""customKeyIdentifier"":null,""displayName"":""Devops - GR Integration Ramp"",""endDateTime"":""2025-02-09T03:30:54.173Z"",""hint"":""31c"",""keyId"":""3b962ffe-dab7-48a2-a544-ba232e31a4e5"",""startDateTime"":""2023-02-10T03:30:54.173Z"",""secretText"":null}]","35ba1e13-29f8-4994-89d3-02b3997a18b3","null","[]","null","null","ncconline.onmicrosoft.com","AzureADMyOrg","[]","null","null","null","[]","[]","[]","null","null","null","null","null","[]","Allow","[]","null","null","false","false"
"""ar-prod-cmn-wordpress-fsbhjem""","d71f777e-de0f-43da-9df3-e37d72bbd755","2020-01-21T14:09:39Z","[]","[{""customKeyIdentifier"":null,""displayName"":""fsbhjem"",""endDateTime"":""2026-05-06T12:44:10.148Z"",""hint"":""-uM"",""keyId"":""b3d0a8eb-7414-4d5b-91af-89995b77d2c7"",""startDateTime"":""2024-05-06T12:44:10.148Z"",""secretText"":null}]","35cbd38c-b99a-4316-a916-cbc9c55d060a","null","[]","null","null","ncconline.onmicrosoft.com","AzureADMyOrg","[]","null","null","null","[]","[]","[]","null","null","null","null","null","[]","Allow","[""https://fsbhjem.dk/wp-login.php""]","null","null","false","false"
"""ar-prod-identityProtection-riskyUserDismiss""","d8c42ee7-4587-4cad-a266-b040b13b16a5","2025-01-23T12:51:34Z","[]","[]","35dbfff3-2819-4af1-beec-14ec1f80d480","null","[]","null","null","ncconline.onmicrosoft.com","AzureADMyOrg","[]","null","null","null","[]","[]","[]","null","null","null","null","null","[]","Allow","[]","null","null","false","false"
"""Safeture - Global Risk Map - WebPortal/Service""","5a9f70c2-6359-400e-927d-e69f7061194a","2023-07-12T07:05:20Z","[]","[]","35e5061e-fbd1-4203-b891-6689383e5f22","false","[""http://safeture.com/saml2""]","null","null","ncconline.onmicrosoft.com","AzureADMyOrg","[]","null","null","null","[]","[]","[]","null","null","null","null","null","[]","Allow","[""https://iso.safeture.com/api/saml/assertion/ncc""]","https://account.activedirectory.windowsazure.com:444/applications/default.aspx?metadata=customappsso|ISV9.1|primary|z","null","true","false"
"""D365 Sales Agent - Stakeholder Research (Microsoft Copilot Studio)""","2d45f4a2-cd63-45a3-a594-0db2fd740cb0","2025-06-08T01:24:07Z","[]","[]","35f4ab14-d947-4399-8c64-7239420d3d77","null","[]","null","null","ncconline.onmicrosoft.com","AzureADMyOrg","[""AIAgentBuilder"",""AgentCreatedBy:CopilotStudio"",""AgenticApp"",""power-virtual-agents-9f6ed07f-009b-0bf8-223b-c1f78c1876dd""]","null","null","null","[]","[]","[]","null","null","null","null","null","[]","Allow","[]","null","null","false","false"
"""CustomerServiceKnowledgeHarvest (Microsoft Copilot Studio)""","61d19e6c-45c6-4fd1-9722-b515d79845fc","2025-02-20T23:34:07Z","[]","[]","35f75103-19fb-4ed1-9b17-0a04a7c8d07a","null","[]","null","null","ncconline.onmicrosoft.com","AzureADMyOrg","[""AIAgentBuilder"",""AgentCreatedBy:CopilotStudio"",""AgenticApp"",""power-virtual-agents-97f6e645-accd-e6d9-058a-7ffc86dd4e3c""]","null","null","null","[]","[]","[]","null","null","null","null","null","[]","Allow","[]","null","null","false","false"
"""ar-prod-ricoh-PMC-serviceAccount""","2544eb4d-7cfa-468e-bbc0-35aece86be5f","2025-02-19T08:35:31Z","[]","[]","3643d0f2-85e0-4a09-8c23-7399b1ee8e41","true","[]","null","null","ncconline.onmicrosoft.com","AzureADMyOrg","[]","null","null","null","[]","[]","[]","null","null","null","null","null","[]","Allow","[""https://rse-ncc.eu.ricoh-pmc.com/callback/oidc-login"",""https://rse-ncc.eu.ricoh-pmc.com/callback/acl"",""https://rse-ncc.eu.ricoh-pmc.com:8443/callback/oidc-login""]","null","null","false","false"
"""D365 Sales Agent - Outreach (Microsoft Copilot Studio)""","0ead3568-3c1e-4537-9e5a-72b3e84e85bb","2025-05-16T22:11:20Z","[]","[]","367cbf2d-3439-4639-9e0b-fbd53be4aa3e","null","[]","null","null","ncconline.onmicrosoft.com","AzureADMyOrg","[""AIAgentBuilder"",""AgentCreatedBy:CopilotStudio"",""AgenticApp"",""power-virtual-agents-65a2b21f-0967-8de1-2364-083974a8fc95""]","null","null","null","[]","[]","[]","null","null","null","null","null","[]","Allow","[]","null","null","false","false"
"""NccWebApp5""","a88390d9-d512-4441-9635-20260e2cf9be","2017-10-05T16:55:59Z","[]","[]","36852120-5bd7-46f0-8a77-e19d203cbb3c","false","[""https://ncconline.onmicrosoft.com/877b8bd2-f29f-45da-a2f6-a89a6fac7f6e""]","null","null","null","AzureADMyOrg","[]","null","null","null","[]","[]","[]","null","null","null","null","null","[]","Allow","[""https://nccwebapp5.azurewebsites.net""]","https://nccwebapp5.azurewebsites.net","null","true","false"
"""Supplier Communications Agent - outbound (Microsoft Copilot Studio)""","1f5a2c85-1f0d-4d7f-ab19-68c620729879","2025-04-29T07:06:41Z","[]","[]","3693c1bd-30db-416a-8ceb-214761851282","null","[]","null","null","ncconline.onmicrosoft.com","AzureADMyOrg","[""AIAgentBuilder"",""AgentCreatedBy:CopilotStudio"",""AgenticApp"",""power-virtual-agents-30712955-fff4-b71d-dddf-117cadee0410""]","null","null","null","[]","[]","[]","null","null","null","null","null","[]","Allow","[]","null","null","false","false"
"""Galicia Frontline Bot (Power Virtual Agents)""","9743ca95-ffe7-4a8a-ad98-e996bcae01b1","2024-07-09T20:17:43Z","[]","[]","36a4f511-a6ba-4787-b361-0f40494f2c68","null","[]","null","null","ncconline.onmicrosoft.com","AzureADMultipleOrgs","[""AIAgentBuilder"",""AgentCreatedBy:CopilotStudio"",""AgenticApp"",""power-virtual-agents-f9d9db12-bb80-e9aa-7f9c-09aeb134898e""]","null","null","null","[]","[]","[]","null","null","null","null","null","[]","Allow","[]","null","null","false","false"
"""D365 Sales Agent - Company Resolver (Microsoft Copilot Studio)""","f4cb31a6-a82c-4663-9e6d-59cbd52bc542","2025-11-18T21:11:53Z","[]","[]","36a7bf63-c16f-4864-afd0-448a506a022f","null","[]","null","null","ncconline.onmicrosoft.com","AzureADMyOrg","[""AIAgentBuilder"",""AgentCreatedBy:CopilotStudio"",""AgenticApp"",""power-virtual-agents-f0f75d6b-bdc0-9880-ff94-7cc0a61128a9""]","null","null","null","[]","[]","[]","null","null","null","null","null","[]","Allow","[]","null","null","false","false"
"""ar-prod-cmn-integration-TA-online01""","73dac000-cb13-4e55-8fbf-0468ade8eab7","2023-11-21T08:17:32Z","[]","[{""customKeyIdentifier"":null,""displayName"":""Service Connection: SU068-CoreIntegration-Online-Prod-01-Deploy"",""endDateTime"":""2027-10-28T05:22:24.692Z"",""hint"":""usq"",""keyId"":""9fb3b0b7-70e1-4eea-8151-76e4e1f2c049"",""startDateTime"":""2025-10-28T06:22:24.692Z"",""secretText"":null}]","36bfbc9f-ef7c-4160-8f5e-582564bd7048","null","[]","null","null","ncconline.onmicrosoft.com","AzureADMyOrg","[]","null","null","null","[]","[]","[]","null","null","null","null","null","[]","Allow","[]","null","null","false","false"
"""Quality Evaluation Agent - Incident (Microsoft Copilot Studio)""","bdb86cd3-370f-4ecc-94a8-09f90b9134f5","2025-08-05T07:57:24Z","[]","[]","36d40ca6-2adf-4439-a7b1-76078e9e4faa","null","[]","null","null","ncconline.onmicrosoft.com","AzureADMyOrg","[""AIAgentBuilder"",""AgentCreatedBy:CopilotStudio"",""AgenticApp"",""power-virtual-agents-4caa0817-57e2-78ce-88a7-0853b8fdea71""]","null","null","null","[]","[]","[]","null","null","null","null","null","[]","Allow","[]","null","null","false","false"
"""DebbiTestApp3""","9f093fd3-a39a-42e2-a430-93894acf978c","2017-12-06T09:51:28Z","[]","[]","36d753d4-d5d9-4c12-9804-4b217efad6ad","false","[""https://ncconline.onmicrosoft.com/9114d9c7-cb4e-407c-9d7d-d53a35e4854e""]","null","null","null","AzureADMyOrg","[]","null","null","null","[]","[]","[]","null","null","null","null","null","[]","Allow","[""http://lovalhos""]","http://lovalhos","null","true","false"
"""ar-prod-cmn-ramp-totara""","e195d1c4-e71e-4c01-b4e0-a0dc2519e93c","2025-10-14T08:51:44Z","[]","[]","36df1bef-65fe-4905-a8b5-c8978e01b946","null","[]","null","null","ncconline.onmicrosoft.com","AzureADMyOrg","[]","null","null","null","[]","[]","[]","null","null","null","null","null","[]","Allow","[]","null","null","false","false"
"""ar-prod-cmn-DWHShPoint""","7c40af57-c296-4710-b9c4-c283c7b2383f","2024-08-29T10:01:45Z","[{""customKeyIdentifier"":""2C03BB493D81F1F6F1877F118E97937B06993A52"",""displayName"":""INDDB110"",""endDateTime"":""2026-07-03T11:22:49Z"",""keyId"":""7a16aa07-bb61-477e-8092-8a33d3161951"",""startDateTime"":""2025-07-03T11:02:49Z"",""type"":""AsymmetricX509Cert"",""usage"":""Verify"",""key"":null}]","[]","36dfa2ba-28ff-4a7e-b9c3-89f92fecbdac","null","[]","null","null","ncconline.onmicrosoft.com","AzureADMyOrg","[]","null","null","null","[]","[]","[]","null","null","null","null","null","[]","Allow","[]","null","null","false","false"
"""Project microservice""","e789c65a-7cab-4ab4-9b3a-dcebef6bbeca","2019-05-15T14:25:36Z","[]","[{""customKeyIdentifier"":null,""displayName"":""Password uploaded on Thu May 16 2019"",""endDateTime"":""2299-12-30T23:00:00Z"",""hint"":""T5E"",""keyId"":""6d471ad7-abe9-47bf-b9b4-85eb63307a67"",""startDateTime"":""2019-05-16T15:24:10.127Z"",""secretText"":null}]","36fc2d99-118f-43fa-88aa-79427be9f4ce","null","[""api://e789c65a-7cab-4ab4-9b3a-dcebef6bbeca""]","null","None","ncconline.onmicrosoft.com","AzureADMyOrg","[""notApiConsumer"",""webApi""]","null","null","null","[]","[{""appId"":""5c18a823-d2d2-43fb-952a-04df2908d4e8"",""delegatedPermissionIds"":[""1ed89ff6-1899-4c49-82a9-a5b4d9685f1d""]},{""appId"":""6e6d78cd-65e0-48d2-92ab-8ae9ada27daa"",""delegatedPermissionIds"":[""1ed89ff6-1899-4c49-82a9-a5b4d9685f1d""]}]","[]","null","null","null","null","null","[]","Allow","[""https://localhost:44309/signin-oidc""]","null","null","false","false"
"""D365 Sales Agent - TCP Prefill Agent (Microsoft Copilot Studio)""","ffe37bf3-3e6f-479e-a5b1-5ac905b3aa4a","2025-08-15T20:59:49Z","[]","[]","36ff81bb-d7c7-4b5d-a5bc-2ddb38c7239c","null","[]","null","null","ncconline.onmicrosoft.com","AzureADMyOrg","[""AIAgentBuilder"",""AgentCreatedBy:CopilotStudio"",""AgenticApp"",""power-virtual-agents-fd777ebd-d92d-da48-26da-023811afdf32""]","null","null","null","[]","[]","[]","null","null","null","null","null","[]","Allow","[]","null","null","false","false"
"""Copilot for Annual Report (Microsoft Copilot Studio)""","8c2bde66-04bf-4c99-b9e5-4fe4c627e58c","2024-09-03T07:54:56Z","[]","[]","3726251f-adf6-40c6-9937-57455d16c989","null","[]","null","null","ncconline.onmicrosoft.com","AzureADMultipleOrgs","[""AIAgentBuilder"",""AgentCreatedBy:CopilotStudio"",""AgenticApp"",""power-virtual-agents-4a7a1d54-fb5a-ad32-5f65-a6b938c220ba""]","null","null","null","[]","[]","[]","null","null","null","null","null","[]","Allow","[]","null","null","false","false"
"""ar-uat-ind-nccconnect-DevOps""","f9cd9d1b-d225-48ef-958c-57a429756450","2022-10-06T10:51:21Z","[]","[{""customKeyIdentifier"":null,""displayName"":""Used by AzureDevops for deployment 2026"",""endDateTime"":""2026-09-12T06:19:21.845Z"",""hint"":""rTH"",""keyId"":""9312261e-9187-4d17-ae8e-f1bc350b2214"",""startDateTime"":""2024-09-12T06:19:21.845Z"",""secretText"":null}]","3747ea63-7f50-4611-9bf0-34f3b1db5465","null","[]","null","null","ncconline.onmicrosoft.com","AzureADMyOrg","[]","null","null","null","[]","[]","[]","null","null","null","null","null","[]","Allow","[]","null","null","false","false"
"""NCC Chatbot SE (Prod) (Power Virtual Agents)""","33ad3ff1-4e73-4b06-a171-e1517ce35990","2023-12-07T20:01:31Z","[]","[]","374da2f2-d6d7-4f95-80f9-84552363d839","null","[]","null","null","ncconline.onmicrosoft.com","AzureADMultipleOrgs","[""AIAgentBuilder"",""AgentCreatedBy:CopilotStudio"",""AgenticApp"",""power-virtual-agents-a232c17e-49c4-45fb-a62c-d93f50220cf8""]","null","null","null","[]","[]","[]","null","null","null","null","null","[]","Allow","[]","null","null","false","false"
"""ar-prod-cmn-cloudops""","de83d4f8-1be0-449a-8156-90f136a088dd","2018-08-23T08:58:39Z","[]","[{""customKeyIdentifier"":""awBlAHkA"",""displayName"":null,""endDateTime"":""2019-08-23T09:13:02.385Z"",""hint"":null,""keyId"":""ff6676dc-df19-4a4c-b739-9ffe41e0113e"",""startDateTime"":""2018-08-23T09:13:20.0149976Z"",""secretText"":null}]","3754bacf-311f-470e-a580-1e569969422d","false","[""https://ncconline.onmicrosoft.com/2444c34f-6491-431b-9b2b-7f66ec22dd41""]","null","null","null","AzureADMyOrg","[]","null","null","null","[]","[]","[]","null","null","null","null","null","[]","Allow","[""http://localhost""]","http://localhost","null","true","false"
"""Customer Service Email Sentiment Generator (Microsoft Copilot Studio)""","7c7377b5-b105-4c24-a104-2199d7cfc7e2","2026-01-10T22:23:16Z","[]","[]","37c28398-d7a6-4378-b7e7-ce289f66ec79","null","[]","null","null","ncconline.onmicrosoft.com","AzureADMyOrg","[""AIAgentBuilder"",""AgentCreatedBy:CopilotStudio"",""AgenticApp"",""power-virtual-agents-da2f0d21-2930-a7aa-845a-a9139f35843e""]","null","null","null","[]","[]","[]","null","null","null","null","null","[]","Allow","[]","null","null","false","false"
"""aa-test-cmn-serverops_y5+P+3c7E9E2mxFaobvGFctKN99fXo8k6ePzrnNu1ns=""","2a92ca8d-ccc4-4ab2-b228-2d57290ffb99","2017-12-01T13:52:56Z","[{""customKeyIdentifier"":""075401CE112E7C1AADF12B55D25E9174CF3CFD46"",""displayName"":""DC=aa-test-cmn-serverops_rg-test-cmn-serverops_eb964ede-0700-4daa-9dba-dc6b31db81ad"",""endDateTime"":""2020-01-07T00:00:00Z"",""keyId"":""ca2c1bca-d3d6-4478-87f6-a132f808920f"",""startDateTime"":""2019-01-06T00:00:00Z"",""type"":""AsymmetricX509Cert"",""usage"":""Verify"",""key"":null}]","[]","37dc1ce5-e246-4fa5-bdb8-df7df1c267a5","null","[""https://spn/y5%2bP%2b3c7E9E2mxFaobvGFctKN99fXo8k6ePzrnNu1ns%3d""]","null","null","null","AzureADMyOrg","[]","null","null","null","[]","[]","[]","null","null","null","null","null","[]","Allow","[]","https://management.azure.com//subscriptions/eb964ede-0700-4daa-9dba-dc6b31db81ad/resourcegroups/rg-test-cmn-serverops/providers/Microsoft.Automation/automationAccounts/aa-test-cmn-serverops","null","true","false"
"""sc-ind-customersatisfactionsurvey""","126c9f05-154c-454c-9441-656321a0e3b6","2019-09-13T11:16:14Z","[]","[{""customKeyIdentifier"":null,""displayName"":""Devopsproject-Industry-Customer Satesfaction Survey"",""endDateTime"":""2299-12-30T23:00:00Z"",""hint"":"".ev"",""keyId"":""808f6e02-c27d-4fe0-afe3-fe27cc03189c"",""startDateTime"":""2019-09-16T05:51:39.29Z"",""secretText"":null}]","380c1d26-4182-43e0-8a6b-3e6d6defa669","null","[]","null","null","ncconline.onmicrosoft.com","AzureADMyOrg","[]","null","null","null","[]","[]","[]","null","null","null","null","null","[]","Allow","[]","null","null","false","false"
"""sc-uat-ind-lawson-integration-ramp""","cfe3c176-293c-4642-852d-85e88a8af6e9","2023-03-16T07:55:06Z","[]","[{""customKeyIdentifier"":null,""displayName"":""Devops - Lawson Integration Ramp"",""endDateTime"":""2025-03-15T14:51:16.782Z"",""hint"":""YXy"",""keyId"":""de249a9b-a6fb-4000-b8e2-dedd69fa9915"",""startDateTime"":""2023-03-16T14:51:16.782Z"",""secretText"":null}]","38472ff5-a876-42b5-81d6-4d0489d6e967","null","[]","null","null","ncconline.onmicrosoft.com","AzureADMyOrg","[]","null","null","null","[]","[]","[]","null","null","null","null","null","[]","Allow","[]","null","null","false","false"
"""Tarjouspyyntö AI (Hangonsilta) (Microsoft Copilot Studio)""","53000b2a-61b9-4c1a-83a8-57e004e8d8d2","2025-01-27T09:56:54Z","[]","[]","38563af7-867f-4d1f-98fd-5c10768f769c","null","[]","null","null","ncconline.onmicrosoft.com","AzureADMyOrg","[""AIAgentBuilder"",""AgentCreatedBy:CopilotStudio"",""AgenticApp"",""power-virtual-agents-387aeb06-f77d-74eb-124e-403a947ca2c0""]","null","null","null","[]","[]","[]","null","null","null","null","null","[]","Allow","[]","null","null","false","false"
"""ar-prod-cmn-contract-management-ext-fileupload""","762b4873-2215-4aff-af36-cf7170a16ade","2024-09-26T18:52:35Z","[]","[]","385e17b5-774d-4aa8-b380-b1bcdc8fdfdf","null","[""api://prod.cmn.ext.fileupload.ncc.se""]","null","null","ncconline.onmicrosoft.com","AzureADMyOrg","[]","null","null","null","[]","[]","[]","null","null","null","null","null","[]","Allow","[]","null","null","false","false"
"""D365 Sales Agent - Competitor (Microsoft Copilot Studio)""","632950ff-5528-4921-8aec-88726043411e","2025-07-27T22:59:40Z","[]","[]","386bc351-6f64-48d1-825e-5603d45c023c","null","[]","null","null","ncconline.onmicrosoft.com","AzureADMyOrg","[""AIAgentBuilder"",""AgentCreatedBy:CopilotStudio"",""AgenticApp"",""power-virtual-agents-6ff89f96-f13d-47f8-12c1-819273ff81b3""]","null","null","null","[]","[]","[]","null","null","null","null","null","[]","Allow","[]","null","null","false","false"
"""Agent (Microsoft Copilot Studio)""","8f9dde9b-8b02-47db-a190-4c84cf087e66","2026-01-22T13:09:36Z","[]","[]","38753ab3-cd4f-4d23-8090-2aaba2c84b0b","null","[]","null","null","ncconline.onmicrosoft.com","AzureADMyOrg","[""AIAgentBuilder"",""AgentCreatedBy:CopilotStudio"",""AgenticApp"",""power-virtual-agents-d7f4ef1a-f8b6-b942-69be-2ae3e1675c5a""]","null","null","null","[]","[]","[]","null","null","null","null","null","[]","Allow","[]","null","null","false","false"
"""nurlin (Power Virtual Agents)""","f3232255-1ded-4538-b05c-2b96f5c6649d","2023-08-22T09:34:47Z","[{""customKeyIdentifier"":""239527ECF41F3FCFADBF68F93689FD4EBE19A3B0"",""displayName"":""CN=service.prod.powerva.microsoft.com"",""endDateTime"":""2025-04-07T12:38:06Z"",""keyId"":""38983def-ffee-4819-91fd-1970b89c3e35"",""startDateTime"":""2024-04-12T12:38:06Z"",""type"":""AsymmetricX509Cert"",""usage"":""Verify"",""key"":null},{""customKeyIdentifier"":""AE73A31ACC0C048845C3061C23E937AB5A2DD8E9"",""displayName"":""CN=service.prod.powerva.microsoft.com"",""endDateTime"":""2025-07-01T18:00:12Z"",""keyId"":""9cf40d20-91eb-4ef0-aae1-2d50ab0439f5"",""startDateTime"":""2024-07-06T18:00:12Z"",""type"":""AsymmetricX509Cert"",""usage"":""Verify"",""key"":null},{""customKeyIdentifier"":""B6C661C8030E4E183E0302200427CB5AF67566E5"",""displayName"":""CN=service.prod.powerva.microsoft.com"",""endDateTime"":""2025-09-24T20:02:14Z"",""keyId"":""de3650b2-921c-4e68-9401-8718be166138"",""startDateTime"":""2024-09-29T20:02:14Z"",""type"":""AsymmetricX509Cert"",""usage"":""Verify"",""key"":null},{""customKeyIdentifier"":""A69D470844D394FD34BC05D828F3F189CE5E3B35"",""displayName"":""CN=service.prod.powerva.microsoft.com"",""endDateTime"":""2025-06-22T08:19:17Z"",""keyId"":""b4a74bc8-c8d3-4dab-9da5-261078aa9070"",""startDateTime"":""2024-12-24T08:19:17Z"",""type"":""AsymmetricX509Cert"",""usage"":""Verify"",""key"":null}]","[]","3885f777-a72e-4f50-b03d-485f83e0d842","null","[]","null","null","ncconline.onmicrosoft.com","AzureADMultipleOrgs","[""power-virtual-agents-faacdc84-ddec-4edb-bdaf-0c87f16129ac""]","null","null","null","[]","[]","[]","null","null","null","null","null","[]","Allow","[]","null","null","false","false"
"""poc.api.customer""","51079871-6a39-450a-a5de-8c000008ffec","2016-06-15T14:00:16Z","[]","[{""customKeyIdentifier"":null,""displayName"":null,""endDateTime"":""2017-06-15T14:00:16.3748202Z"",""hint"":null,""keyId"":""af2f62c6-a22c-42c5-ba95-b2f083f4e4bd"",""startDateTime"":""2016-06-15T14:00:16.3748202Z"",""secretText"":null}]","38deab42-8bff-4607-b3e1-b704913247a2","false","[""https://ncconline.onmicrosoft.com/poc.api.customer""]","null","null","null","AzureADMyOrg","[]","null","null","null","[]","[]","[]","null","null","null","null","null","[]","Allow","[""https://localhost:44306/""]","https://localhost:44306/","null","true","false"
"""ar-test-cmn-sso-synergi-v2""","a966652e-3a79-4b99-81db-b6c06dc3bcc5","2023-11-06T10:26:34Z","[]","[]","38e3f135-643e-4b44-9a51-5f294aef042d","false","[""https://nccslastest.synergilife.dnv.com""]","null","null","ncconline.onmicrosoft.com","AzureADMyOrg","[]","null","null","null","[]","[]","[]","null","null","null","null","null","[]","Allow","[""https://nccslastest.synergilife.dnv.com/federation/azuread/signin""]","https://account.activedirectory.windowsazure.com:444/applications/default.aspx?metadata=customappsso|ISV9.1|primary|z","https://nccslastest.synergilife.dnv.com/account/signout/signedout","true","false"
"""Stakeholder Agent (Microsoft Copilot Studio)""","9f671465-9203-4304-89e7-f15edbf287db","2025-08-15T23:44:50Z","[]","[]","38e7c4e9-341c-4ce3-ae6e-47f66a5a9641","null","[]","null","null","ncconline.onmicrosoft.com","AzureADMyOrg","[""AIAgentBuilder"",""AgentCreatedBy:CopilotStudio"",""AgenticApp"",""power-virtual-agents-23e6a6db-7306-73f1-3cd2-8efa55bee3ad""]","null","null","null","[]","[]","[]","null","null","null","null","null","[]","Allow","[]","null","null","false","false"
"""ar-prod-cmn-wvd-manager""","da54e5ea-a509-4d7a-9aa9-50896b0b64d7","2021-04-22T12:55:12Z","[]","[{""customKeyIdentifier"":null,""displayName"":""Secret2021"",""endDateTime"":""2022-10-25T07:26:14.611Z"",""hint"":""Epi"",""keyId"":""004767e9-8d93-476b-8ba6-b40619a4b053"",""startDateTime"":""2021-10-25T07:26:14.611Z"",""secretText"":null},{""customKeyIdentifier"":null,""displayName"":""Schhh"",""endDateTime"":""2021-10-22T12:57:06.546Z"",""hint"":""9I3"",""keyId"":""a91b002c-fef5-4351-8e79-44195470074f"",""startDateTime"":""2021-04-22T12:57:06.546Z"",""secretText"":null}]","38f434e3-9780-441e-acba-f5ce3c156bcb","null","[]","null","null","ncconline.onmicrosoft.com","AzureADMyOrg","[]","null","null","null","[]","[]","[]","null","null","null","null","null","[]","Allow","[""https://wa-prod-cmn-wvdmanager.azurewebsites.net/.auth/login/aad/callback"",""https://wa-prod-cmn-wvdmanager.azurewebsites.net/login"",""https://wa-prod-cmn-wvdmanager.azurewebsites.net/getAToken"",""http://localhost/login"",""http://localhost/.auth/login/aad/callback"",""http://localhost/getAToken"",""https://wvd-manager-ncc.azurewebsites.net/login"",""https://wvd-manager-ncc.azurewebsites.net/.auth/login/aad/callback"",""https://wvd-manager-ncc.azurewebsites.net/getAToken""]","null","null","true","true"
"""ar-test-cmn-nccfield""","8d1edd2d-335b-499c-90f5-1bcb8328094a","2024-05-06T13:04:07Z","[]","[{""customKeyIdentifier"":null,""displayName"":""Integration-platform-secret"",""endDateTime"":""2026-05-06T13:04:40.112Z"",""hint"":""sI0"",""keyId"":""c0857a0b-fbc3-4ead-9cb5-397e89da9087"",""startDateTime"":""2024-05-06T13:04:40.112Z"",""secretText"":null}]","39097442-e700-422d-918d-49197d61fd73","null","[]","null","null","ncconline.onmicrosoft.com","AzureADMyOrg","[]","null","null","null","[]","[]","[]","null","null","null","null","null","[]","Allow","[]","null","null","false","false"
"""Egencia""","07d5e314-4a48-45e8-9116-819f553ace41","2018-05-02T11:45:09Z","[]","[]","390cbd2e-2844-4cf1-856e-c76dbefee664","false","[""https://www.egencia.com/auth/v1"",""http://customappsso19F1ED77D39C428BBC2196328331BCC9"",""http://instanceid_8adf8e6e-67b2-4cf2-a259-e3dc5476c621_218B2009FE9046CA86414739DE477644"",""http://customappsso/b70e0918-7f76-4601-bee6-61e43603074c""]","null","null","null","AzureADMyOrg","[]","null","null","null","[]","[]","[]","null","null","null","null","null","[]","Allow","[""https://www.egencia.com/auth/v1"",""https://127.0.0.1:444/applications/default.aspx""]","https://127.0.0.1:444/applications/default.aspx?metadata=customappsso|ISV9.1|primary|z","null","true","false"
"""NCC Chatbot SE (test) (Power Virtual Agents)""","bb35a549-7d05-41b7-b877-b908d9278d2c","2023-10-02T12:48:24Z","[]","[]","390e8279-4986-4955-8977-22048e98bfda","null","[]","null","null","ncconline.onmicrosoft.com","AzureADMultipleOrgs","[""AIAgentBuilder"",""AgentCreatedBy:CopilotStudio"",""AgenticApp"",""power-virtual-agents-b3f30b6d-b06f-4c44-898f-5d11a57ea842""]","null","null","null","[]","[]","[]","null","null","null","null","null","[]","Allow","[]","null","null","false","false"
"""ar-prod-cmn-orgunitservice""","261f86b6-9692-4287-9c81-d169aa018a91","2024-05-30T15:22:31Z","[]","[{""customKeyIdentifier"":null,""displayName"":""Password uploaded on Mon Jun 10 2024"",""endDateTime"":""2026-06-10T13:43:57.97Z"",""hint"":""dDw"",""keyId"":""05354b10-c01d-4a0c-b9d4-2109758df133"",""startDateTime"":""2024-06-10T13:43:57.97Z"",""secretText"":null}]","39159a52-8a71-4b1b-a0ec-6bd1ec3e3156","null","[""api://261f86b6-9692-4287-9c81-d169aa018a91""]","null","null","ncconline.onmicrosoft.com","AzureADMyOrg","[]","null","null","null","[]","[]","[]","null","null","null","null","null","[]","Allow","[]","null","null","false","false"
"""Sales Copilot Power Virtual Agents Bot (Power Virtual Agents)""","9aafd74b-8d34-42a4-9821-dc19158c85b3","2023-12-03T19:10:10Z","[]","[]","3957b479-79ef-49cc-b213-c77e59c11b34","null","[]","null","null","ncconline.onmicrosoft.com","AzureADMultipleOrgs","[""AIAgentBuilder"",""AgentCreatedBy:CopilotStudio"",""AgenticApp"",""power-virtual-agents-66c8e327-5746-46cf-922c-d374ec5a1497""]","null","null","null","[]","[]","[]","null","null","null","null","null","[]","Allow","[]","null","null","false","false"
"""Sales Close Agent - Custom Research (Microsoft Copilot Studio)""","a2c1c64c-2ed7-42c4-86ef-6295a7e88948","2026-01-23T21:42:15Z","[]","[]","39b785dd-1e63-493e-9cf6-8fef549b704c","null","[]","null","null","ncconline.onmicrosoft.com","AzureADMyOrg","[""AIAgentBuilder"",""AgentCreatedBy:CopilotStudio"",""AgenticApp"",""power-virtual-agents-37aec473-fef3-d272-ebb9-85215bcc60fb""]","null","null","null","[]","[]","[]","null","null","null","null","null","[]","Allow","[]","null","null","false","false"
"""sc-uat-ind-billy-integration-ramp""","5d17d1b4-ed0a-45db-99cf-531b5992ead2","2023-03-16T07:54:50Z","[]","[{""customKeyIdentifier"":null,""displayName"":""Devops - Billy Integration Ramp"",""endDateTime"":""2025-03-15T14:47:46.968Z"",""hint"":""kT4"",""keyId"":""8fb61901-62aa-40f2-ac60-352ae3a3b8fb"",""startDateTime"":""2023-03-16T14:47:46.968Z"",""secretText"":null}]","39f4fdb7-eaf4-4d28-a098-09a334d87df1","null","[]","null","null","ncconline.onmicrosoft.com","AzureADMyOrg","[]","null","null","null","[]","[]","[]","null","null","null","null","null","[]","Allow","[]","null","null","false","false"
"""D365 Sales FIRE Agent - Rating Generator (Microsoft Copilot Studio)""","ee9d22ae-587d-49d8-8d45-9768dac08b4c","2025-07-01T23:34:58Z","[]","[]","3a47affa-3abb-407c-a350-e2f558a2aad5","null","[]","null","null","ncconline.onmicrosoft.com","AzureADMyOrg","[""AIAgentBuilder"",""AgentCreatedBy:CopilotStudio"",""AgenticApp"",""power-virtual-agents-773b9d59-f5f8-6ea4-c8cd-f465306cb7b7""]","null","null","null","[]","[]","[]","null","null","null","null","null","[]","Allow","[]","null","null","false","false"
"""ar-prod-ind-nhip-apimanagement""","b01c1934-61c8-49de-8d20-238beee5069e","2019-10-08T13:43:17Z","[]","[{""customKeyIdentifier"":null,""displayName"":""Secret for API developer portal AD authentication"",""endDateTime"":""2299-12-30T23:00:00Z"",""hint"":""gjV"",""keyId"":""be9aa472-d551-48fa-a596-637faebf76e5"",""startDateTime"":""2019-10-09T06:37:39.036Z"",""secretText"":null}]","3a7360dd-5b1a-4388-a7cd-ec982b81a3a6","null","[]","null","null","ncconline.onmicrosoft.com","AzureADMyOrg","[]","null","null","null","[]","[]","[]","null","null","null","null","null","[]","Allow","[""https://developer.ncc.info/signin-aad"",""https://apidevportaldev.ncc.info/signin-aad"",""https://apimanprodcmnnhipapimanagement.portal.azure-api.net/signin-aad""]","null","null","true","false"
"""wa-dev-pricelist""","1bc4455d-4beb-47c5-93cb-8a67ada62d37","2018-03-09T13:23:42Z","[]","[{""customKeyIdentifier"":null,""displayName"":null,""endDateTime"":""2019-03-09T13:23:40.1668197Z"",""hint"":null,""keyId"":""823fa3b9-4d35-48e8-9357-06832325ceda"",""startDateTime"":""2018-03-09T13:23:40.1668197Z"",""secretText"":null}]","3a8cc25e-3968-448d-a9a9-5a1e07c4b685","false","[""https://ncconline.onmicrosoft.com/wa-dev-pricelist""]","null","null","null","AzureADMyOrg","[]","null","null","null","[]","[]","[]","null","null","null","null","null","[]","Allow","[""https://wa-test-cmn-pricelist.ase02.ncc.info/signin-oidc"",""https://localhost:44371/signin-oidc"",""https://wa-dev-pricelistservice.ase02.ncc.info/signin-oidc""]","https://wa-dev-pricelistservice.ase02.ncc.info/","null","true","false"
"""sc-Industry-OneServicePlatformProxy""","43b539dc-7df4-4111-8304-abf57bfafe64","2020-04-22T08:53:01Z","[]","[{""customKeyIdentifier"":null,""displayName"":""Devops service connection"",""endDateTime"":""2299-12-30T23:00:00Z"",""hint"":""LR."",""keyId"":""f7fb1492-ec26-4b48-9a84-8b4602e69e62"",""startDateTime"":""2020-04-22T08:53:46.404Z"",""secretText"":null}]","3a8e0e75-f3c6-4e6a-b4e4-b263753b165d","null","[]","null","null","ncconline.onmicrosoft.com","AzureADMyOrg","[]","null","null","null","[]","[]","[]","null","null","null","null","null","[]","Allow","[]","null","null","false","false"
"""POA Webstedet Q&A (Microsoft Copilot Studio)""","fc9a8faa-7132-44e5-8c5f-10ba42734c2a","2025-07-09T11:59:02Z","[]","[]","3aa5d946-658f-410d-ac1d-7d23e789d31d","null","[]","null","null","ncconline.onmicrosoft.com","AzureADMyOrg","[""AIAgentBuilder"",""AgentCreatedBy:CopilotStudio"",""AgenticApp"",""power-virtual-agents-7daf4472-e25c-9d8a-78ea-00937eca7851""]","null","null","null","[]","[]","[]","null","null","null","null","null","[]","Allow","[]","null","null","false","false"
"""ncc-tfs-NCC-prod-cmn-appiot-536512e6-44e5-4e9a-849a-33131501e63f""","89a65926-d4f8-4887-b930-07b29a037221","2018-02-12T12:28:57Z","[]","[{""customKeyIdentifier"":null,""displayName"":null,""endDateTime"":""2020-02-12T12:28:57.6265078Z"",""hint"":null,""keyId"":""656c578c-fd25-4cdf-8d0a-67a4d5012cfe"",""startDateTime"":""2018-02-12T12:28:57.6265078Z"",""secretText"":null}]","3ab9bea3-194f-43d8-9f68-20869f40251c","null","[""https://VisualStudio/SPNe125f7f6-d15c-4f12-9da5-a6273db8c012""]","null","null","null","AzureADMyOrg","[]","null","null","null","[]","[]","[]","null","null","null","null","null","[]","Allow","[""https://VisualStudio/SPN""]","https://VisualStudio/SPN","null","true","false"
"""ar-prod-cmn-wordpress-asfaltskolan""","0a517fc9-3b71-4a97-a03a-b6cdff2914f5","2018-10-29T12:24:39Z","[]","[{""customKeyIdentifier"":null,""displayName"":""aad-sso-wp"",""endDateTime"":""2023-09-23T08:50:04.544Z"",""hint"":""Lvn"",""keyId"":""aaf9efb1-e441-4c2e-b0c5-0df13bae7871"",""startDateTime"":""2023-03-27T08:50:04.544Z"",""secretText"":null}]","3ac30f77-6a28-451c-9ba3-9e723d0297ec","false","[""https://ncconline.onmicrosoft.com/d50484e0-4df2-48f5-bd75-af83f15e5152""]","null","null","null","AzureADMyOrg","[]","null","null","null","[]","[]","[]","null","null","null","null","null","[]","Allow","[""https://asfaltskolan.se/wp-login.php""]","https://asfaltskolan.se/wp-login.php","null","true","false"
"""Test copilot (Microsoft Copilot Studio)""","cb225516-1f95-40ea-96af-f6eae2aac191","2024-08-29T11:16:26Z","[]","[]","3adff2fe-78ad-4eb3-a4f7-a779e9d53281","null","[]","null","null","ncconline.onmicrosoft.com","AzureADMultipleOrgs","[""AIAgentBuilder"",""AgentCreatedBy:CopilotStudio"",""AgenticApp"",""power-virtual-agents-5b6bc244-dd36-fd40-bbe1-bcfadb294b64""]","null","null","null","[]","[]","[]","null","null","null","null","null","[]","Allow","[]","null","null","false","false"
"""ar-uat-cmn-foresee-connectingsoftware-permissionreplicator""","edea5e1f-663f-4bb6-83a6-5281eed19d39","2022-04-01T13:12:59Z","[]","[{""customKeyIdentifier"":null,""displayName"":""UAT ForeSee CS"",""endDateTime"":""2025-09-13T12:52:04.505Z"",""hint"":"".dZ"",""keyId"":""2a65beb1-1a04-45b6-a557-bed11dd81ec2"",""startDateTime"":""2024-09-13T12:52:04.505Z"",""secretText"":null},{""customKeyIdentifier"":null,""displayName"":""UAT Connecting Software"",""endDateTime"":""2025-09-13T13:40:55.136Z"",""hint"":""Vk3"",""keyId"":""348f532a-9350-4349-b234-7a22062bb9d5"",""startDateTime"":""2023-09-14T13:40:55.136Z"",""secretText"":null},{""customKeyIdentifier"":null,""displayName"":""UAT Foresee CS"",""endDateTime"":""2023-10-10T08:33:19.563Z"",""hint"":""DE_"",""keyId"":""3da79f53-07f5-4b5a-85c8-145dc73f73d4"",""startDateTime"":""2022-10-10T08:33:19.563Z"",""secretText"":null},{""customKeyIdentifier"":null,""displayName"":""UAT ForeSee ConnectingSoftware"",""endDateTime"":""2024-04-14T09:10:30.331Z"",""hint"":""W4N"",""keyId"":""d3b52037-9f9b-4238-a092-9987ab0802b7"",""startDateTime"":""2022-04-14T09:10:30.331Z"",""secretText"":null},{""customKeyIdentifier"":null,""displayName"":""UAT ForeSee connecting software"",""endDateTime"":""2024-04-04T11:42:17.072Z"",""hint"":""2hP"",""keyId"":""be6155fa-1709-4e64-a4a5-de9674332e81"",""startDateTime"":""2022-04-04T11:42:17.072Z"",""secretText"":null},{""customKeyIdentifier"":null,""displayName"":""uat ForeSee connecting software"",""endDateTime"":""2024-04-04T08:42:15.169Z"",""hint"":""YkF"",""keyId"":""a1655c49-c9b0-4efe-98e3-0a18f7b6964c"",""startDateTime"":""2022-04-04T08:42:15.169Z"",""secretText"":null}]","3b1a56a6-b1bb-49cc-bcdb-a4bee75a2c19","null","[]","null","null","ncconline.onmicrosoft.com","AzureADMyOrg","[]","null","null","null","[]","[]","[]","null","null","null","null","null","[]","Allow","[""https://permissions-replicator-saas.connecting-software.com/consent-callback""]","null","null","false","false"
"""NccDevelopment-ConstructionConnector-rg-test-cmn-cedb""","f3fbd192-865e-4a84-8f8d-a9df96e9d51c","2022-03-28T14:17:29Z","[]","[{""customKeyIdentifier"":null,""displayName"":""Password uploaded on Wed Apr 03 2024"",""endDateTime"":""2026-04-03T08:15:42.446Z"",""hint"":""5KP"",""keyId"":""d3dec724-aefc-4cd6-8e77-9b6f0f46f173"",""startDateTime"":""2024-04-03T08:15:42.446Z"",""secretText"":null}]","3b3f3063-db20-4409-be21-c35080f4d4fc","null","[]","null","null","ncconline.onmicrosoft.com","AzureADMyOrg","[]","null","null","null","[]","[]","[]","null","null","null","null","null","[]","Allow","[]","null","null","false","false"
"""CustomerServiceKnowledgeHarvest (Microsoft Copilot Studio)""","cf17c5ba-8a43-4663-be2e-94188b896fb3","2025-06-02T13:52:53Z","[]","[]","3b57f9ee-30f4-4a20-b477-ca76dfd83baa","null","[]","null","null","ncconline.onmicrosoft.com","AzureADMyOrg","[""AIAgentBuilder"",""AgentCreatedBy:CopilotStudio"",""AgenticApp"",""power-virtual-agents-0f82879c-b60e-4daa-b223-f4fbe5aae429""]","null","null","null","[]","[]","[]","null","null","null","null","null","[]","Allow","[]","null","null","false","false"
"""ar-dev-ind-integration-beast""","099934c4-ab8e-4d27-beee-efeae8613d23","2025-06-27T08:47:09Z","[]","[{""customKeyIdentifier"":null,""displayName"":""dyn365-api-beast"",""endDateTime"":""2027-09-16T08:48:08.131Z"",""hint"":""kNg"",""keyId"":""27b7b166-4e0f-4969-9e49-4f5fce17aaf1"",""startDateTime"":""2025-09-16T08:48:08.131Z"",""secretText"":null},{""customKeyIdentifier"":null,""displayName"":""fabric"",""endDateTime"":""2027-07-07T18:41:16.005Z"",""hint"":""0qD"",""keyId"":""769815ce-67e6-4728-ad48-d8f1fa6969ab"",""startDateTime"":""2025-07-07T18:41:16.005Z"",""secretText"":null},{""customKeyIdentifier"":null,""displayName"":""marcus-dev"",""endDateTime"":""2027-06-27T14:59:53.674Z"",""hint"":""VAw"",""keyId"":""565dec67-86c8-4358-b687-5e518828354c"",""startDateTime"":""2025-06-27T14:59:53.674Z"",""secretText"":null}]","3b64ecc3-7e65-49cc-a9f0-c7c7c1518037","null","[]","null","null","ncconline.onmicrosoft.com","AzureADMyOrg","[]","null","null","null","[]","[]","[]","null","null","null","null","null","[]","Allow","[]","null","null","false","false"
"""ar-cmn-contract-management-project-information-proxy""","3b8c5ffe-b359-4e82-8879-310c2b796799","2023-02-14T12:39:30Z","[]","[{""customKeyIdentifier"":null,""displayName"":""Test-secret"",""endDateTime"":""2026-04-06T13:36:38.244Z"",""hint"":""8er"",""keyId"":""9b8742ad-5503-4523-b1d9-28126f0d63f9"",""startDateTime"":""2025-10-08T13:36:38.244Z"",""secretText"":null}]","3b71f836-5eea-41c4-b03a-de729e637c2c","null","[""api://cm.project.information.proxy.ncc.se""]","null","None","ncconline.onmicrosoft.com","AzureADMyOrg","[]","null","null","null","[]","[]","[]","null","null","null","null","null","[]","Allow","[""https://fn-cm-project-information-proxy-dev.azurewebsites.net/.auth/login/aad/callback"",""https://fn-cm-project-information-proxy-test.azurewebsites.net/.auth/login/aad/callback"",""https://fn-cm-project-information-proxy-uat.azurewebsites.net/.auth/login/aad/callback"",""https://fn-cm-project-information-proxy-prod.azurewebsites.net/.auth/login/aad/callback""]","null","null","true","false"
"""ar-conv-cmn-HRM""","ed51dfde-c0cc-438c-a714-79e2a78d6968","2022-01-14T13:29:15Z","[]","[]","3b7461d7-5659-4be1-80c2-0377a0e8c6b2","null","[""api://ed51dfde-c0cc-438c-a714-79e2a78d6968""]","null","None","ncconline.onmicrosoft.com","AzureADMyOrg","[]","null","2","null","[]","[]","[]","null","null","null","null","null","[]","Allow","[]","null","null","false","false"
"""ar-dev-cmn-ramp-benify""","0928b002-42bb-4518-add7-d5b2fac40d8e","2025-09-12T11:52:33Z","[]","[{""customKeyIdentifier"":null,""displayName"":""Ramp-AppReg-ClientSecret"",""endDateTime"":""2027-09-15T08:20:32.551Z"",""hint"":""3dr"",""keyId"":""81955841-73df-4716-8929-be6cceaa9298"",""startDateTime"":""2025-09-15T08:20:32.551Z"",""secretText"":null}]","3b835972-75f0-458b-b161-a2b2b490c606","null","[]","null","null","ncconline.onmicrosoft.com","AzureADMyOrg","[]","null","null","null","[]","[]","[]","null","null","null","null","null","[]","Allow","[]","null","null","false","false"
"""ar-prod-cmn-ramp-dkmiddleman""","898b48d2-1795-4922-a0e5-10aba867e74d","2025-01-28T13:50:15Z","[]","[]","3b85b0e6-1958-4a54-aa91-21ea777a3e20","null","[]","null","null","ncconline.onmicrosoft.com","AzureADMyOrg","[]","null","null","null","[]","[]","[]","null","null","null","null","null","[]","Allow","[]","null","null","false","false"
"""Sales Close Agent - Compete Research (Microsoft Copilot Studio)""","c508f51b-28ad-46a2-a3af-521b96b40ef4","2026-01-24T20:01:51Z","[]","[]","3b8648bc-8e16-4fc7-aa0b-78bcdbc4db8f","null","[]","null","null","ncconline.onmicrosoft.com","AzureADMyOrg","[""AIAgentBuilder"",""AgentCreatedBy:CopilotStudio"",""AgenticApp"",""power-virtual-agents-ace3b4a2-b951-78dc-797e-ca497bd0f7f6""]","null","null","null","[]","[]","[]","null","null","null","null","null","[]","Allow","[]","null","null","false","false"
"""Supplier Communications Agent - outbound (Microsoft Copilot Studio)""","97ba97c1-9634-4397-a723-348374731317","2025-06-10T09:20:50Z","[]","[]","3b9cc8cb-bda5-4efe-b240-9cf458cc6b41","null","[]","null","null","ncconline.onmicrosoft.com","AzureADMyOrg","[""AIAgentBuilder"",""AgentCreatedBy:CopilotStudio"",""AgenticApp"",""power-virtual-agents-f72d36ed-04bd-41f3-ac78-a8b429eb94fb""]","null","null","null","[]","[]","[]","null","null","null","null","null","[]","Allow","[]","null","null","false","false"
"""ar-prod-cmn-wordpress-brickstudios""","8a594e4d-896e-4e79-b943-d49442a905bf","2019-04-11T13:35:12Z","[]","[{""customKeyIdentifier"":null,""displayName"":""Password uploaded on Wed Sep 27 2023"",""endDateTime"":""2024-03-25T08:30:32.069Z"",""hint"":""O1P"",""keyId"":""6149775a-0507-48a9-a272-6ec75ae7904b"",""startDateTime"":""2023-09-27T07:30:32.069Z"",""secretText"":null},{""customKeyIdentifier"":null,""displayName"":""BrickStudios"",""endDateTime"":""2023-09-24T09:14:43.547Z"",""hint"":""9zU"",""keyId"":""8f609ed8-91d4-4d92-aae7-a390c19c18f4"",""startDateTime"":""2023-03-28T09:14:43.547Z"",""secretText"":null}]","3bd6a6c5-eaf6-464f-91e0-86083495419c","false","[""https://ncconline.onmicrosoft.com/e77803cb-eaa3-41a4-a4a2-e90b315e9bb2""]","null","null","ncconline.onmicrosoft.com","AzureADMyOrg","[]","null","null","null","[]","[]","[]","null","null","null","null","null","[]","Allow","[""https://brickstudios.ncc.se/wp-login.php""]","https://brickstudios.ncc.se/admin","null","true","false"
"""D365 Sales - Configuration Agent (Microsoft Copilot Studio)""","2cc04b08-a3c0-4243-a570-46e6225fd8ac","2026-01-24T01:36:40Z","[]","[]","3c885b2a-61a4-4a8e-aca1-b9e3bcd9601c","null","[]","null","null","ncconline.onmicrosoft.com","AzureADMyOrg","[""AIAgentBuilder"",""AgentCreatedBy:CopilotStudio"",""AgenticApp"",""power-virtual-agents-37c1e975-8f85-5a5f-171b-92c673984108""]","null","null","null","[]","[]","[]","null","null","null","null","null","[]","Allow","[]","null","null","false","false"
"""Customer Service Copilot Bot (Microsoft Copilot Studio)""","78cc51c5-cba3-424a-bd77-526f85860b84","2025-11-11T22:26:07Z","[]","[]","3cb91c08-7406-43a6-85cb-f76ffb2a7ade","null","[]","null","null","ncconline.onmicrosoft.com","AzureADMyOrg","[""AIAgentBuilder"",""AgentCreatedBy:CopilotStudio"",""AgenticApp"",""power-virtual-agents-bbf5e377-4fb6-adb2-4ef1-016025fea96a""]","null","null","null","[]","[]","[]","null","null","null","null","null","[]","Allow","[]","null","null","false","false"
"""Agent (Microsoft Copilot Studio)""","6f435c09-dcf1-4b28-86de-0d26f5bc6582","2025-12-09T12:19:17Z","[]","[]","3cd6ce85-e065-4c18-be03-4f32aa62f96c","null","[]","null","null","ncconline.onmicrosoft.com","AzureADMyOrg","[""AIAgentBuilder"",""AgentCreatedBy:CopilotStudio"",""AgenticApp"",""power-virtual-agents-ad4a217e-d704-e889-66b9-310b25beed3d""]","null","null","null","[]","[]","[]","null","null","null","null","null","[]","Allow","[]","null","null","false","false"
"""LOU agent (Microsoft Copilot Studio)""","ee40f7e0-6e83-4349-a868-51a1487ef81e","2025-06-27T14:41:02Z","[]","[]","3d19ad13-6754-4341-8178-9d0092d4c98e","null","[]","null","null","ncconline.onmicrosoft.com","AzureADMyOrg","[""AIAgentBuilder"",""AgentCreatedBy:CopilotStudio"",""AgenticApp"",""power-virtual-agents-3efcae13-c0ce-cfca-372f-931312a96ade""]","null","null","null","[]","[]","[]","null","null","null","null","null","[]","Allow","[]","null","null","false","false"
"""ar-test-cmn-ramp-masterarticledata""","15d527ac-2d19-4637-8bc4-127603660599","2024-04-29T13:27:31Z","[]","[{""customKeyIdentifier"":null,""displayName"":""Secret for accessing DataFoundation APIs"",""endDateTime"":""2027-05-22T12:20:17.871Z"",""hint"":""Ss7"",""keyId"":""d3ffbe2e-1475-4d42-b266-5866d4524f7d"",""startDateTime"":""2025-05-22T12:20:17.871Z"",""secretText"":null},{""customKeyIdentifier"":null,""displayName"":""ServiceBus-ClientSecret"",""endDateTime"":""2027-05-22T12:19:25.907Z"",""hint"":""3Y-"",""keyId"":""42a23b47-4b0c-41cb-af6a-f048ab498a09"",""startDateTime"":""2025-05-22T12:19:25.907Z"",""secretText"":null},{""customKeyIdentifier"":null,""displayName"":""MAD API"",""endDateTime"":""2027-05-22T12:07:40.309Z"",""hint"":""HA-"",""keyId"":""f7f84263-784b-4246-8504-9377bd60944c"",""startDateTime"":""2025-05-22T12:07:40.309Z"",""secretText"":null},{""customKeyIdentifier"":null,""displayName"":""MBB through APIM"",""endDateTime"":""2027-04-22T07:50:57.668Z"",""hint"":""2i4"",""keyId"":""ef6878ab-8e1e-4878-b77e-d5e0ec4a8bb2"",""startDateTime"":""2025-04-22T07:50:57.668Z"",""secretText"":null}]","3d4a71f7-dc8c-4533-b64b-ec772194bb59","null","[]","null","null","ncconline.onmicrosoft.com","AzureADMyOrg","[]","null","null","null","[]","[]","[]","null","null","null","null","null","[]","Allow","[]","null","null","false","false"
"""Account reconciliation agent (Microsoft Copilot Studio)""","8b40693d-05d0-4928-8408-c958b8dd3627","2025-08-07T12:50:22Z","[]","[]","3d50addc-583c-4c71-84c1-e5ec35958167","null","[]","null","null","ncconline.onmicrosoft.com","AzureADMyOrg","[""AIAgentBuilder"",""AgentCreatedBy:CopilotStudio"",""AgenticApp"",""power-virtual-agents-af9f5929-383f-9a07-cebb-dacdab35c15d""]","null","null","null","[]","[]","[]","null","null","null","null","null","[]","Allow","[]","null","null","false","false"
"""ar-dev-cmn-contract-management-globalId-client""","bbe7f14e-72b2-4bf9-a03f-90dc8463e03e","2022-10-18T10:37:20Z","[{""customKeyIdentifier"":""E4766BCE0CB1207FA3D427FAA78DB6C90A0F234C"",""displayName"":""CN=contractmanagement-dev, OU=Business Transformation, O=NCC, L=Stockholm, S=Stockholm, C="",""endDateTime"":""2027-08-20T08:49:51Z"",""keyId"":""de656ca1-6c30-402c-b9c7-7b87afcefcea"",""startDateTime"":""2025-08-20T08:39:51Z"",""type"":""AsymmetricX509Cert"",""usage"":""Verify"",""key"":null}]","[]","3da64813-fd73-42b8-b51b-184333342ecc","null","[]","null","null","ncconline.onmicrosoft.com","AzureADMyOrg","[]","null","null","null","[]","[]","[]","null","null","null","null","null","[]","Allow","[]","null","null","false","false"
"""OurNCC""","83f5a6cf-46ed-4de2-ad8a-42b7e4a4adfc","2018-01-11T08:47:19Z","[]","[{""customKeyIdentifier"":null,""displayName"":""aad-sso-wp"",""endDateTime"":""2022-01-13T13:56:57.497Z"",""hint"":""0BO"",""keyId"":""84066713-2741-46fe-bc5f-e97e3effd661"",""startDateTime"":""2020-01-13T13:57:13.194Z"",""secretText"":null}]","3dc39582-0d7b-45c4-8c03-8d41b4923b67","false","[""https://ncconline.onmicrosoft.com/55d5e449-6d38-4cea-8f96-563d70547c5d""]","null","null","null","AzureADMyOrg","[]","null","null","null","[]","[]","[]","null","null","null","null","null","[]","Allow","[""https://dev.thegeneration.se/ourncc.dk/wp-login.php"",""https://dev.thegeneration.se/ourncc.no/wp-login.php"",""https://dev.thegeneration.se/ourncc.fi/wp-login.php"",""https://dev.thegeneration.se/ourncc.se/wp-login.php"",""https://ourncc.fi/wp-login.php"",""https://ourncc.no/wp-login.php"",""https://ourncc.dk/wp-login.php"",""https://dev.thegeneration.se/ourncc-aad.se/wp-login.php"",""https://ourncc.se/wp-login.php""]","null","null","true","false"
"""ar-prod-cmn-it2-api""","b9a6a597-322c-46e5-97c2-dbd9b8555e1d","2022-07-06T07:06:53Z","[]","[{""customKeyIdentifier"":null,""displayName"":""ION Treasury IT2 API Client Secret"",""endDateTime"":""2027-02-11T18:07:31.936Z"",""hint"":""tux"",""keyId"":""19b3ca0c-cc86-436b-9e49-2771fb621f0a"",""startDateTime"":""2025-02-11T18:07:31.936Z"",""secretText"":null},{""customKeyIdentifier"":null,""displayName"":""ION Treasury IT2 API Client Secret"",""endDateTime"":""2025-02-04T12:53:08.88Z"",""hint"":""yO0"",""keyId"":""975e1ea6-8d81-4a58-84b7-f20a68650c66"",""startDateTime"":""2024-08-08T11:53:08.88Z"",""secretText"":null}]","3de1f6b4-d2e3-419d-b2a9-0dd61593f52c","null","[""api://b9a6a597-322c-46e5-97c2-dbd9b8555e1d""]","null","null","ncconline.onmicrosoft.com","AzureADMyOrg","[]","null","null","null","[]","[]","[]","null","null","null","null","null","[]","Allow","[""https://authorization-manager.consent.azure-apim.net/redirect/apim/apimanprodcmnnhipapimanagement""]","null","null","true","false"
"""Customer Service Copilot Bot (Power Virtual Agents)""","b886198b-76e5-475c-a797-4b13dd9ddc54","2024-04-13T20:00:57Z","[]","[]","3de50744-ceca-4f8b-945f-468cf3bd0fa7","null","[]","null","null","ncconline.onmicrosoft.com","AzureADMultipleOrgs","[""AIAgentBuilder"",""AgentCreatedBy:CopilotStudio"",""AgenticApp"",""power-virtual-agents-d8760f23-3496-47a1-a7ec-c2d576d9e787""]","null","null","null","[]","[]","[]","null","null","null","null","null","[]","Allow","[]","null","null","false","false"
"""ar-dev-cmn-masterarticledata""","4c08fb70-1ce8-42f7-aaa4-b93b967a547b","2024-03-12T07:59:38Z","[]","[{""customKeyIdentifier"":null,""displayName"":""devops"",""endDateTime"":""2026-04-17T07:09:26.517Z"",""hint"":""PAR"",""keyId"":""66a53a92-6488-4078-8280-e23715d3910d"",""startDateTime"":""2024-04-17T07:09:26.517Z"",""secretText"":null}]","3ded6634-286a-4ed1-b522-786a60faf90f","null","[""api://4c08fb70-1ce8-42f7-aaa4-b93b967a547b""]","null","null","ncconline.onmicrosoft.com","AzureADMyOrg","[]","null","null","null","[]","[{""appId"":""4c08fb70-1ce8-42f7-aaa4-b93b967a547b"",""delegatedPermissionIds"":[""8c19d7e0-7623-4fd8-9dd4-3351b15d7bf5""]}]","[]","null","null","null","null","null","[]","Allow","[]","null","null","true","true"
"""HR Arkiv""","3ef61d6d-5f7b-4e19-a9d9-048fa9b8c461","2019-05-03T13:59:17Z","[]","[]","3e023cec-2764-4199-a66d-be852eb30171","false","[""https://cmnap114.adroot.net:18090/otdsws/login""]","null","null","ncconline.onmicrosoft.com","AzureADMyOrg","[]","null","null","null","[]","[]","[]","null","null","null","null","null","[]","Allow","[""https://cmnap114.adroot.net:18090/otdsws/login""]","https://account.activedirectory.windowsazure.com:444/applications/default.aspx?metadata=customappsso|ISV9.1|primary|z","null","true","false"
"""ar-prod-cmn-servicenow""","b609d094-b5d4-434f-ac8a-fa28dba5885f","2024-04-18T07:42:09Z","[]","[{""customKeyIdentifier"":null,""displayName"":""ServiceNow PostToRamp"",""endDateTime"":""2026-06-26T13:13:48.671Z"",""hint"":""2y3"",""keyId"":""37caaa47-cb45-4966-8d8b-0b0766991962"",""startDateTime"":""2024-06-26T13:13:48.671Z"",""secretText"":null}]","3e2f893c-0ee7-426b-a9ff-01199e1ee509","null","[]","null","null","ncconline.onmicrosoft.com","AzureADMyOrg","[]","null","null","null","[]","[]","[]","null","null","null","null","null","[]","Allow","[]","null","null","false","false"
"""Sales Close Agent - Custom Research (Microsoft Copilot Studio)""","4e22bbb1-9277-4ee4-866f-d91d1f3d81ec","2026-01-25T00:52:57Z","[]","[]","3e92f6d1-e296-49a8-8f65-f536e4e48a4e","null","[]","null","null","ncconline.onmicrosoft.com","AzureADMyOrg","[""AIAgentBuilder"",""AgentCreatedBy:CopilotStudio"",""AgenticApp"",""power-virtual-agents-aab44730-d2af-5f90-bbe7-639dbb8e810a""]","null","null","null","[]","[]","[]","null","null","null","null","null","[]","Allow","[]","null","null","false","false"
"""aa-prod-cmn-externalweb_g4Rv2My3xHcX91mL66L5a9bwgqeT+tBrsqpMpOv4Sx0=""","846e1e57-ffc3-4b57-8678-9de33e4934aa","2019-08-29T11:57:39Z","[{""customKeyIdentifier"":""B40A580E7EBE972F81848DC42773F52CE890E5B6"",""displayName"":""DC=aa-prod-cmn-externalweb_rg-prod-cmn-ExternalWeb_536512e6-44e5-4e9a-849a-33131501e63f"",""endDateTime"":""2024-03-09T07:48:17Z"",""keyId"":""7088f17a-7476-452c-98d0-4f7aec505eaa"",""startDateTime"":""2023-03-09T07:38:17Z"",""type"":""AsymmetricX509Cert"",""usage"":""Verify"",""key"":null}]","[]","3e948b8f-6b8b-47fe-af3c-d1c3130f1545","null","[""https://spn/g4Rv2My3xHcX91mL66L5a9bwgqeT%2btBrsqpMpOv4Sx0%3d""]","null","null","ncconline.onmicrosoft.com","AzureADMyOrg","[]","null","null","null","[]","[]","[]","null","null","null","null","null","[]","Allow","[]","https://management.azure.com//subscriptions/536512e6-44e5-4e9a-849a-33131501e63f/resourceGroups/rg-prod-cmn-ExternalWeb/providers/Microsoft.Automation/automationAccounts/aa-prod-cmn-externalweb","null","true","false"
"""TagRunnerODIT""","f59c572d-724f-4d90-ad47-e5e8c459c40a","2017-10-16T07:49:08Z","[]","[{""customKeyIdentifier"":""awBlAHkA"",""displayName"":null,""endDateTime"":""2299-12-30T23:00:00Z"",""hint"":null,""keyId"":""a598ff46-9b55-4aa1-a3a4-631479cb9b8a"",""startDateTime"":""2017-10-16T07:50:10.3383497Z"",""secretText"":null}]","3e96b4f2-aa56-44bb-885f-c493c4a23288","false","[""https://ncconline.onmicrosoft.com/92f30760-6999-47f8-8955-bda63b8a91ed""]","null","null","null","AzureADMyOrg","[]","null","null","null","[]","[]","[]","null","null","null","null","null","[]","Allow","[""https://TagRunnerODIT""]","https://TagRunnerODIT","null","true","false"
"""NccDevelopment-ForeSee-eb964ede-0700-4daa-9dba-dc6b31db81ad""","bfe61511-ce6f-4c53-8edd-c6b09879cab8","2020-08-24T09:50:59Z","[]","[]","3ec8125d-dc6c-4d59-9bdc-c8cf3c184245","null","[""https://VisualStudio/SPNcdc9610e-301a-4898-a35a-3383aa85fd9b""]","null","null","ncconline.onmicrosoft.com","AzureADMyOrg","[]","null","null","null","[]","[]","[]","null","null","null","null","null","[]","Allow","[""https://VisualStudio/SPN""]","https://VisualStudio/SPN","null","true","false"
"""ar-prod-cmn-wordpress-annualreport""","ed32df91-4b15-4ccb-960f-6c26a3146ff1","2019-10-22T14:26:25Z","[]","[{""customKeyIdentifier"":null,""displayName"":""TheGenerationOmpekning"",""endDateTime"":""2023-02-22T10:13:03.108Z"",""hint"":""_Zu"",""keyId"":""93615c7f-ae5d-4423-9303-b424457d8521"",""startDateTime"":""2022-02-22T10:13:03.108Z"",""secretText"":null},{""customKeyIdentifier"":null,""displayName"":""Password uploaded on Wed Nov 24 2021"",""endDateTime"":""2023-11-24T15:14:59.899Z"",""hint"":""iA3"",""keyId"":""c5c81bbe-89fd-470d-bfb5-470cee04ef3c"",""startDateTime"":""2021-11-24T15:14:59.899Z"",""secretText"":null}]","3ef7900e-add5-4c39-9122-106d2fe67d54","null","[]","null","null","ncconline.onmicrosoft.com","AzureADMyOrg","[]","null","null","null","[]","[]","[]","null","null","null","null","null","[]","Allow","[""https://annualreport2019.ncc.se/wp-login.php"",""https://annualreport.ncc.se/wp-login.php""]","null","null","false","false"
"""D365 Sales - Configuration Agent (Microsoft Copilot Studio)""","b8fdd5c7-5b64-4218-97e3-710424c98970","2026-01-10T19:19:39Z","[]","[]","3f0657a2-f02e-460b-8f79-81c4f770a118","null","[]","null","null","ncconline.onmicrosoft.com","AzureADMyOrg","[""AIAgentBuilder"",""AgentCreatedBy:CopilotStudio"",""AgenticApp"",""power-virtual-agents-5e075ee8-52f2-d4c2-8e9a-c84d21a118e2""]","null","null","null","[]","[]","[]","null","null","null","null","null","[]","Allow","[]","null","null","false","false"
"""ar-test-cmn-foresee-powerbi""","0c742360-968c-415c-a4d1-282260c3738b","2022-09-01T07:39:33Z","[]","[{""customKeyIdentifier"":null,""displayName"":""PBI Forsee"",""endDateTime"":""2023-05-08T15:19:18.861Z"",""hint"":""ips"",""keyId"":""1457e5b8-3381-4de9-9d4e-96bf48fef68d"",""startDateTime"":""2022-11-08T16:19:18.861Z"",""secretText"":null}]","3f3532ea-6a67-47f0-bf93-37c48ddf7dcb","true","[]","null","null","ncconline.onmicrosoft.com","AzureADMultipleOrgs","[]","null","null","null","[]","[]","[""https://app.powerbi.com/embedsetup/SignInRedirect"",""urn:ietf:wg:oauth:2.0:oob""]","null","null","null","null","null","[]","Allow","[]","null","null","true","false"
"""ncc-tfs-NCC-prod-cmn-appiot-536512e6-44e5-4e9a-849a-33131501e63f""","c11bd9ee-d538-466b-b4f7-1e4e51b27169","2018-06-19T12:53:20Z","[]","[{""customKeyIdentifier"":null,""displayName"":null,""endDateTime"":""2020-06-19T12:53:20.433464Z"",""hint"":null,""keyId"":""03a29fd1-88fa-4f30-8d17-7ef9e10ac87b"",""startDateTime"":""2018-06-19T12:53:20.433464Z"",""secretText"":null}]","3f521596-c033-418d-ad9d-86e53db4b87f","null","[""https://VisualStudio/SPN8c3ed3d6-2c18-4f10-aa1a-f4fa7893d70d""]","null","null","null","AzureADMyOrg","[]","null","null","null","[]","[]","[]","null","null","null","null","null","[]","Allow","[""https://VisualStudio/SPN""]","https://VisualStudio/SPN","null","true","false"
"""ar-prod-cmn-LargeFileStorage-SPA""","c8a28cd9-43ce-43e6-b8c8-068e7074c415","2024-03-18T14:10:11Z","[]","[]","3f53ff1d-3c1b-4daa-bbe1-99d8cbfb05de","null","[]","null","null","ncconline.onmicrosoft.com","AzureADMyOrg","[]","null","null","null","[]","[]","[]","null","null","null","null","null","[]","Allow","[]","null","null","false","false"
"""Agent Sharepoint Filområde test (Microsoft Copilot Studio)""","965ac830-8c9b-4e05-9d5c-679999dc4669","2024-12-09T13:49:41Z","[]","[]","3f81c4b6-4996-4ed6-8fae-476d865c4630","null","[]","null","null","ncconline.onmicrosoft.com","AzureADMultipleOrgs","[""AIAgentBuilder"",""AgentCreatedBy:CopilotStudio"",""AgenticApp"",""power-virtual-agents-9a5d7aac-967e-6196-91e1-ebf4e4884e7d""]","null","null","null","[]","[]","[]","null","null","null","null","null","[]","Allow","[]","null","null","false","false"
"""Industry Login""","6db45751-13cc-414f-8095-a883ecc20618","2017-09-27T10:05:45Z","[]","[{""customKeyIdentifier"":null,""displayName"":""CWAP_AuthSecret"",""endDateTime"":""2026-03-20T03:47:58.6866128Z"",""hint"":""Ion"",""keyId"":""980159bf-ef1c-4937-a633-164376f56699"",""startDateTime"":""2025-03-20T03:43:58.6866128Z"",""secretText"":null},{""customKeyIdentifier"":""Q1dBUF9BdXRoU2VjcmV0"",""displayName"":null,""endDateTime"":""2025-06-17T05:59:19.2651106Z"",""hint"":""Jx9"",""keyId"":""2495293f-95ba-4175-aa73-d76211eb7ff7"",""startDateTime"":""2024-06-17T05:55:19.2651106Z"",""secretText"":null},{""customKeyIdentifier"":""Q1dBUF9BdXRoU2VjcmV0"",""displayName"":null,""endDateTime"":""2024-09-14T08:24:58.4387816Z"",""hint"":""Xh5"",""keyId"":""ae277bed-e511-4516-b56a-407d18f2c23d"",""startDateTime"":""2023-09-15T08:20:58.4387816Z"",""secretText"":null}]","3fbc91f0-b73b-4c8a-9dad-1761981273fa","false","[""https://industrylogin.ncc.info/RDWeb""]","null","null","null","AzureADMyOrg","[]","null","null","null","[]","[]","[]","null","null","null","null","null","[]","Allow","[""https://industrylogin.ncc.info/"",""https://127.0.0.1:444/applications/default.aspx""]","https://industrylogin.ncc.info/","null","true","false"
"""DebbiTestApp2""","582de885-d4b3-4e6f-b298-6860b38a9bfb","2017-12-06T09:19:15Z","[]","[]","3fef0146-f02b-4a95-baa0-0ba8a4e06cf1","false","[""https://ncconline.onmicrosoft.com/deppitestapp2""]","null","null","null","AzureADMyOrg","[]","null","null","null","[]","[]","[]","null","null","null","null","null","[]","Allow","[""http://localhost/Ncc.Debbi.Web/""]","http://localhost/Ncc.Debbi.Web/","null","true","false"
"""Customer Service Email Sentiment Generator (Microsoft Copilot Studio)""","92e36cc1-727b-4710-a33e-493062310cb8","2026-01-15T19:02:10Z","[]","[]","3ff560db-ed49-4955-83e1-7da2a60d62b1","null","[]","null","null","ncconline.onmicrosoft.com","AzureADMyOrg","[""AIAgentBuilder"",""AgentCreatedBy:CopilotStudio"",""AgenticApp"",""power-virtual-agents-b8f73c5d-cfcb-bfd1-3a70-e3ee8d251663""]","null","null","null","[]","[]","[]","null","null","null","null","null","[]","Allow","[]","null","null","false","false"
"""ar-prod-cmn-ramp-supplierservice24""","d6e9cccf-fbf4-43c3-a796-6c6f38ebe7e2","2024-08-30T09:05:38Z","[]","[]","401a5e71-cb8d-4d80-baef-1470853d77ba","null","[]","null","null","ncconline.onmicrosoft.com","AzureADMyOrg","[]","null","null","null","[]","[]","[]","null","null","null","null","null","[]","Allow","[]","null","null","false","false"
"""D365 Sales Agent - Opportunity Research (Microsoft Copilot Studio)""","6a05f530-31b6-49b0-a567-b81d4da8d0e9","2025-08-18T02:06:31Z","[]","[]","401f349c-d6e4-46df-b8a1-12ca85263f80","null","[]","null","null","ncconline.onmicrosoft.com","AzureADMyOrg","[""AIAgentBuilder"",""AgentCreatedBy:CopilotStudio"",""AgenticApp"",""power-virtual-agents-c41e499e-4225-aae2-e9b5-7ab937e82dbd""]","null","null","null","[]","[]","[]","null","null","null","null","null","[]","Allow","[]","null","null","false","false"
"""AR-Prod-IND-Dynamics-SalesAgreementService""","19e36efb-014a-4247-a142-6834577a9fe0","2021-11-02T16:16:29Z","[]","[{""customKeyIdentifier"":null,""displayName"":""SalesAgreementService_4"",""endDateTime"":""2028-01-15T13:03:57.206Z"",""hint"":""KMx"",""keyId"":""bc45ffa3-d88b-43e0-9f46-61410ce6a2a4"",""startDateTime"":""2026-01-15T13:03:57.206Z"",""secretText"":null},{""customKeyIdentifier"":null,""displayName"":""SalesAgreementService_3"",""endDateTime"":""2026-01-27T09:33:22.252Z"",""hint"":""3x_"",""keyId"":""2c7e4c6c-967d-4c6a-b91c-a62ec0e4791a"",""startDateTime"":""2024-01-28T09:33:22.252Z"",""secretText"":null},{""customKeyIdentifier"":null,""displayName"":""SalesAgreementService"",""endDateTime"":""2023-11-08T14:21:58.789Z"",""hint"":""wNT"",""keyId"":""9236f7db-cdd1-44e1-979b-ca706bbb8056"",""startDateTime"":""2021-11-08T14:21:58.789Z"",""secretText"":null}]","40282ed6-d5bf-4c52-93cc-df1ff8070cea","null","[]","null","null","ncconline.onmicrosoft.com","AzureADMyOrg","[]","null","null","null","[]","[]","[]","null","null","null","null","null","[]","Allow","[]","null","null","false","false"
"""Microsoft Power BI""","ba788e9d-f256-4ca7-a8e3-8e2dd9733f41","2022-10-18T07:38:35Z","[]","[]","40624ba7-3724-429b-a62e-48abac604256","null","[""https://ncconline.onmicrosoft.com/8b59e31c-3787-4210-bc58-a690051f8c9f""]","null","null","ncconline.onmicrosoft.com","AzureADMyOrg","[]","null","null","null","[]","[]","[]","null","null","null","null","null","[]","Allow","[]","null","null","true","false"
"""Customization Agent (Microsoft Copilot Studio)""","e19eb08f-cece-4d7e-97e9-8e2c04ca1b4b","2025-10-17T20:13:48Z","[]","[]","40681006-961e-48c3-bfb1-62333ff0cb89","null","[]","null","null","ncconline.onmicrosoft.com","AzureADMyOrg","[""AIAgentBuilder"",""AgentCreatedBy:CopilotStudio"",""AgenticApp"",""power-virtual-agents-eb220922-e15f-74f3-6fc2-3bb6af8f98f4""]","null","null","null","[]","[]","[]","null","null","null","null","null","[]","Allow","[]","null","null","false","false"
"""ar-test-cmn-cimtools-server""","90863609-809c-4aa5-ae6d-6ad3a34dcff3","2024-01-26T09:23:17Z","[]","[{""customKeyIdentifier"":null,""displayName"":""ClientSecret"",""endDateTime"":""2026-02-26T08:36:17.581Z"",""hint"":""MSp"",""keyId"":""2e6729ea-a1a4-41cc-ae7f-641e492087a3"",""startDateTime"":""2024-02-27T08:36:17.581Z"",""secretText"":null}]","406d2bf2-ebac-452f-8b09-dbc636322d56","null","[""api://90863609-809c-4aa5-ae6d-6ad3a34dcff3""]","null","null","ncconline.onmicrosoft.com","AzureADMyOrg","[]","null","null","null","[]","[{""appId"":""f47663ee-ecec-4590-a280-a09d66df38b4"",""delegatedPermissionIds"":[""e944575c-8dd2-4fed-8cc7-9f5d8ad5783d"",""a4500f07-3ab3-4ef4-a485-890802f6ac87""]},{""appId"":""0efd5d74-d9c9-4f01-a997-8603eda1ce2a"",""delegatedPermissionIds"":[""9c7a9d25-072f-4354-96ab-2f591a357c07"",""a4500f07-3ab3-4ef4-a485-890802f6ac87"",""e944575c-8dd2-4fed-8cc7-9f5d8ad5783d""]}]","[]","null","null","null","null","null","[]","Allow","[]","null","null","false","false"
"""ar-prod-cmn-SC+""","b0b21f4f-697e-4002-b49f-f0d369c23517","2022-10-01T06:59:55Z","[]","[{""customKeyIdentifier"":null,""displayName"":""Access Token 2024"",""endDateTime"":""2026-09-19T14:07:45.921Z"",""hint"":""9vs"",""keyId"":""664bdeb7-2ab5-4a1b-a335-d25bb79eee99"",""startDateTime"":""2024-09-19T14:07:45.921Z"",""secretText"":null},{""customKeyIdentifier"":null,""displayName"":""Access Token"",""endDateTime"":""2024-10-01T07:00:03.018Z"",""hint"":""IfP"",""keyId"":""a6c41a45-9881-4c0c-91bd-9c8ebe32c8d5"",""startDateTime"":""2022-10-01T07:00:03.018Z"",""secretText"":null}]","407734f2-5fe0-4bc7-ba47-f44f52c0543a","null","[]","null","null","ncconline.onmicrosoft.com","AzureADMyOrg","[]","null","null","null","[]","[]","[]","null","null","null","null","null","[]","Allow","[""https://CMNAP141.adroot.net/servlet/OauthServlet""]","null","null","false","false"
"""Customization Agent (Microsoft Copilot Studio)""","aa80ba2c-eaac-4219-a1e5-b8c0550c658b","2025-10-21T19:32:36Z","[]","[]","40885331-f551-492d-a2e6-bc3dc38c986a","null","[]","null","null","ncconline.onmicrosoft.com","AzureADMyOrg","[""AIAgentBuilder"",""AgentCreatedBy:CopilotStudio"",""AgenticApp"",""power-virtual-agents-87d0bee4-afa4-910b-89f0-b340fbae5cf3""]","null","null","null","[]","[]","[]","null","null","null","null","null","[]","Allow","[]","null","null","false","false"
"""ar-dev-cmn-ai-openwebui-auth""","546d5764-3612-4fa5-8173-2e867d2af0fb","2025-06-04T07:39:08Z","[]","[{""customKeyIdentifier"":null,""displayName"":""app-dev-cmn-ai-openwebui"",""endDateTime"":""2026-07-11T07:31:22.807Z"",""hint"":""iwM"",""keyId"":""5c99b223-5801-4af2-a478-b3b735ad26c2"",""startDateTime"":""2025-07-11T07:31:22.807Z"",""secretText"":null}]","40b11608-ff4d-4cda-90fc-4483ed836ab2","null","[]","null","ApplicationGroup","ncconline.onmicrosoft.com","AzureADMyOrg","[]","null","null","null","[]","[]","[]","null","null","null","null","null","[]","Allow","[""https://app-dev-cmn-ai-openwebui.azurewebsites.net/oauth/microsoft/callback""]","null","https://app-pre-cmn-ai-openwebui.azurewebsites.net/logout","false","false"
"""ar-prod-portals-supplierportal""","44942a03-f7c8-4827-bd8f-8db790283429","2025-08-29T11:25:35Z","[]","[{""customKeyIdentifier"":null,""displayName"":""Password uploaded on Wed Sep 10 2025"",""endDateTime"":""2027-03-09T12:09:31.424Z"",""hint"":""3cq"",""keyId"":""ccce0d8e-8065-44c9-bde4-da49f121a622"",""startDateTime"":""2025-09-10T11:09:31.424Z"",""secretText"":null}]","40c22d49-f7b0-42e5-a6c5-d04db923e29e","true","[""api://44942a03-f7c8-4827-bd8f-8db790283429""]","null","null","ncconline.onmicrosoft.com","AzureADMultipleOrgs","[]","null","null","null","[]","[{""appId"":""5ffb49ae-aed9-4ce3-bb34-ee57d151b336"",""delegatedPermissionIds"":[""ae1cac72-57b3-4a10-9c40-20bbcea0fff7""]}]","[]","null","null","null","null","null","[]","Allow","[]","null","null","true","true"
"""ar-prod-cmn-pro3""","1562f2ff-8d2a-4e5b-b34a-be8d72951485","2021-06-03T11:16:54Z","[]","[{""customKeyIdentifier"":null,""displayName"":""Secret 2024"",""endDateTime"":""2026-11-19T12:20:34.146Z"",""hint"":""iFH"",""keyId"":""5f65bfa7-f5db-4f1e-9279-4e96dd9c86aa"",""startDateTime"":""2024-11-19T12:20:34.146Z"",""secretText"":null},{""customKeyIdentifier"":null,""displayName"":""auth token prod"",""endDateTime"":""2024-11-17T08:09:11.674Z"",""hint"":""A7Z"",""keyId"":""863986d5-03ae-41cc-ade3-6233f4b7da09"",""startDateTime"":""2022-11-17T08:09:11.674Z"",""secretText"":null}]","40fdde14-fe10-4f00-abd3-d4dec78e7220","null","[""api://1562f2ff-8d2a-4e5b-b34a-be8d72951485""]","null","ApplicationGroup","ncconline.onmicrosoft.com","AzureADMyOrg","[]","null","null","null","[]","[]","[]","null","null","null","null","null","[]","Allow","[]","null","null","true","true"
"""Customer Service Copilot Bot (Power Virtual Agents)""","204b9d53-4279-4a3b-b57b-103f15fb8963","2024-05-04T09:44:06Z","[]","[]","4105233a-5b9b-47a9-a069-4142beefa333","null","[]","null","null","ncconline.onmicrosoft.com","AzureADMultipleOrgs","[""AIAgentBuilder"",""AgentCreatedBy:CopilotStudio"",""AgenticApp"",""power-virtual-agents-addd61cc-9715-4ac2-89e0-33ae2dfce5d7""]","null","null","null","[]","[]","[]","null","null","null","null","null","[]","Allow","[]","null","null","false","false"
"""Galicia Frontline Bot (Power Virtual Agents)""","ee1065b3-da63-4830-b1d8-c77b26c5954f","2024-07-08T20:14:15Z","[]","[]","410898e5-ae4c-480a-a20f-779ab5251e06","null","[]","null","null","ncconline.onmicrosoft.com","AzureADMultipleOrgs","[""AIAgentBuilder"",""AgentCreatedBy:CopilotStudio"",""AgenticApp"",""power-virtual-agents-4900f971-55f6-1cec-72c8-d5f940e0f9e0""]","null","null","null","[]","[]","[]","null","null","null","null","null","[]","Allow","[]","null","null","false","false"
"""ar-prod-cmn-tagetik""","ddbd7e55-7f11-437f-b3c4-08d482f37dac","2025-09-16T15:00:30Z","[]","[]","410ae80d-5424-49ab-8d5e-5e7a7db89fb1","null","[]","null","null","ncconline.onmicrosoft.com","AzureADMyOrg","[]","null","null","null","[]","[]","[]","null","null","null","null","null","[]","Allow","[]","null","null","false","false"
"""wa-test-bui-constructionconnector-client""","efdb8373-a101-4869-b281-22ba8a12580c","2022-12-05T09:04:37Z","[]","[]","41273f00-ed20-479b-9db6-6ce1080d2c69","null","[]","null","null","ncconline.onmicrosoft.com","AzureADMyOrg","[]","null","null","null","[]","[]","[]","null","null","null","null","null","[]","Allow","[]","null","null","false","false"
"""Orbit""","c8129274-4645-4a0f-a831-a2df3d8717af","2020-09-15T14:24:23Z","[]","[]","412d85cf-d63a-477e-9651-f42fdf8e1bf7","false","[""https://ncc.orbit.online""]","null","null","ncconline.onmicrosoft.com","AzureADMyOrg","[]","null","null","null","[]","[]","[]","null","null","null","null","null","[]","Allow","[""https://ncc.orbit.online/auth/saml/consume""]","https://account.activedirectory.windowsazure.com:444/applications/default.aspx?metadata=customappsso|ISV9.1|primary|z","https://ncc.orbit.online/auth/saml/consume","true","false"
"""sqlmi-prod-cmn-qualiware principal""","20046772-7578-4de4-bcf0-756174e16a5c","2022-03-03T13:59:59Z","[{""customKeyIdentifier"":""A2D40047B1071524390ACDEF4AE84CB7D4E5B81E"",""displayName"":""CN=service-principal.ac1908e7ea8c.database.windows.net, O=Microsoft Corporation, L=Redmond"",""endDateTime"":""2026-05-13T05:06:47Z"",""keyId"":""b6a4b91b-d052-4495-99be-d88b4b2621e2"",""startDateTime"":""2025-11-14T05:06:47Z"",""type"":""AsymmetricX509Cert"",""usage"":""Verify"",""key"":null}]","[]","41563f9b-c56e-4ed3-8e41-a97d68b67f14","null","[""api://d04499d5-2857-4e28-9177-6e949859db83/MSSQLSvc/sqlmi-prod-cmn-qualiware.ac1908e7ea8c.database.windows.net:1433"",""api://d04499d5-2857-4e28-9177-6e949859db83/MSSQLSvc/sqlmi-prod-cmn-qualiware.internal.ac1908e7ea8c.database.windows.net:1433"",""api://d04499d5-2857-4e28-9177-6e949859db83/MSSQLSvc/sqlmi-prod-cmn-qualiware.privatelink.ac1908e7ea8c.database.windows.net:1433"",""api://d04499d5-2857-4e28-9177-6e949859db83/MSSQLSvc/sqlmi-prod-cmn-qualiware.public.ac1908e7ea8c.database.windows.net:3342"",""api://d04499d5-2857-4e28-9177-6e949859db83/MSSQLSvc/sqlmi-prod-cmn-qualiware.public.internal.ac1908e7ea8c.database.windows.net:3342"",""api://d04499d5-2857-4e28-9177-6e949859db83/MSSQLSvc/sqlmi-prod-cmn-qualiware.public.internal.ac1908e7ea8c.database.windows.net:1433""]","null","SecurityGroup","ncconline.onmicrosoft.com","AzureADMyOrg","[""KerberosPolicy:ExchangeForJwt""]","null","1","null","[]","[]","[]","null","null","null","null","null","[]","Allow","[]","null","null","false","false"
"""Agent 1 (Microsoft Copilot Studio)""","a94d2a0b-4fec-48a5-8e98-0639f602200b","2025-11-11T14:25:16Z","[]","[]","4169db1e-d5fd-4531-8859-1130e7542af4","null","[]","null","null","ncconline.onmicrosoft.com","AzureADMyOrg","[""AIAgentBuilder"",""AgentCreatedBy:CopilotStudio"",""AgenticApp"",""power-virtual-agents-a7e3be13-cb7b-1bbd-11b2-500fb829ca58""]","null","null","null","[]","[]","[]","null","null","null","null","null","[]","Allow","[]","null","null","false","false"
"""ar-prod-cmn-ramp-supplierservice""","15f76e6a-6883-4524-ad41-67c8a9c22416","2024-10-14T13:38:29Z","[]","[{""customKeyIdentifier"":null,""displayName"":""Ramp-AppReg-ClientSecret"",""endDateTime"":""2026-12-02T15:39:58.996Z"",""hint"":""qrn"",""keyId"":""25c91858-358c-43d2-8f84-9cc24f94feaf"",""startDateTime"":""2024-12-02T15:39:58.996Z"",""secretText"":null}]","417a49f2-a9bd-4ad6-bab2-71807d56d9cd","null","[]","null","null","ncconline.onmicrosoft.com","AzureADMyOrg","[]","null","null","null","[]","[]","[]","null","null","null","null","null","[]","Allow","[]","null","null","false","false"
"""Handläggare (Microsoft Copilot Studio)""","72fb3437-c95d-4303-ac17-d59dec76ea02","2026-01-30T09:27:19Z","[]","[]","417e686e-c65f-49bd-a7f3-a76f0a286eeb","null","[]","null","null","ncconline.onmicrosoft.com","AzureADMyOrg","[""AIAgentBuilder"",""AgentCreatedBy:CopilotStudio"",""AgenticApp"",""power-virtual-agents-bc315dd3-6250-692b-1051-a132d2ed63be""]","null","null","null","[]","[]","[]","null","null","null","null","null","[]","Allow","[]","null","null","false","false"
"""wa-test-bui-constructionconnector-server""","64d52753-7615-455f-bd2d-9bada640dcdb","2022-12-05T09:10:07Z","[]","[{""customKeyIdentifier"":null,""displayName"":""ClientSecret"",""endDateTime"":""2026-11-25T08:10:44.194Z"",""hint"":""hrL"",""keyId"":""526a9d2c-f405-4455-9c3f-5f2b8adb5ce9"",""startDateTime"":""2024-11-25T08:10:44.194Z"",""secretText"":null}]","4183c883-6ece-4b29-b236-4d09477d23c5","null","[""api://64d52753-7615-455f-bd2d-9bada640dcdb""]","null","null","ncconline.onmicrosoft.com","AzureADMyOrg","[]","null","null","null","[]","[{""appId"":""1f97ea9b-1cbc-436b-8e5c-c2be2bdce125"",""delegatedPermissionIds"":[""1f517127-3cc8-4f7d-b437-b6106b6bde45""]},{""appId"":""efdb8373-a101-4869-b281-22ba8a12580c"",""delegatedPermissionIds"":[""6bbdd562-bc01-4aa0-adcc-1e836c48f95a""]}]","[]","null","null","null","null","null","[]","Allow","[]","null","null","false","false"
"""ar-test-cmn-ramp-nccportals""","d8e2acb1-24cc-4c81-bd00-8cd2989d62fa","2025-08-08T11:23:50Z","[]","[{""customKeyIdentifier"":null,""displayName"":""Ramp-AppReg-ClientSecret"",""endDateTime"":""2027-08-12T14:27:23.346Z"",""hint"":""NH0"",""keyId"":""536fab6e-a8bb-43fd-bc2b-d761b5b65923"",""startDateTime"":""2025-08-12T14:27:23.346Z"",""secretText"":null}]","4195bb60-a506-4d25-8d4c-b91993868618","null","[]","null","null","ncconline.onmicrosoft.com","AzureADMyOrg","[]","null","null","null","[]","[]","[]","null","null","null","null","null","[]","Allow","[]","null","null","false","false"
"""CSKnowledgeHarvestV2 (Microsoft Copilot Studio)""","997e5bf7-e65f-499d-9876-10d166196761","2024-12-02T08:08:40Z","[]","[]","41afd776-02a3-4d01-83fc-07acd8a4ec24","null","[]","null","null","ncconline.onmicrosoft.com","AzureADMultipleOrgs","[""AIAgentBuilder"",""AgentCreatedBy:CopilotStudio"",""AgenticApp"",""power-virtual-agents-ea41d7bd-9919-0343-8a57-cc2ede449bde""]","null","null","null","[]","[]","[]","null","null","null","null","null","[]","Allow","[]","null","null","false","false"
"""ar-trcb-gl-tranx-adapter""","f1b387d6-80c6-41ae-8e4b-5b36efeedf03","2025-11-26T13:31:36Z","[]","[{""customKeyIdentifier"":null,""displayName"":""IFSAdapter"",""endDateTime"":""2027-12-16T14:20:18.051Z"",""hint"":""-5o"",""keyId"":""67ea7c5b-d827-4882-9572-1e72d3675618"",""startDateTime"":""2025-12-16T14:20:18.051Z"",""secretText"":null},{""customKeyIdentifier"":null,""displayName"":""IFSAdapter"",""endDateTime"":""2027-11-26T14:58:32.039Z"",""hint"":""Erp"",""keyId"":""fbc7d0cf-1b40-4e68-ba4a-f7e21effd1d8"",""startDateTime"":""2025-11-26T14:58:32.039Z"",""secretText"":null}]","41c5f5b7-2e2d-46e3-85fe-c956ae9efc7b","null","[]","null","null","ncconline.onmicrosoft.com","AzureADMyOrg","[]","null","null","null","[]","[]","[]","null","null","null","null","null","[]","Allow","[]","null","null","false","false"
"""ar-prod-coreFinance-dataMigrationDeployer""","92c9b3e8-eb50-4aa7-bb5c-e4b1baba20b1","2025-07-03T08:34:06Z","[]","[{""customKeyIdentifier"":null,""displayName"":""Key Vault Secret"",""endDateTime"":""2027-08-06T08:44:01.863Z"",""hint"":""tTY"",""keyId"":""fc4b1c54-7437-460c-822b-24c56a889fe8"",""startDateTime"":""2025-08-06T08:44:01.863Z"",""secretText"":null}]","41c8173a-3e61-4879-989e-b04187ad0d22","null","[]","null","null","ncconline.onmicrosoft.com","AzureADMyOrg","[]","null","null","null","[]","[]","[]","null","null","null","null","null","[]","Allow","[]","null","null","false","false"
"""ar-uat-cmn-contract-management-ext-fileupload-client""","84125a46-0435-469d-9862-e50a49cba7c1","2024-09-26T18:52:10Z","[]","[]","41e949ee-2ccb-4bf9-bd30-7a355fd0b809","null","[]","null","null","ncconline.onmicrosoft.com","AzureADMyOrg","[]","null","null","null","[]","[]","[]","null","null","null","null","null","[]","Allow","[]","null","null","false","false"
"""Asiakaspalveluavustaja (Microsoft Copilot Studio)""","bd8ab1c3-4aff-4d22-9b94-c3334b0213b6","2025-03-26T10:05:42Z","[]","[]","41f4067e-0dc7-4a04-99ec-b2ab0fe08e23","null","[]","null","null","ncconline.onmicrosoft.com","AzureADMyOrg","[""AIAgentBuilder"",""AgentCreatedBy:CopilotStudio"",""AgenticApp"",""power-virtual-agents-a7de5420-3f32-980d-dcca-fc0d8397e1c9""]","null","null","null","[]","[]","[]","null","null","null","null","null","[]","Allow","[]","null","null","false","false"
"""Feedback Agent (Microsoft Copilot Studio)""","58da6df1-5854-4dba-85df-27b2ae6cbaee","2025-04-09T11:28:45Z","[]","[]","41f4371b-0653-49a2-8407-0a26a315ef4c","null","[]","null","null","ncconline.onmicrosoft.com","AzureADMyOrg","[""AIAgentBuilder"",""AgentCreatedBy:CopilotStudio"",""AgenticApp"",""power-virtual-agents-d71afce5-0065-abf6-82e1-8892406e713e""]","null","null","null","[]","[]","[]","null","null","null","null","null","[]","Allow","[]","null","null","false","false"
"""NCC Webshop""","cd998c97-d16f-4392-8e82-f67955d2e680","2018-05-22T07:42:48Z","[]","[]","41fb5d9f-293e-4eee-baa6-262e04b8f098","false","[""https://ncconline.onmicrosoft.com/2b88c13b-c7d4-4166-a4b1-91e28a309697""]","null","SecurityGroup","null","AzureADMyOrg","[]","null","null","null","[]","[]","[]","null","null","null","null","null","[]","Allow","[""https://dev.webshop.ncc.group/signin-oidc"",""https://test.webshop.ncc.group/signin-oidc"",""https://wa-feat-cmn-webshop.ase02.ncc.info/signin-oidc"",""https://localhost:44337/signin-oidc"",""https://wa-dev-cmn-webshop.ase02.ncc.info/signin-oidc"",""https://wa-test-cmn-webshop.ase02.ncc.info/signin-oidc"",""https://webshop.ncc.group/signin-oidc"",""https://wa-prod-cmn-webshop.ase02.ncc.info/signin-oidc"",""https://wa-prod-cmn-webshop-pre-prod.ase02.ncc.info/signin-oidc""]","https://webshop.ncc.group","null","true","false"
"""ar-test-cmn-ramp-cimtools""","4b5bd05f-b2b1-49be-a67d-e7eccd7dc9f4","2024-07-24T07:39:50Z","[]","[{""customKeyIdentifier"":null,""displayName"":""Ramp-AppReg-ClientSecret"",""endDateTime"":""2026-08-19T14:05:21.235Z"",""hint"":""W~b"",""keyId"":""dd48dfc1-68f1-416c-b786-9a5007148464"",""startDateTime"":""2024-08-19T14:05:21.235Z"",""secretText"":null}]","42548afa-42e4-4c0a-ab61-c395fe362d8d","null","[]","null","null","ncconline.onmicrosoft.com","AzureADMyOrg","[]","null","null","null","[]","[]","[]","null","null","null","null","null","[]","Allow","[]","null","null","false","false"
"""Supplier Communications Agent - inbound (Microsoft Copilot Studio)""","b78485f8-3f4b-412c-ad1f-a7bce1569dad","2025-04-28T08:16:56Z","[]","[]","425a18ca-6a91-46ca-bdb8-bd76d65381e8","null","[]","null","null","ncconline.onmicrosoft.com","AzureADMyOrg","[""AIAgentBuilder"",""AgentCreatedBy:CopilotStudio"",""AgenticApp"",""power-virtual-agents-d708b944-8f85-b22f-e847-86afc44d2afa""]","null","null","null","[]","[]","[]","null","null","null","null","null","[]","Allow","[]","null","null","false","false"
"""ar-test-cmn-APIMBackend""","9cee65d0-a449-4325-9424-23e1240afd12","2022-05-19T09:30:12Z","[]","[{""customKeyIdentifier"":null,""displayName"":""Password uploaded on Wed Jan 04 2023"",""endDateTime"":""2023-07-04T12:29:46.002Z"",""hint"":""GGh"",""keyId"":""b737986d-6ceb-4443-b863-5db7d13b2bc0"",""startDateTime"":""2023-01-04T13:29:46.002Z"",""secretText"":null},{""customKeyIdentifier"":null,""displayName"":""AccessKey"",""endDateTime"":""2022-08-30T12:01:31.763Z"",""hint"":""eGR"",""keyId"":""be2428d7-02ee-4347-ab41-a91b47ded58d"",""startDateTime"":""2022-05-30T12:01:31.763Z"",""secretText"":null}]","4276ff67-7366-41aa-8b4d-556914fd3a1d","null","[""api://9cee65d0-a449-4325-9424-23e1240afd12""]","null","null","ncconline.onmicrosoft.com","AzureADMyOrg","[]","null","2","null","[]","[{""appId"":""c90883ff-1303-4efd-ab96-07dda90d5e55"",""delegatedPermissionIds"":[""3f735d39-f957-41f6-b2b6-f813d4b634a2""]}]","[]","null","null","null","null","null","[]","Allow","[]","null","null","false","false"
"""ncc-tfs-NCC-prod-cmn-appiot-536512e6-44e5-4e9a-849a-33131501e63f""","8ce68e48-2bd4-446c-be20-52c9cea8ad3f","2018-01-10T12:32:57Z","[]","[{""customKeyIdentifier"":null,""displayName"":null,""endDateTime"":""2020-01-10T12:32:57.4009692Z"",""hint"":null,""keyId"":""02cfddfa-5afe-4eed-8032-72b122ac97f7"",""startDateTime"":""2018-01-10T12:32:57.4009692Z"",""secretText"":null}]","42827011-a3ae-4a22-968b-f6b6ba58de0f","null","[""https://VisualStudio/SPN48e56bca-c525-4f49-9e4e-69a05c0ed383""]","null","null","null","AzureADMyOrg","[]","null","null","null","[]","[]","[]","null","null","null","null","null","[]","Allow","[""https://VisualStudio/SPN""]","https://VisualStudio/SPN","null","true","false"
"""ar-dev-cmn-automationapp-poc""","96e98044-fdcf-4e4f-81f8-55269534b9de","2022-04-28T11:15:07Z","[]","[{""customKeyIdentifier"":null,""displayName"":""automize app poc"",""endDateTime"":""2026-05-06T07:02:49.373Z"",""hint"":"".nQ"",""keyId"":""8029d15d-e92b-4449-8929-3df42ea95691"",""startDateTime"":""2025-05-06T07:02:49.373Z"",""secretText"":null},{""customKeyIdentifier"":null,""displayName"":""servicenow poc"",""endDateTime"":""2025-04-30T07:05:15.252Z"",""hint"":""UXo"",""keyId"":""fcbe3502-817a-4c88-93b2-bad58377aa96"",""startDateTime"":""2023-11-02T08:05:15.252Z"",""secretText"":null},{""customKeyIdentifier"":null,""displayName"":""servicenow poc 04-2022"",""endDateTime"":""2023-04-28T11:16:46.697Z"",""hint"":""3fr"",""keyId"":""a249280f-01f1-4a2d-be6e-bdcfa73bc59e"",""startDateTime"":""2022-04-28T11:16:46.697Z"",""secretText"":null}]","42b581c8-0c3a-4497-b2ab-cac7fe210c8a","null","[]","null","null","ncconline.onmicrosoft.com","AzureADMyOrg","[]","null","null","null","[]","[]","[]","null","null","null","null","null","[]","Allow","[]","null","null","false","false"
"""wa-prod-cdk-issueservice-building-dk""","8f8c5223-bb98-45c0-ada8-60f2c8ec7ebe","2017-01-25T14:33:20Z","[]","[{""customKeyIdentifier"":""RABPAFMAIAAyADAAMQA5AC0AMAAxAC0AMgA3AA=="",""displayName"":null,""endDateTime"":""2299-12-30T23:00:00Z"",""hint"":null,""keyId"":""8eb486af-c180-4d94-a70e-8c02de9a6dba"",""startDateTime"":""2019-01-28T14:03:52.9957645Z"",""secretText"":null},{""customKeyIdentifier"":null,""displayName"":null,""endDateTime"":""2019-01-25T14:35:47.181Z"",""hint"":null,""keyId"":""74b1198f-8632-482d-9922-3bf3a65925e6"",""startDateTime"":""2017-01-25T14:36:04.3657931Z"",""secretText"":null}]","430fa7aa-af27-45e8-a63d-e13b220072c2","false","[""https://wa-prod-cdk-issueservice-building-dk""]","null","null","null","AzureADMyOrg","[]","null","null","null","[]","[]","[]","null","null","null","null","null","[]","Allow","[""http://wa-prod-cdk-issueservice.azurewebsites.net""]","http://wa-prod-cdk-issueservice.azurewebsites.net","null","true","false"
"""D365 Sales Agent - Opportunity Research (Microsoft Copilot Studio)""","8bcfafb3-839c-47d0-ab46-127383fe0372","2025-08-17T18:51:25Z","[]","[]","43346f76-b7dd-467e-8ebd-47d60f94514b","null","[]","null","null","ncconline.onmicrosoft.com","AzureADMyOrg","[""AIAgentBuilder"",""AgentCreatedBy:CopilotStudio"",""AgenticApp"",""power-virtual-agents-9dadb89b-d6ea-11d8-bda4-a7997b1182cb""]","null","null","null","[]","[]","[]","null","null","null","null","null","[]","Allow","[]","null","null","false","false"
"""sc-ind-digitalcallout""","678915cc-cf2d-48db-89b6-186e3cee8fd5","2019-09-18T10:46:21Z","[]","[{""customKeyIdentifier"":null,""displayName"":""DevOps2025"",""endDateTime"":""2027-06-06T06:55:31.219Z"",""hint"":""z8y"",""keyId"":""49c482a9-da07-4a39-b5b0-25e30558ff41"",""startDateTime"":""2025-06-06T06:55:31.219Z"",""secretText"":null},{""customKeyIdentifier"":null,""displayName"":""NewDevOps2025"",""endDateTime"":""2027-05-01T06:06:26.659Z"",""hint"":""o5D"",""keyId"":""fbb9c43e-bcc7-4d9e-9f5b-0450b98e7761"",""startDateTime"":""2025-05-01T06:06:26.659Z"",""secretText"":null}]","4359f615-837e-43d0-9221-cb0797de319b","null","[]","null","null","ncconline.onmicrosoft.com","AzureADMyOrg","[]","null","null","null","[]","[]","[]","null","null","null","null","null","[]","Allow","[]","null","null","false","false"
"""NCC Chatbot FI (test) (Power Virtual Agents)""","a5dd26a5-7c39-4fbb-b449-aca1655244c4","2023-08-23T13:06:33Z","[]","[]","4363b3d1-c35c-4b19-8fb6-3ede8488a59f","null","[]","null","null","ncconline.onmicrosoft.com","AzureADMultipleOrgs","[""AIAgentBuilder"",""AgentCreatedBy:CopilotStudio"",""AgenticApp"",""power-virtual-agents-3a4fb7ba-358e-4a44-af3f-083561aa2646""]","null","null","null","[]","[]","[]","null","null","null","null","null","[]","Allow","[]","null","null","false","false"
"""ncc-tfs-NCC-prod-cmn-appiot-536512e6-44e5-4e9a-849a-33131501e63f""","d86cbe80-e46c-4e01-80fd-e36539405270","2018-02-12T12:31:46Z","[]","[{""customKeyIdentifier"":null,""displayName"":null,""endDateTime"":""2020-02-12T12:31:45.858719Z"",""hint"":null,""keyId"":""539155f6-6965-4698-a916-9bd6f32f3ad2"",""startDateTime"":""2018-02-12T12:31:45.858719Z"",""secretText"":null}]","43c1ed27-c01d-45d5-8ef5-bc3f82d52d97","null","[""https://VisualStudio/SPN660f8433-5bd6-4c1a-9a94-85374cd7a477""]","null","null","null","AzureADMyOrg","[]","null","null","null","[]","[]","[]","null","null","null","null","null","[]","Allow","[""https://VisualStudio/SPN""]","https://VisualStudio/SPN","null","true","false"
"""ar-test-cmn-contract-management-opportunity-won""","6281d90c-498d-41f9-922d-2b54cc23f064","2022-10-17T20:59:18Z","[]","[]","43defdbf-c82c-466c-a887-5b7c9adc644f","null","[""api://test.cm.opportunity.won.ncc.se""]","null","null","ncconline.onmicrosoft.com","AzureADMyOrg","[]","null","2","null","[]","[]","[]","null","null","null","null","null","[]","Allow","[]","null","null","false","false"
"""ar-prod-cmn-yammerMigPrep""","6806d1a0-b51c-4d19-be02-dd1954b0eb31","2024-10-08T20:39:23Z","[]","[]","43e9fda1-58e1-443b-8287-29bde0f23762","null","[]","null","null","ncconline.onmicrosoft.com","AzureADMyOrg","[]","null","null","null","[]","[]","[]","null","null","null","null","null","[]","Allow","[]","null","null","false","false"
"""ar-dev-cmn-ramp-tem""","3e58ff8c-1c58-4e57-890d-165f554a0f47","2025-09-25T08:55:46Z","[]","[{""customKeyIdentifier"":null,""displayName"":""Ramp-AppReg-ClientSecret"",""endDateTime"":""2026-09-25T08:58:47.335Z"",""hint"":""RFx"",""keyId"":""eae2162b-0329-450d-87e4-cde1c7db6bc5"",""startDateTime"":""2025-09-25T08:58:47.335Z"",""secretText"":null}]","43f2c162-5e1d-4353-ae29-7258170617e8","null","[]","null","null","ncconline.onmicrosoft.com","AzureADMyOrg","[]","null","null","null","[]","[]","[]","null","null","null","null","null","[]","Allow","[]","null","null","false","false"
"""ar-prod-cmn-nhip""","a27e3ec0-97e5-47d0-aaaa-e5d1738b4cd7","2020-07-06T07:28:54Z","[]","[{""customKeyIdentifier"":null,""displayName"":""br-ramp"",""endDateTime"":""2027-10-08T15:04:09.991Z"",""hint"":""Ded"",""keyId"":""bab7cd2e-633e-415d-b1e2-d8aa8b498c20"",""startDateTime"":""2025-10-08T15:04:09.991Z"",""secretText"":null},{""customKeyIdentifier"":null,""displayName"":""gr-ramp"",""endDateTime"":""2027-09-22T11:12:56.262Z"",""hint"":""1yu"",""keyId"":""8fc72d94-5eb8-46fb-8925-63245a0d009d"",""startDateTime"":""2025-09-22T11:12:56.262Z"",""secretText"":null},{""customKeyIdentifier"":null,""displayName"":""nhip-servicebus"",""endDateTime"":""2027-09-18T13:22:09.4Z"",""hint"":""BvB"",""keyId"":""112d1c85-20ec-4857-89af-f9e50e1ac8d8"",""startDateTime"":""2025-09-18T13:22:09.4Z"",""secretText"":null},{""customKeyIdentifier"":null,""displayName"":""cds-ramp"",""endDateTime"":""2027-06-23T07:40:06.633Z"",""hint"":""mOq"",""keyId"":""c1aba2b4-5672-49a1-a567-166fc1d2efef"",""startDateTime"":""2025-06-23T07:40:06.633Z"",""secretText"":null},{""customKeyIdentifier"":null,""displayName"":""globalid-service"",""endDateTime"":""2027-04-15T08:25:39.698Z"",""hint"":""Hoj"",""keyId"":""e25086c5-482d-45c0-8934-a2bfd0087151"",""startDateTime"":""2025-04-15T08:25:39.698Z"",""secretText"":null},{""customKeyIdentifier"":null,""displayName"":""la-prod-cvreference"",""endDateTime"":""2299-12-30T22:00:00Z"",""hint"":""BIN"",""keyId"":""1bc9162f-d2c7-481a-8c30-78cc2d793d10"",""startDateTime"":""2020-09-15T17:42:17.073Z"",""secretText"":null}]","43f7e226-3854-43a5-be87-7c4d8c7dcb67","null","[]","null","null","ncconline.onmicrosoft.com","AzureADMyOrg","[]","null","null","null","[]","[]","[]","null","null","null","null","null","[]","Allow","[]","null","null","false","false"
"""as-prod-ind-samples""","4cc8db75-0f46-4e02-b592-93cd43657163","2021-09-06T06:43:11Z","[]","[]","44074f45-0635-4919-984b-eeb0018605e7","null","[]","null","null","ncconline.onmicrosoft.com","AzureADMyOrg","[]","null","null","null","[]","[]","[]","null","null","null","null","null","[]","Allow","[]","null","null","false","false"
"""Sales Close Agent - Account Research (Microsoft Copilot Studio)""","28f5ce42-3a61-4890-9d79-eb6ab456da97","2026-01-25T02:11:48Z","[]","[]","44414b56-7ac7-4303-b829-21d44eedc9ad","null","[]","null","null","ncconline.onmicrosoft.com","AzureADMyOrg","[""AIAgentBuilder"",""AgentCreatedBy:CopilotStudio"",""AgenticApp"",""power-virtual-agents-79447c2d-4c54-9cdd-d745-0d9065528d8c""]","null","null","null","[]","[]","[]","null","null","null","null","null","[]","Allow","[]","null","null","false","false"
"""GAIA Byggeprogramgranskning (Microsoft Copilot Studio)""","6fabdc32-3960-4c90-837e-c89cd1dbdd01","2025-09-18T10:21:20Z","[]","[]","4453af1b-5831-4543-85d7-a32b6c291b17","null","[]","null","null","ncconline.onmicrosoft.com","AzureADMyOrg","[""AIAgentBuilder"",""AgentCreatedBy:CopilotStudio"",""AgenticApp"",""power-virtual-agents-fa6165a0-076d-0021-a8b4-de98fa6c7871""]","null","null","null","[]","[]","[]","null","null","null","null","null","[]","Allow","[]","null","null","false","false"
"""ar-dev-cmn-powerbi-constructionconnector""","69488d1d-ea32-455c-934c-fbf5e4ae3c08","2021-03-03T12:31:04Z","[]","[{""customKeyIdentifier"":null,""displayName"":""Password uploaded on Wed Mar 03 2021"",""endDateTime"":""2023-03-03T15:17:22.454Z"",""hint"":""E-A"",""keyId"":""df604771-b3fd-412c-abc6-e4ac71e47372"",""startDateTime"":""2021-03-03T15:17:26.267Z"",""secretText"":null}]","446980c1-13eb-41a9-a44c-201f483fe928","null","[]","null","null","ncconline.onmicrosoft.com","AzureADMyOrg","[]","null","null","null","[]","[]","[]","null","null","null","null","null","[]","Allow","[""https://localhost:44322"",""https://localhost:44365""]","null","null","false","false"
"""Customer Service Copilot Bot (Power Virtual Agents)""","86c84671-58ce-4e0e-8d1b-42a5aab22f2d","2024-04-14T21:48:22Z","[]","[]","4472ad59-c120-4a4c-84eb-204cec1cd39a","null","[]","null","null","ncconline.onmicrosoft.com","AzureADMultipleOrgs","[""AIAgentBuilder"",""AgentCreatedBy:CopilotStudio"",""AgenticApp"",""power-virtual-agents-3d96e8d6-457b-491e-8d67-60faed3a08a3""]","null","null","null","[]","[]","[]","null","null","null","null","null","[]","Allow","[]","null","null","false","false"
"""Handläggare (Microsoft Copilot Studio)""","0bb19f4c-4ce5-4041-b2c8-3dfd58b56b77","2025-03-10T08:48:53Z","[]","[]","4486aedc-442b-4703-9a41-b9d5f99d844a","null","[]","null","null","ncconline.onmicrosoft.com","AzureADMyOrg","[""AIAgentBuilder"",""AgentCreatedBy:CopilotStudio"",""AgenticApp"",""power-virtual-agents-92987576-49c7-be2b-1bec-e72e6e90a151""]","null","null","null","[]","[]","[]","null","null","null","null","null","[]","Allow","[]","null","null","false","false"
"""wa-poc-ind-openai03""","8bfe0c76-dc14-473c-88df-460e306a064d","2023-10-04T11:12:26Z","[]","[{""customKeyIdentifier"":null,""displayName"":""WebAppSecret"",""endDateTime"":""2025-10-04T11:12:26.9302944Z"",""hint"":""vt~"",""keyId"":""ecbf676d-145a-413e-94b4-3040e4196264"",""startDateTime"":""2023-10-04T11:12:26.9302944Z"",""secretText"":null}]","448f6025-a8a7-4583-8fc8-34d26f8e2d53","null","[]","null","null","ncconline.onmicrosoft.com","AzureADMyOrg","[]","null","null","null","[]","[]","[]","null","null","null","null","null","[]","Allow","[""https://wa-poc-ind-openai03.azurewebsites.net/.auth/login/aad/callback""]","https://wa-poc-ind-openai03.azurewebsites.net","null","true","false"
"""ar-test-cmn-uam-servicenow-client""","467602b4-0941-487a-88e7-4a09a6797c5d","2024-06-11T12:41:43Z","[]","[{""customKeyIdentifier"":null,""displayName"":""Clearskye Connector in SN-SEALEJOO-2025-11-24"",""endDateTime"":""2027-11-24T09:44:56.454Z"",""hint"":""yKz"",""keyId"":""5303c972-17a0-469a-9183-85a304a49a37"",""startDateTime"":""2025-11-24T09:44:56.454Z"",""secretText"":null},{""customKeyIdentifier"":null,""displayName"":""Clearskye Connector in SN"",""endDateTime"":""2025-12-08T13:41:59.872Z"",""hint"":""3qZ"",""keyId"":""d4d4180c-ca27-4e1b-9b03-090409d9073a"",""startDateTime"":""2024-06-11T12:41:59.872Z"",""secretText"":null}]","4496118c-814b-4d15-9641-8854d08c3dcd","null","[]","null","null","ncconline.onmicrosoft.com","AzureADMyOrg","[]","null","null","null","[]","[]","[]","null","null","null","null","null","[]","Allow","[]","null","null","false","false"
"""ar-uat-cmn-contrMgmt-siteCreation""","d6376957-8c3d-4dd3-8030-9d83036daf08","2022-10-26T09:31:39Z","[{""customKeyIdentifier"":""035C5CFC824F3DE5A00BEB9149575BBA4DC3B2AA"",""displayName"":""CN=localhost, OU=BT251, O=Accigo, L=Stockholm, S=Stockholm, C=se"",""endDateTime"":""2027-02-19T15:52:36Z"",""keyId"":""358bba65-7a7e-4d32-a649-76c8ce223381"",""startDateTime"":""2025-02-19T15:42:36Z"",""type"":""AsymmetricX509Cert"",""usage"":""Verify"",""key"":null}]","[]","44dddb49-1656-4597-af00-704380aa0625","null","[]","null","null","ncconline.onmicrosoft.com","AzureADMyOrg","[]","null","null","null","[]","[]","[]","null","null","null","null","null","[]","Allow","[]","null","null","false","false"
"""D365 Sales Agent - Research (Microsoft Copilot Studio)""","695f0586-a8a4-4f36-b412-acb559c99f6e","2025-10-21T19:32:48Z","[]","[]","44df293f-5420-4806-b772-5562a416c399","null","[]","null","null","ncconline.onmicrosoft.com","AzureADMyOrg","[""AIAgentBuilder"",""AgentCreatedBy:CopilotStudio"",""AgenticApp"",""power-virtual-agents-1d16e13c-8fb3-c6b8-6178-2f700c6b0eaf""]","null","null","null","[]","[]","[]","null","null","null","null","null","[]","Allow","[]","null","null","false","false"
"""D365 Sales Agent - Email Validation (Microsoft Copilot Studio)""","ad8ad693-44c4-401c-a5ea-4660603bec17","2025-06-10T09:20:50Z","[]","[]","44e8ac8c-bad7-443a-9145-9684d6b3013a","null","[]","null","null","ncconline.onmicrosoft.com","AzureADMyOrg","[""AIAgentBuilder"",""AgentCreatedBy:CopilotStudio"",""AgenticApp"",""power-virtual-agents-a001af48-33f5-4806-9385-fb10947db6fa""]","null","null","null","[]","[]","[]","null","null","null","null","null","[]","Allow","[]","null","null","false","false"
"""Sales Close Agent - Compete Research (Microsoft Copilot Studio)""","874b98fe-eb1b-4af8-ae19-25c4c017d3cf","2026-01-30T18:52:03Z","[]","[]","453b75f3-b106-4dd8-9e63-f2c3ebbcc744","null","[]","null","null","ncconline.onmicrosoft.com","AzureADMyOrg","[""AIAgentBuilder"",""AgentCreatedBy:CopilotStudio"",""AgenticApp"",""power-virtual-agents-870aa4cc-76f3-ffb6-22c1-63470a0b353d""]","null","null","null","[]","[]","[]","null","null","null","null","null","[]","Allow","[]","null","null","false","false"
"""ar-test-ind-co2""","110f6539-cc73-4ef3-ac6b-14e6f54842c0","2020-09-07T12:09:27Z","[]","[]","453c4204-10c4-48a0-af79-a70cf27940b6","null","[]","null","null","ncconline.onmicrosoft.com","AzureADMyOrg","[]","null","null","null","[]","[]","[]","null","null","null","null","null","[]","Allow","[""https://wa-test-ind-co2.azurewebsites.net/.auth/login/aad/callback""]","null","null","true","false"
"""wa-dev-cdk-issueservice-dalux""","afb39a62-92d4-45c4-94d5-ddbe9762378e","2016-09-07T13:59:13Z","[]","[{""customKeyIdentifier"":null,""displayName"":null,""endDateTime"":""2018-09-07T14:00:10.8030034Z"",""hint"":null,""keyId"":""ca539af2-3b75-4a3c-9711-1022134d878c"",""startDateTime"":""2016-09-07T14:00:10.8030034Z"",""secretText"":null}]","4546901b-90af-4a20-9fdb-30a81843d919","null","[""https://wa-dev-cdk-issueservice-dalux""]","null","null","null","AzureADMyOrg","[]","null","null","null","[]","[]","[]","null","null","null","null","null","[]","Allow","[""https://wa-dev-cdk-issueservice.azurewebsites.net/""]","https://wa-dev-cdk-issueservice.azurewebsites.net/","null","true","false"
"""Functions Translator, a Microsoft Garage project""","d419ff31-c34f-41a9-bf3e-7d7bdffa4b17","2024-05-22T12:13:56Z","[]","[]","4546b9c7-cd0a-4c39-9fcb-92d5e0ada210","null","[""https://ncconline.onmicrosoft.com/31180885-64f9-4706-810b-fe3ffca0bcd0""]","null","null","ncconline.onmicrosoft.com","AzureADMyOrg","[]","null","null","null","[]","[]","[]","null","null","null","null","null","[]","Allow","[]","null","null","false","false"
"""ar-dev-cmn-ramp-constructionconnector""","cd4afeb3-c613-4da3-8d3a-be06be2a35e3","2024-11-25T15:05:12Z","[]","[{""customKeyIdentifier"":null,""displayName"":""Ramp-AppReg-DataFoundation"",""endDateTime"":""2026-07-04T07:35:45.107Z"",""hint"":""0R1"",""keyId"":""c1376a26-bdee-496e-8798-544bb05c1b4e"",""startDateTime"":""2025-07-04T07:35:45.107Z"",""secretText"":null},{""customKeyIdentifier"":null,""displayName"":""Ramp-AppReg-ClientSecret"",""endDateTime"":""2026-07-04T07:33:59.998Z"",""hint"":""f_T"",""keyId"":""44c8c19b-5d83-4def-8ad2-fe90a6eaddc8"",""startDateTime"":""2025-07-04T07:33:59.998Z"",""secretText"":null},{""customKeyIdentifier"":null,""displayName"":""ServiceBus-AccessToken"",""endDateTime"":""2026-07-04T07:27:51.094Z"",""hint"":""od5"",""keyId"":""e63e4906-80ab-432c-9973-7c22370f0f38"",""startDateTime"":""2025-07-04T07:27:51.094Z"",""secretText"":null}]","454a1f94-191e-4346-882a-ae25c905e356","null","[]","null","null","ncconline.onmicrosoft.com","AzureADMyOrg","[]","null","null","null","[]","[]","[]","null","null","null","null","null","[]","Allow","[]","null","null","false","false"
"""ar-prod-cmn-DatabricksIFSSharePointUploader""","9d889a1e-51eb-44ec-9b64-a13c2524b55d","2025-05-15T12:40:25Z","[]","[{""customKeyIdentifier"":null,""displayName"":""Databricks upload"",""endDateTime"":""2025-11-26T10:29:29.108Z"",""hint"":""xU2"",""keyId"":""37d427cd-cb1e-4985-b064-50ada5e46b9b"",""startDateTime"":""2025-05-30T09:29:29.108Z"",""secretText"":null}]","454dc3e5-51b8-4498-bc03-b1e7e9beb08f","null","[]","null","null","ncconline.onmicrosoft.com","AzureADMyOrg","[]","null","null","null","[]","[]","[]","null","null","null","null","null","[]","Allow","[]","null","null","false","false"
"""Agent (Microsoft Copilot Studio)""","7067ac24-dcfb-4621-8bba-5a7a7022b6ff","2025-02-27T12:45:16Z","[]","[]","4578a047-62da-43d3-9f44-bf2ecbeb2901","null","[]","null","null","ncconline.onmicrosoft.com","AzureADMyOrg","[""AIAgentBuilder"",""AgentCreatedBy:CopilotStudio"",""AgenticApp"",""power-virtual-agents-679881aa-ff14-a764-7207-bb10b3c950a3""]","null","null","null","[]","[]","[]","null","null","null","null","null","[]","Allow","[]","null","null","false","false"
"""sc-test-ind-assetservice-integration-ramp""","1cbbbf18-b4d7-4c49-8237-3d118357414f","2023-03-06T12:44:01Z","[]","[{""customKeyIdentifier"":null,""displayName"":""Devops - AssetService Integration Ramp"",""endDateTime"":""2025-03-09T09:09:03.586Z"",""hint"":""H.6"",""keyId"":""cce6898e-0495-4e63-a016-ab75b3c5d8b8"",""startDateTime"":""2023-03-10T09:09:03.586Z"",""secretText"":null}]","45794010-12db-447d-b70d-f7617156922b","null","[]","null","null","ncconline.onmicrosoft.com","AzureADMyOrg","[]","null","null","null","[]","[]","[]","null","null","null","null","null","[]","Allow","[]","null","null","false","false"
"""NccDevelopment-Cmn-CobraPFR-536512e6-44e5-4e9a-849a-33131501e63f""","429482a3-d5b0-487e-b97e-ee759e588f4c","2019-02-15T07:07:19Z","[]","[{""customKeyIdentifier"":null,""displayName"":null,""endDateTime"":""2021-02-15T07:07:19.5475363Z"",""hint"":null,""keyId"":""37a93b9f-81b8-4b4f-a954-c1ce981efa25"",""startDateTime"":""2019-02-15T07:07:19.5475363Z"",""secretText"":null}]","458f9548-0e80-4f96-900e-980ae12f3e37","null","[""https://VisualStudio/SPNcdcfb826-d2d5-4ca7-b887-6a81e1f4a592""]","null","null","ncconline.onmicrosoft.com","AzureADMyOrg","[]","null","null","null","[]","[]","[]","null","null","null","null","null","[]","Allow","[""https://VisualStudio/SPN""]","https://VisualStudio/SPN","null","true","false"
"""ar-dev-cmn-ramp-unit4""","648ddc23-d86f-485a-8514-d1024681224d","2024-11-19T14:18:31Z","[]","[{""customKeyIdentifier"":null,""displayName"":""Ramp-AppReg-ClientSecret"",""endDateTime"":""2027-02-05T13:38:29.469Z"",""hint"":""OR9"",""keyId"":""15893d85-7e13-42d3-9f5c-5a66ee942ac7"",""startDateTime"":""2025-02-05T13:38:29.469Z"",""secretText"":null}]","45920af6-5457-40b8-820c-f659a1247cdc","null","[]","null","null","ncconline.onmicrosoft.com","AzureADMyOrg","[]","null","null","null","[]","[]","[]","null","null","null","null","null","[]","Allow","[]","null","null","false","false"
"""ar-prod-cmn-ramp-referencedata""","9293c9b6-2ad8-4648-a0cf-1d724fc9ebe1","2023-10-16T13:31:21Z","[]","[{""customKeyIdentifier"":null,""displayName"":""Personal Secrect Wael"",""endDateTime"":""2025-12-14T12:18:13.529Z"",""hint"":""kCe"",""keyId"":""5f47d832-2ce1-4b67-b155-cd55621e2c7d"",""startDateTime"":""2025-06-17T11:18:13.529Z"",""secretText"":null},{""customKeyIdentifier"":null,""displayName"":""RefData-Ramp-AppReg-ClientSecret"",""endDateTime"":""2026-04-08T22:00:00Z"",""hint"":""LH8"",""keyId"":""2c6206fb-65ef-4cf9-b4f5-cd433f879f8c"",""startDateTime"":""2024-05-15T12:57:25.419Z"",""secretText"":null},{""customKeyIdentifier"":null,""displayName"":""ServiceBus-RefData-Ramp-AppReg-ClientSecret"",""endDateTime"":""2026-04-08T22:00:00Z"",""hint"":""JZU"",""keyId"":""4a88b14b-b29f-4958-9166-ce3ce3302f63"",""startDateTime"":""2024-05-15T12:56:58.377Z"",""secretText"":null}]","45e6b4e7-8b66-420b-8f87-40cc12f70f96","null","[]","null","null","ncconline.onmicrosoft.com","AzureADMyOrg","[]","null","null","null","[]","[]","[]","null","null","null","null","null","[]","Allow","[]","null","null","false","false"
"""ar-test-lime-bufi""","d5f8d0e6-a52e-4d84-ac06-b92adecdf8e8","2025-05-08T09:48:48Z","[]","[{""customKeyIdentifier"":null,""displayName"":""CRM Lime Test EntraID BuFI"",""endDateTime"":""2026-08-21T08:16:47.881Z"",""hint"":""Pne"",""keyId"":""b5f2d555-8a85-4ed3-b2f4-db5582b1fe59"",""startDateTime"":""2025-08-21T08:16:47.881Z"",""secretText"":null}]","45f20a59-3555-439d-9636-1c746a9e878c","null","[]","null","null","ncconline.onmicrosoft.com","AzureADMyOrg","[]","null","null","null","[]","[]","[]","null","null","null","null","null","[]","Allow","[""https://lime-test.ncc.info/client/oauth2/authorize"",""https://cmnap165.adroot.net/client/oauth2/authorize""]","null","null","false","false"
"""ar-test-cmn-ramp-ifs""","8038d388-b6dd-4467-9d8a-2c41337a1ae4","2025-01-17T09:14:22Z","[]","[{""customKeyIdentifier"":null,""displayName"":""Ramp-AppReg-ClientSecret-NEW"",""endDateTime"":""2027-09-25T14:21:52.189Z"",""hint"":""ZjW"",""keyId"":""bb217081-0a0e-4e51-92a0-4d7581988e62"",""startDateTime"":""2025-09-25T14:21:52.189Z"",""secretText"":null},{""customKeyIdentifier"":null,""displayName"":""Ramp-AppReg-ClientSecret"",""endDateTime"":""2026-04-01T14:38:25.267Z"",""hint"":""GxH"",""keyId"":""1837d17d-9d6a-4231-b21e-1035194020a3"",""startDateTime"":""2025-04-01T14:38:25.267Z"",""secretText"":null}]","4601b77e-f4c5-44ac-a501-57d91311bbbd","null","[]","null","null","ncconline.onmicrosoft.com","AzureADMyOrg","[]","null","null","null","[]","[]","[]","null","null","null","null","null","[]","Allow","[]","null","null","false","false"
"""Copilot for finance and operations apps (Microsoft Copilot Studio)""","c5fdd62e-498b-4215-aa14-152ad5eb4671","2025-04-28T15:45:31Z","[]","[]","464d4daf-d8e3-44ca-b88f-cbb2e86517d9","null","[]","null","null","ncconline.onmicrosoft.com","AzureADMyOrg","[""AIAgentBuilder"",""AgentCreatedBy:CopilotStudio"",""AgenticApp"",""power-virtual-agents-1393df84-dfb4-5927-b2c9-6524d0e2db09""]","null","null","null","[]","[]","[]","null","null","null","null","null","[]","Allow","[]","null","null","false","false"
"""Agent FÆLLED doc (Microsoft Copilot Studio)""","525157c4-4dbd-4061-b180-f03bacdd054f","2025-09-16T16:39:12Z","[]","[]","46576002-6726-4a56-aec9-deb1c91fb954","null","[]","null","null","ncconline.onmicrosoft.com","AzureADMyOrg","[""AIAgentBuilder"",""AgentCreatedBy:CopilotStudio"",""AgenticApp"",""power-virtual-agents-05b4e327-0928-0c99-3f57-3eaaf3272eca""]","null","null","null","[]","[]","[]","null","null","null","null","null","[]","Allow","[]","null","null","false","false"
"""ar-test-cmn-nhip-nodinite-su02""","15074a3b-b979-499c-80bf-b98790eb889a","2024-08-13T11:04:50Z","[]","[{""customKeyIdentifier"":null,""displayName"":""Nodinite 2024 test su02"",""endDateTime"":""2026-08-15T07:17:22.968Z"",""hint"":""qNK"",""keyId"":""d9624f2c-7958-4ac2-b82a-72ad1daae547"",""startDateTime"":""2024-08-15T07:17:22.968Z"",""secretText"":null}]","466e8238-5f93-4e98-a35d-5fd8ee9297d0","null","[]","null","null","ncconline.onmicrosoft.com","AzureADMyOrg","[]","null","null","null","[]","[]","[]","null","null","null","null","null","[]","Allow","[]","null","null","false","false"
"""ar-test-cmn-adapter-dkmiddleman""","5687f1a9-88e3-4a6d-9425-fbeb731d1a9c","2024-12-17T13:27:58Z","[]","[{""customKeyIdentifier"":null,""displayName"":""Ramp-AppReg-ClientSecret"",""endDateTime"":""2027-09-02T14:17:48.907Z"",""hint"":""yBd"",""keyId"":""cdf06732-da03-42e6-a593-e04201d1689f"",""startDateTime"":""2025-09-02T14:17:48.907Z"",""secretText"":null}]","469091e5-e874-4216-86f6-a1405df7b759","null","[]","null","null","ncconline.onmicrosoft.com","AzureADMyOrg","[]","null","null","null","[]","[]","[]","null","null","null","null","null","[]","Allow","[]","null","null","false","false"
"""D365 Sales Agent - Outreach (Microsoft Copilot Studio)""","a903fa83-dd9c-4ba7-a1be-fbdb6754ca40","2025-05-18T02:34:50Z","[]","[]","4699d344-cda2-4a15-8955-a553eb32d3b4","null","[]","null","null","ncconline.onmicrosoft.com","AzureADMyOrg","[""AIAgentBuilder"",""AgentCreatedBy:CopilotStudio"",""AgenticApp"",""power-virtual-agents-737cfefa-0ed7-dc37-abff-7ea0864ce38e""]","null","null","null","[]","[]","[]","null","null","null","null","null","[]","Allow","[]","null","null","false","false"
"""ar-prod-cmn-wordpress-fredriksberg""","6b63fde2-2e06-45c9-aad9-6d57bba8d59a","2018-10-29T12:19:41Z","[]","[{""customKeyIdentifier"":null,""displayName"":""aad-sso-wp"",""endDateTime"":""2022-10-26T11:48:07.185Z"",""hint"":""1v7"",""keyId"":""82427899-7de1-4514-922a-8701b161ce00"",""startDateTime"":""2020-10-26T12:48:16.201Z"",""secretText"":null}]","47015318-6995-4dde-9674-d04b4e77c6bd","false","[""https://ncconline.onmicrosoft.com/b47bc6e2-4e0b-4bba-a9c6-1c1c2f3eaa85""]","null","null","null","AzureADMyOrg","[]","null","null","null","[]","[]","[]","null","null","null","null","null","[]","Allow","[""https://fredriksberg.fi/wp-login.php""]","https://fredriksberg.fi/wp-login.php","null","true","false"
"""sc-dev-ind-assetservice-integration-ramp""","0345faa5-5430-4e97-b0ab-cce29b10b3c3","2023-01-24T12:01:42Z","[]","[{""customKeyIdentifier"":null,""displayName"":""Devops - AssetService Integration Ramp"",""endDateTime"":""2025-02-09T03:46:50.952Z"",""hint"":""6gS"",""keyId"":""51a27f3e-2b3c-414e-9c54-9fc4a8f55cd1"",""startDateTime"":""2023-02-10T03:46:50.952Z"",""secretText"":null}]","4709d8e0-ee4d-4473-9a4b-a61233cf4cce","null","[]","null","null","ncconline.onmicrosoft.com","AzureADMyOrg","[]","null","null","null","[]","[]","[]","null","null","null","null","null","[]","Allow","[]","null","null","false","false"
"""PurchasePal (Power Virtual Agents)""","87f7dc43-640b-4ea9-9f3b-17b9a053062d","2024-03-20T08:00:55Z","[]","[]","4794df86-6667-41c9-8c70-1c98a50b5d93","null","[]","null","null","ncconline.onmicrosoft.com","AzureADMultipleOrgs","[""AIAgentBuilder"",""AgentCreatedBy:CopilotStudio"",""AgenticApp"",""power-virtual-agents-83f0191f-f354-4e36-9bc2-d06ebbf60e92""]","null","null","null","[]","[]","[]","null","null","null","null","null","[]","Allow","[]","null","null","false","false"
"""ar-prod-cmn-drilldata""","3f6bd655-644c-4206-9fd5-8379a1fb7bb9","2021-10-21T07:18:03Z","[]","[]","47983383-9733-42d2-9703-3074923b28cb","null","[]","null","null","ncconline.onmicrosoft.com","AzureADMyOrg","[]","null","null","null","[]","[]","[]","null","null","null","null","null","[]","Allow","[]","null","null","false","false"
"""ar-prod-ind-c7-reporting""","c4dc0851-0e07-4ea8-975a-e59d70524532","2024-02-29T14:08:08Z","[]","[{""customKeyIdentifier"":null,""displayName"":""Created By Nemanja: DevOps C7 Reporting"",""endDateTime"":""2026-12-05T10:32:54.116Z"",""hint"":""ucc"",""keyId"":""67ce0a68-4198-40b1-9317-543d25d9eecf"",""startDateTime"":""2024-12-05T10:32:54.116Z"",""secretText"":null}]","47a1755e-bd25-4b7e-9087-bce7c1f9d9cf","null","[]","null","null","ncconline.onmicrosoft.com","AzureADMyOrg","[]","null","null","null","[]","[]","[]","null","null","null","null","null","[]","Allow","[""https://industry-c7-reporting-prod-se.ncc.group/signin-oidc"",""https://industry-c7-reporting-prod-no.ncc.group/signin-oidc"",""https://industry-c7-reporting-prod-dk.ncc.group/signin-oidc""]","null","null","true","false"
"""SharePoint Agent (Microsoft Copilot Studio)""","48e11c85-e7f0-4e95-8dea-6756eb470391","2025-03-29T14:51:21Z","[]","[]","4814c79e-4f24-48af-a988-929bfc9df7e7","null","[]","null","null","ncconline.onmicrosoft.com","AzureADMyOrg","[""AIAgentBuilder"",""AgentCreatedBy:CopilotStudio"",""AgenticApp"",""power-virtual-agents-1a49d3d0-fe51-dd62-aa59-3fef8d64e901""]","null","null","null","[]","[]","[]","null","null","null","null","null","[]","Allow","[]","null","null","false","false"
"""ar-prod-cmn-supplierportal""","69f3d832-76b5-4c7a-b835-d1a5e38546b9","2019-10-24T07:45:09Z","[]","[{""customKeyIdentifier"":null,""displayName"":""Application secret"",""endDateTime"":""2023-04-30T13:41:51.881Z"",""hint"":""FC3"",""keyId"":""65580f13-3c45-4e7c-b282-2d8342d73b6b"",""startDateTime"":""2021-04-30T13:42:19.339Z"",""secretText"":null}]","481d6ce2-7ca5-423d-9eb3-7a170328f62d","null","[]","null","null","ncconline.onmicrosoft.com","AzureADMyOrg","[]","null","null","null","[]","[]","[]","null","null","null","null","null","[]","Allow","[""https://localhost:44342/signin-oidc"",""https://wa-edu-cmn-supplierportal.ase02.ncc.info/signin-oidc"",""https://wa-dev-cmn-supplierportal.ase02.ncc.info/signin-oidc"",""https://wa-prod-cmn-supplierportal.ase02.ncc.info/signin-oidc"",""https://edu.supplierportal.ncc.com/signin-oidc"",""https://dev.supplierportal.ncc.com/signin-oidc"",""https://supplierportal.ncc.com/signin-oidc"",""https://test.supplierportal.ncc.com/signin-oidc"",""https://localhost:44355/signin-oidc"",""https://wa-test-cmn-supplierportal.ase02.ncc.info/signin-oidc""]","null","null","true","false"
"""Case Management Agent (Microsoft Copilot Studio)""","f31a0575-debf-44f8-b5a8-9013bbb8b030","2025-11-11T22:33:32Z","[]","[]","48300193-951a-4172-a9ef-d62b56c8cf27","null","[]","null","null","ncconline.onmicrosoft.com","AzureADMyOrg","[""AIAgentBuilder"",""AgentCreatedBy:CopilotStudio"",""AgenticApp"",""power-virtual-agents-c95072b5-ca2f-f7c4-4275-e98e203e0d16""]","null","null","null","[]","[]","[]","null","null","null","null","null","[]","Allow","[]","null","null","false","false"
"""Congrid - Prod""","6114599e-9f57-45a7-8ecd-560e6bd71ba4","2020-10-30T14:27:43Z","[]","[{""customKeyIdentifier"":null,""displayName"":""Client secret to Congrid 2024"",""endDateTime"":""2026-10-09T11:12:15.896Z"",""hint"":""5a4"",""keyId"":""1a605a76-9f19-43d5-8963-0b0e775ca65e"",""startDateTime"":""2024-10-09T11:12:15.896Z"",""secretText"":null},{""customKeyIdentifier"":null,""displayName"":""Authn secret"",""endDateTime"":""2024-10-31T07:54:05.957Z"",""hint"":""isq"",""keyId"":""0ea8c448-04da-4632-8b75-ed18edc3cdfb"",""startDateTime"":""2022-10-31T07:54:05.957Z"",""secretText"":null},{""customKeyIdentifier"":null,""displayName"":""Password uploaded on Fri Oct 30 2020"",""endDateTime"":""2022-10-30T14:29:55.987Z"",""hint"":""9X0"",""keyId"":""f7fcd348-1809-4ff0-9549-3e619cb35451"",""startDateTime"":""2020-10-30T14:30:06.944Z"",""secretText"":null}]","4832ae25-875e-4866-95e3-47445b8de3ff","null","[]","null","SecurityGroup","ncconline.onmicrosoft.com","AzureADMyOrg","[]","null","null","null","[]","[]","[]","null","null","null","null","null","[]","Allow","[""https://congrid.fi/live/oauth2/login/225552f1-2a12-4fe6-bdb2-5039f49db4e2"",""https://congrid.fi/live/oauth2/login/fb227986-5665-42e2-8b38-4737c863b2c6""]","null","null","false","false"
"""GS - CHRHOLM Copilot (Microsoft Copilot Studio)""","633e9ee1-1e16-4f35-8cdd-c4d39a66454b","2025-08-21T11:53:09Z","[]","[]","484dee13-7d9d-4c6f-bf59-50bad9754ede","null","[]","null","null","ncconline.onmicrosoft.com","AzureADMyOrg","[""AIAgentBuilder"",""AgentCreatedBy:CopilotStudio"",""AgenticApp"",""power-virtual-agents-bee6a798-07b5-9ee2-0ab4-d5db7b46ac37""]","null","null","null","[]","[]","[]","null","null","null","null","null","[]","Allow","[]","null","null","false","false"
"""ar-prod-cmn-ramp-promarkNO""","bdd1be85-575c-4c78-81c5-60f8b554e014","2024-10-18T07:33:53Z","[]","[{""customKeyIdentifier"":null,""displayName"":""PromarkNo-Client-Secret"",""endDateTime"":""2026-10-13T09:47:55.467Z"",""hint"":""FUt"",""keyId"":""6a55917d-9dbd-4c6b-b25f-1202bdd5f4ee"",""startDateTime"":""2025-10-13T09:47:55.467Z"",""secretText"":null},{""customKeyIdentifier"":null,""displayName"":""ServiceBus-Ramp-AppReg"",""endDateTime"":""2026-10-13T09:42:41.528Z"",""hint"":""Czb"",""keyId"":""b53ffab2-be5d-4204-9d8a-1772979371d1"",""startDateTime"":""2025-10-13T09:42:41.528Z"",""secretText"":null},{""customKeyIdentifier"":null,""displayName"":""MBB-Ramp-AppReg"",""endDateTime"":""2026-10-13T09:39:51.975Z"",""hint"":""PUB"",""keyId"":""6c4545bc-2602-4ef3-8c20-23f137d7faad"",""startDateTime"":""2025-10-13T09:39:51.975Z"",""secretText"":null}]","485acd42-26f2-4fcb-b883-a75ca51f0f36","null","[]","null","null","ncconline.onmicrosoft.com","AzureADMyOrg","[]","null","null","null","[]","[]","[]","null","null","null","null","null","[]","Allow","[]","null","null","false","false"
"""wa-prod-bui-constructionconnector-client""","fa4a20de-3d27-42ea-882c-462783511f2c","2021-12-21T17:07:31Z","[]","[]","488de213-9f0d-4f46-aad1-3996c480cc1e","null","[]","null","null","ncconline.onmicrosoft.com","AzureADMyOrg","[]","null","null","null","[]","[]","[]","null","null","null","null","null","[]","Allow","[]","null","null","false","false"
"""Infocaption server""","51018547-6132-4505-93af-7f0b932e660e","2019-09-17T07:33:42Z","[]","[]","48ea17b0-b08c-4620-84e3-2a33fc6d91b3","false","[""https://guides.ncc.com/LoginCoreAutomatic""]","null","null","ncconline.onmicrosoft.com","AzureADMyOrg","[]","null","null","null","[]","[]","[]","null","null","null","null","https://secure.aadcdn.microsoftonline-p.com/c1c6b6c8-6uswhvxlhkkm-sycs0sto1cdksnznubohzifl1jzckc/appbranding/hslxxobrarp3iq3dfdxvloyskn6qhdtjkk8eq5qid38/1033/bannerlogo?ts=637044895891964979","[]","Allow","[""https://guides.ncc.com/LoginCoreAutomatic""]","https://account.activedirectory.windowsazure.com:444/applications/default.aspx?metadata=customappsso|ISV9.1|primary|z","null","true","false"
"""Customization Agent (Microsoft Copilot Studio)""","a63dadfa-b3d2-46cf-87c2-d99eb764c6b6","2025-11-01T23:17:34Z","[]","[]","48ec9670-7067-42d1-bc33-bdd6517b767b","null","[]","null","null","ncconline.onmicrosoft.com","AzureADMyOrg","[""AIAgentBuilder"",""AgentCreatedBy:CopilotStudio"",""AgenticApp"",""power-virtual-agents-2686a22b-0acb-f6ef-e17c-2a2e9acf9d96""]","null","null","null","[]","[]","[]","null","null","null","null","null","[]","Allow","[]","null","null","false","false"
"""ar-prod-cmn-adOps-APIBackend""","768e9011-385a-4fb1-8011-954685a2b9dd","2022-05-31T14:09:54Z","[]","[]","48f0b1e6-c439-4d38-9414-ebcdf61b77a9","null","[""https://api.ncc.info/aadops""]","null","null","ncconline.onmicrosoft.com","AzureADMyOrg","[]","null","2","null","[]","[]","[]","null","null","null","null","null","[]","Allow","[]","null","null","false","false"
"""D365 Sales Agent - Stakeholder Research (Microsoft Copilot Studio)""","c6156d80-23e2-48b5-886c-771efbf3f254","2025-06-10T09:20:50Z","[]","[]","48faa846-9535-489a-9111-5d9dbd480c47","null","[]","null","null","ncconline.onmicrosoft.com","AzureADMyOrg","[""AIAgentBuilder"",""AgentCreatedBy:CopilotStudio"",""AgenticApp"",""power-virtual-agents-2d2cc6b4-2c63-4015-a69b-ae1ca592c24e""]","null","null","null","[]","[]","[]","null","null","null","null","null","[]","Allow","[]","null","null","false","false"
"""D365 Sales Agent - Engage Autonomous (Microsoft Copilot Studio)""","0e631bb8-9ada-49e5-b9d3-c04b3323001c","2025-06-10T09:20:50Z","[]","[]","4923730a-f407-4410-84af-8c3dab7253ea","null","[]","null","null","ncconline.onmicrosoft.com","AzureADMyOrg","[""AIAgentBuilder"",""AgentCreatedBy:CopilotStudio"",""AgenticApp"",""power-virtual-agents-0064d1ed-a376-44e9-a21c-db1f02b415da""]","null","null","null","[]","[]","[]","null","null","null","null","null","[]","Allow","[]","null","null","false","false"
"""Organisationsnavigator-Copilot (Microsoft Copilot Studio)""","27cbbc71-1936-4b1c-a00a-2425fcf49306","2024-09-02T12:59:31Z","[]","[]","492793a4-35f9-4cdd-ac08-d5f67a42d75c","null","[]","null","null","ncconline.onmicrosoft.com","AzureADMultipleOrgs","[""AIAgentBuilder"",""AgentCreatedBy:CopilotStudio"",""AgenticApp"",""power-virtual-agents-fa573dc4-c8cb-544b-1193-149bdcce422d""]","null","null","null","[]","[]","[]","null","null","null","null","null","[]","Allow","[]","null","null","false","false"
"""sc-dev-mds-emission-api-ase03""","cd520368-b725-489d-9397-3708e3dda9fc","2025-02-19T11:10:46Z","[]","[{""customKeyIdentifier"":null,""displayName"":""DevOps-dev-deploy-service connection"",""endDateTime"":""2027-02-27T13:59:42.354Z"",""hint"":""Oex"",""keyId"":""259d9b91-53fb-49ea-9f14-c32f4242b908"",""startDateTime"":""2025-02-27T13:59:42.354Z"",""secretText"":null}]","49712f8d-4a9d-46f4-a933-a88f95b65333","null","[]","null","null","ncconline.onmicrosoft.com","AzureADMyOrg","[]","null","null","null","[]","[]","[]","null","null","null","null","null","[]","Allow","[]","null","null","false","false"
"""ar-dev-cmn-ramp-oep""","aae6bedc-b58d-4cb2-81e8-cd3f9b40d584","2026-01-28T09:52:17Z","[]","[{""customKeyIdentifier"":null,""displayName"":""Ramp-AppReg-ClientSecret"",""endDateTime"":""2027-01-28T13:43:40.141Z"",""hint"":""M_B"",""keyId"":""e55ca6b9-6d82-4965-bfc8-ea2ee44c95b5"",""startDateTime"":""2026-01-28T13:43:40.141Z"",""secretText"":null}]","49dcffae-1a75-4843-8a02-59014ad116df","null","[]","null","null","ncconline.onmicrosoft.com","AzureADMyOrg","[]","null","null","null","[]","[]","[]","null","null","null","null","null","[]","Allow","[]","null","null","false","false"
"""NCC content generator projects (Microsoft Copilot Studio)""","a3680ddf-fc4a-40eb-a1be-09cdd08bde53","2025-10-24T09:29:32Z","[]","[]","49e0c2fa-e0d7-430f-b691-db3781582fe4","null","[]","null","null","ncconline.onmicrosoft.com","AzureADMyOrg","[""AIAgentBuilder"",""AgentCreatedBy:CopilotStudio"",""AgenticApp"",""power-virtual-agents-c9262fcf-c9eb-8015-1341-5dcc80ffba37""]","null","null","null","[]","[]","[]","null","null","null","null","null","[]","Allow","[]","null","null","false","false"
"""D365 Sales FIRE Agent - Rating Generator (Microsoft Copilot Studio)""","54fd634a-c472-4baa-9ca4-895caaba9de7","2025-06-27T23:05:56Z","[]","[]","4a050e30-5900-43a6-a578-2cb21cee6c96","null","[]","null","null","ncconline.onmicrosoft.com","AzureADMyOrg","[""AIAgentBuilder"",""AgentCreatedBy:CopilotStudio"",""AgenticApp"",""power-virtual-agents-4b3a4651-26c5-68dc-186e-e19ad264688e""]","null","null","null","[]","[]","[]","null","null","null","null","null","[]","Allow","[]","null","null","false","false"
"""ODIT-ServiceNow-Dev""","b3bab3fe-5569-443b-a479-c605c8a433ef","2017-10-04T07:12:59Z","[]","[]","4a08c209-3353-44d0-ada0-f69e18f75ad5","false","[""https://nccdev.service-now.com"",""http://servicenow04632232397D423F83E578D2A1CDFDAA"",""http://instanceid_0919fd62-4056-4151-83f7-7cfd3fade8e3_5A661F7BD1944672B24A3A3ECB916C47"",""http://servicenow/6bb31797-be6f-4b03-ba35-a99b2ba925a3""]","null","null","null","AzureADMyOrg","[]","null","null","null","[]","[]","[]","null","null","null","null","null","[]","Allow","[""https://*.service-now.com/*""]","https://*.service-now.com/*?metadata=servicenow|ISV9.1|primary|z","null","true","false"
"""ar-prod-cmn-drillData-dataMover""","b2fdd393-8a1f-425a-b770-36ce2c9e5e74","2022-01-18T08:30:15Z","[]","[{""customKeyIdentifier"":null,""displayName"":""LA client credential"",""endDateTime"":""2022-05-06T21:14:59.047Z"",""hint"":""feV"",""keyId"":""6c213668-f8fa-4a7f-97c2-617873be9574"",""startDateTime"":""2022-02-06T22:14:59.047Z"",""secretText"":null},{""customKeyIdentifier"":null,""displayName"":""Password uploaded on Mon Jan 31 2022"",""endDateTime"":""2024-01-31T07:14:47.14Z"",""hint"":""48R"",""keyId"":""3c6af9eb-bfdb-455e-be2d-7a25cfd6f5a2"",""startDateTime"":""2022-01-31T07:14:47.14Z"",""secretText"":null}]","4a1dc5f9-033e-4046-a097-cb6e2613c615","null","[]","null","null","ncconline.onmicrosoft.com","AzureADMyOrg","[]","null","null","null","[]","[]","[]","null","null","null","null","null","[]","Allow","[]","null","null","false","false"
"""ar-dev-cmn-nhip-globalid""","830635e3-214b-488d-8805-167e02314bb4","2022-06-28T14:32:54Z","[]","[{""customKeyIdentifier"":null,""displayName"":""Personal Secret Henrik-Lindin"",""endDateTime"":""2028-01-21T13:32:51.595Z"",""hint"":""7nR"",""keyId"":""10246ba9-e70a-4af6-a094-b3ef4fae04c6"",""startDateTime"":""2026-01-21T13:32:51.595Z"",""secretText"":null},{""customKeyIdentifier"":null,""displayName"":""Personal CarolineW"",""endDateTime"":""2027-12-15T12:42:56.999Z"",""hint"":""LLg"",""keyId"":""ca9c7503-6564-4a24-b3e7-4c8a70d2f9ed"",""startDateTime"":""2025-12-15T12:42:56.999Z"",""secretText"":null},{""customKeyIdentifier"":null,""displayName"":""Personal Secret Carita"",""endDateTime"":""2027-09-17T06:56:04.676Z"",""hint"":""L8c"",""keyId"":""e01a5ae7-024a-444b-832b-2ff5cac00602"",""startDateTime"":""2025-09-17T06:56:04.676Z"",""secretText"":null},{""customKeyIdentifier"":null,""displayName"":""Db Connection GlobalId Service Dev"",""endDateTime"":""2027-03-15T13:34:38.206Z"",""hint"":""oWp"",""keyId"":""477b1ebd-c9df-4c1b-81e7-72d8424d3629"",""startDateTime"":""2025-09-16T12:34:38.206Z"",""secretText"":null},{""customKeyIdentifier"":null,""displayName"":""ServiceConnection_AzureDevOps_cmn_integration_rg_dev_cmn_nhip_globalidservice"",""endDateTime"":""2027-09-15T14:46:01.076Z"",""hint"":""1N4"",""keyId"":""f0aed529-552e-4ca5-951e-9edc638c3a85"",""startDateTime"":""2025-09-15T14:46:01.076Z"",""secretText"":null},{""customKeyIdentifier"":null,""displayName"":""Personal Secret WAEL"",""endDateTime"":""2026-06-02T10:27:58.421Z"",""hint"":""U64"",""keyId"":""d8916ec4-c6ba-4b3d-bfb9-f7d85b9037b4"",""startDateTime"":""2025-06-02T10:27:58.421Z"",""secretText"":null}]","4a3d929b-2df5-4f1c-afe0-279c45583d4f","null","[""api://globalid-dev.ncc.info""]","null","None","ncconline.onmicrosoft.com","AzureADMyOrg","[]","null","2","null","[]","[]","[]","null","null","null","null","null","[]","Allow","[]","null","null","false","false"
"""Customization Agent (Microsoft Copilot Studio)""","62823229-fb1a-4a29-9b28-c3e194490aad","2025-10-17T19:03:36Z","[]","[]","4a6e6924-3d9d-4f51-a6ad-26f7b0fa4455","null","[]","null","null","ncconline.onmicrosoft.com","AzureADMyOrg","[""AIAgentBuilder"",""AgentCreatedBy:CopilotStudio"",""AgenticApp"",""power-virtual-agents-591a4375-e985-98f4-0d54-f27e9e4acd3a""]","null","null","null","[]","[]","[]","null","null","null","null","null","[]","Allow","[]","null","null","false","false"
"""D365 Sales Agent - TCP Prefill Agent (Microsoft Copilot Studio)""","02ca5e87-d1bf-418b-9e18-2ae04dc16093","2025-08-15T23:30:48Z","[]","[]","4ab1c212-6545-4d95-8129-5722836997e5","null","[]","null","null","ncconline.onmicrosoft.com","AzureADMyOrg","[""AIAgentBuilder"",""AgentCreatedBy:CopilotStudio"",""AgenticApp"",""power-virtual-agents-870c6df4-23d2-acee-d4ce-0917e7faa786""]","null","null","null","[]","[]","[]","null","null","null","null","null","[]","Allow","[]","null","null","false","false"
"""D365 Sales Agent - Readiness (Microsoft Copilot Studio)""","c5c633d6-6bce-49c0-9560-7f913f6127a5","2025-06-02T13:52:53Z","[]","[]","4ab64aa5-e8fa-4306-b45c-ab4658084e15","null","[]","null","null","ncconline.onmicrosoft.com","AzureADMyOrg","[""AIAgentBuilder"",""AgentCreatedBy:CopilotStudio"",""AgenticApp"",""power-virtual-agents-e6c8ff5c-f91a-4775-b899-fec747e4fea7""]","null","null","null","[]","[]","[]","null","null","null","null","null","[]","Allow","[]","null","null","false","false"
"""Customer Service Copilot Bot (Microsoft Copilot Studio)""","6427743b-6c1c-4a20-8a2f-cd1ea10415b3","2025-10-11T21:34:35Z","[]","[]","4ad90810-fb9c-46a8-8836-a359ea8e38f5","null","[]","null","null","ncconline.onmicrosoft.com","AzureADMyOrg","[""AIAgentBuilder"",""AgentCreatedBy:CopilotStudio"",""AgenticApp"",""power-virtual-agents-3043e5fe-78e9-c088-bf9a-1a230e9743c4""]","null","null","null","[]","[]","[]","null","null","null","null","null","[]","Allow","[]","null","null","false","false"
"""CS Case Followup and Closure (Microsoft Copilot Studio)""","4f431782-4fca-42c0-96a4-a6436dcc9dc6","2025-02-17T01:24:41Z","[]","[]","4ade36a7-5344-434d-82f8-dce1e59546a8","null","[]","null","null","ncconline.onmicrosoft.com","AzureADMyOrg","[""AIAgentBuilder"",""AgentCreatedBy:CopilotStudio"",""AgenticApp"",""power-virtual-agents-1a18ae8a-d7f2-4417-cfe1-9a25e53ebbcb""]","null","null","null","[]","[]","[]","null","null","null","null","null","[]","Allow","[]","null","null","false","false"
"""ncc-tfs-NCC-prod-cmn-appiot-536512e6-44e5-4e9a-849a-33131501e63f""","898a5c82-51b1-4060-ac23-98027f0e8348","2017-11-24T08:11:46Z","[]","[{""customKeyIdentifier"":null,""displayName"":null,""endDateTime"":""2019-11-24T08:11:46.3581907Z"",""hint"":null,""keyId"":""482ef1f5-e02f-4865-a56e-c7e6b9ad5f32"",""startDateTime"":""2017-11-24T08:11:46.3581907Z"",""secretText"":null}]","4b5e0e38-3b20-4159-8585-ab1320205b05","null","[""https://VisualStudio/SPNdb7b0dac-0cf7-4f4c-9d4c-2132c1b8a694""]","null","null","null","AzureADMyOrg","[]","null","null","null","[]","[]","[]","null","null","null","null","null","[]","Allow","[""https://VisualStudio/SPN""]","https://VisualStudio/SPN","null","true","false"
"""ar-prod-cmn-ramp-billy""","f83262dd-ca9e-4c44-8333-5bde5efbf261","2025-10-10T13:12:18Z","[]","[]","4b6bb99f-08df-4c36-aa8a-66c8b2fc7fca","null","[]","null","null","ncconline.onmicrosoft.com","AzureADMyOrg","[]","null","null","null","[]","[]","[]","null","null","null","null","null","[]","Allow","[]","null","null","false","false"
"""Palats""","d97cfd67-d829-4371-8f99-65e779fe7d68","2025-04-16T07:38:27Z","[]","[]","4b9cc0c8-9066-4693-93db-a51fb5c0b072","false","[""https://palats.app/api/v2/auth/saml""]","null","null","ncconline.onmicrosoft.com","AzureADMyOrg","[]","null","null","null","[]","[]","[]","null","null","null","null","null","[]","Allow","[""https://palats.app/api/v2/auth/saml/73063f4c-b303-4391-ba68-1e18e5b42d71""]","https://account.activedirectory.windowsazure.com:444/applications/default.aspx?metadata=customappsso|ISV9.1|primary|z","null","true","false"
"""D365 Sales Agent - Readiness (Microsoft Copilot Studio)""","a6b88f36-40b2-493b-aaa1-746e7da45b65","2025-05-20T01:20:43Z","[]","[]","4bd3d45b-1d79-478d-99c4-a7fb17c50b30","null","[]","null","null","ncconline.onmicrosoft.com","AzureADMyOrg","[""AIAgentBuilder"",""AgentCreatedBy:CopilotStudio"",""AgenticApp"",""power-virtual-agents-30c7b9f5-e714-6f92-48e3-085b8d570fed""]","null","null","null","[]","[]","[]","null","null","null","null","null","[]","Allow","[]","null","null","false","false"
"""Refapp - Test""","7e5dafaf-1530-41db-8c5a-dd853ba32aff","2023-02-23T20:37:30Z","[]","[]","4bee4d2f-3c3a-43a8-bcfb-79dd25cbc408","false","[""RefappTest""]","null","null","ncconline.onmicrosoft.com","AzureADMyOrg","[]","null","null","null","[]","[]","[]","null","null","null","null","null","[]","Allow","[""https://test.refapp.se/sso/saml"",""https://app.refapp.com/sso/saml"",""https://app.refapp.se/sso/saml""]","https://account.activedirectory.windowsazure.com:444/applications/default.aspx?metadata=customappsso|ISV9.1|primary|z","https://test.refapp.se/logout?sso=","true","false"
"""zsrv.evryscript""","ab177ace-a111-4156-8543-99d65ec0078a","2019-04-23T13:09:24Z","[]","[{""customKeyIdentifier"":null,""displayName"":null,""endDateTime"":""2020-04-23T13:09:23.8821637Z"",""hint"":null,""keyId"":""0c8b4de1-c099-451b-a867-d4d66c8f25d1"",""startDateTime"":""2019-04-23T13:09:23.8821637Z"",""secretText"":null}]","4c35acdb-acb2-4783-89ed-c695dbacce53","null","[""http://zsrv.evryscript""]","null","null","ncconline.onmicrosoft.com","AzureADMyOrg","[]","null","null","null","[]","[]","[]","null","null","null","null","null","[]","Allow","[]","http://zsrv.evryscript","null","true","false"
"""ar-dev-cmn-analytics-legal-ai""","b57cf943-2aab-4fcd-a4e6-275249e1552e","2023-12-27T21:12:52Z","[]","[{""customKeyIdentifier"":null,""displayName"":""Generated by App Service"",""endDateTime"":""2034-05-16T12:58:04.312Z"",""hint"":""2C5"",""keyId"":""37cf5430-2f65-4d1e-ba17-545b475811a3"",""startDateTime"":""2024-05-16T12:58:04.312Z"",""secretText"":null},{""customKeyIdentifier"":null,""displayName"":""Generated by App Service"",""endDateTime"":""2034-02-19T16:52:06.593Z"",""hint"":""Jn2"",""keyId"":""2279b6f6-7641-4bd3-96cd-b01a4c825940"",""startDateTime"":""2024-02-19T16:52:06.593Z"",""secretText"":null},{""customKeyIdentifier"":null,""displayName"":""Generated by App Service"",""endDateTime"":""2034-02-13T15:30:33.704Z"",""hint"":""~ny"",""keyId"":""c9ccce77-dcaa-4794-9fe4-3da9f2ce9b23"",""startDateTime"":""2024-02-13T15:30:33.704Z"",""secretText"":null}]","4c4e73ae-176c-4f10-80ed-9b85b86111a6","null","[]","null","null","ncconline.onmicrosoft.com","AzureADMyOrg","[]","null","null","null","[]","[]","[]","null","null","null","null","null","[]","Allow","[""https://app-dev-cmn-ai-tender-ai.azurewebsites.net/.auth/login/aad/callback"",""https://app-dev-cmn-analytics-ai-legal-risk.azurewebsites.net/.auth/login/aad/callback""]","null","null","true","true"
"""HR Arkiv - Test""","6fd7f2c0-53b4-4965-93ba-f7357d27c7b2","2019-04-16T13:23:41Z","[]","[]","4c5e483f-78f9-4bf9-9b38-5d7e04e8b610","false","[""https://cmnap109.adroot.net:18090/otdsws/login""]","null","null","ncconline.onmicrosoft.com","AzureADMyOrg","[]","null","null","null","[]","[]","[]","null","null","null","null","null","[]","Allow","[""https://cmnap109.adroot.net:18090/otdsws/login""]","https://account.activedirectory.windowsazure.com:444/applications/default.aspx?metadata=customappsso|ISV9.1|primary|z","null","true","false"
"""Grunt Provisioning""","33ea97b2-4fd2-44ce-87c8-8d1ae9c89c05","2024-04-12T11:21:11Z","[]","[]","4c6f95ea-fc86-4a20-b3c0-d66ec1abe5d3","false","[]","null","null","ncconline.onmicrosoft.com","AzureADMyOrg","[]","null","null","null","[]","[]","[]","null","null","null","null","null","[]","Allow","[]","https://account.activedirectory.windowsazure.com:444/applications/default.aspx?metadata=customappsso|ISV9.1|primary|z","null","true","false"
"""ar-prod-cmn-siteintroduction""","bda9d2e5-56ec-410a-9bfe-9fa5374de0f0","2024-09-16T13:28:15Z","[]","[{""customKeyIdentifier"":null,""displayName"":""integration_platform_connection"",""endDateTime"":""2026-09-17T05:14:43.64Z"",""hint"":""m7Y"",""keyId"":""fa8715df-fdb4-4a92-bc8b-faf9af00ae2c"",""startDateTime"":""2024-09-17T05:14:43.64Z"",""secretText"":null}]","4c728e8a-f90a-4629-b3d5-cb007d1e9562","null","[]","null","null","ncconline.onmicrosoft.com","AzureADMyOrg","[]","null","null","null","[]","[]","[]","null","null","null","null","null","[]","Allow","[]","null","null","false","false"
"""WebApp-nccpocemployeeservicerest.azurewebsites.net""","f3904e9c-5b41-49c0-8f56-e7475b572210","2016-06-23T10:24:33Z","[]","[{""customKeyIdentifier"":null,""displayName"":null,""endDateTime"":""2017-06-23T10:24:31.7929142Z"",""hint"":null,""keyId"":""c8888da1-ad76-4158-b36c-4b71ab8873bb"",""startDateTime"":""2016-06-23T10:24:31.7929142Z"",""secretText"":null}]","4c7a650c-c236-479e-a483-e5ca2c3db191","false","[""https://ncconline.onmicrosoft.com/WebApp-nccpocemployeeservicerest.azurewebsites.net""]","null","null","null","AzureADMyOrg","[]","null","null","null","[]","[]","[]","null","null","null","null","null","[]","Allow","[""https://nccpocemployeeservicerest.azurewebsites.net/""]","https://nccpocemployeeservicerest.azurewebsites.net/","null","true","false"
"""wa-test-ind-onegeo""","49c9a196-955e-4d90-b019-3a4dbb4503d3","2019-04-05T15:55:18Z","[]","[{""customKeyIdentifier"":""YQBwAHAAXwBhAHUAdABoAA=="",""displayName"":null,""endDateTime"":""2299-12-30T23:00:00Z"",""hint"":null,""keyId"":""80b91811-1d48-4a48-a36f-12d9efd3c6d9"",""startDateTime"":""2019-04-05T15:56:52.2769858Z"",""secretText"":null}]","4c881b7a-65e2-4281-9d28-340df7757a0c","false","[""https://ncconline.onmicrosoft.com/9ab8fe7c-b20d-4bf9-a37f-74ff3c7520ce""]","null","null","ncconline.onmicrosoft.com","AzureADMyOrg","[]","null","null","null","[]","[]","[]","null","null","null","null","null","[]","Allow","[""https://wa-test-ind-onegeo.azurewebsites.net""]","https://wa-test-ind-onegeo.azurewebsites.net","null","true","false"
"""Customization Agent (Microsoft Copilot Studio)""","a2459392-6b8f-4edd-8a82-d1cf67da7421","2025-10-17T23:22:19Z","[]","[]","4c989cff-d45c-416e-9999-c2c08d948e31","null","[]","null","null","ncconline.onmicrosoft.com","AzureADMyOrg","[""AIAgentBuilder"",""AgentCreatedBy:CopilotStudio"",""AgenticApp"",""power-virtual-agents-e503a2f4-c79c-2297-447b-66e5175fa301""]","null","null","null","[]","[]","[]","null","null","null","null","null","[]","Allow","[]","null","null","false","false"
"""Quality Evaluation Agent - Incident (Microsoft Copilot Studio)""","e61e0fbb-0b65-4e77-8039-06f70df9e7cd","2025-08-07T00:46:44Z","[]","[]","4cb1e3fd-02f8-453a-a250-9b51e14b12ad","null","[]","null","null","ncconline.onmicrosoft.com","AzureADMyOrg","[""AIAgentBuilder"",""AgentCreatedBy:CopilotStudio"",""AgenticApp"",""power-virtual-agents-1aade65f-875c-cf97-edcf-e15be44c9aeb""]","null","null","null","[]","[]","[]","null","null","null","null","null","[]","Allow","[]","null","null","false","false"
"""Agent 1 (Microsoft Copilot Studio)""","27c34ad7-6eaa-42ea-883f-5f3aeb1d9648","2025-05-08T08:32:37Z","[]","[]","4d17cbce-d57a-4d8f-8c81-d28a18194a3a","null","[]","null","null","ncconline.onmicrosoft.com","AzureADMyOrg","[""AIAgentBuilder"",""AgentCreatedBy:CopilotStudio"",""AgenticApp"",""power-virtual-agents-f10c7cdf-e87d-45d1-002c-e75c3be9c6b0""]","null","null","null","[]","[]","[]","null","null","null","null","null","[]","Allow","[]","null","null","false","false"
"""ar-prod-cmn-signe-sql""","4dec4e6b-0b27-40df-b60e-06929053f7ac","2020-12-09T12:46:56Z","[]","[{""customKeyIdentifier"":null,""displayName"":""202412"",""endDateTime"":""2026-12-07T14:54:55.727Z"",""hint"":""Gve"",""keyId"":""e28c0272-0a81-44ea-b41f-42527869c2a8"",""startDateTime"":""2024-12-07T14:54:55.727Z"",""secretText"":null},{""customKeyIdentifier"":null,""displayName"":""20240701"",""endDateTime"":""2026-07-01T13:16:13.347Z"",""hint"":""T6h"",""keyId"":""43d5423c-e166-4a28-8056-68ff6c777cf7"",""startDateTime"":""2024-07-01T13:16:13.347Z"",""secretText"":null},{""customKeyIdentifier"":null,""displayName"":""20221207"",""endDateTime"":""2024-12-07T10:36:27.037Z"",""hint"":""zEr"",""keyId"":""d471958b-9c38-46bc-9fab-52c941622808"",""startDateTime"":""2022-12-07T10:36:27.037Z"",""secretText"":null},{""customKeyIdentifier"":null,""displayName"":""20201209"",""endDateTime"":""2022-12-09T12:47:35.433Z"",""hint"":""4VN"",""keyId"":""82b29560-a662-4d06-8ea9-56cd50be5767"",""startDateTime"":""2020-12-09T12:47:50.957Z"",""secretText"":null}]","4d19b75b-0cde-40d8-bf59-4778f802067e","null","[]","null","null","ncconline.onmicrosoft.com","AzureADMyOrg","[]","null","null","null","[]","[]","[]","null","null","null","null","null","[]","Allow","[]","null","null","false","false"
"""ar-prod-cmn-analytics-globalid""","ff31c1b2-33f5-44e4-8959-95d16f78a675","2025-08-26T09:40:58Z","[]","[]","4d235310-b36d-4e8c-81f0-6faae012770b","null","[]","null","null","ncconline.onmicrosoft.com","AzureADMyOrg","[]","null","null","null","[]","[]","[]","null","null","null","null","null","[]","Allow","[]","null","null","false","false"
"""wa-dev-cdk-issueservicedistributor-buildingdk""","6bc01aaf-2a51-48ac-8988-e99726a8e7f2","2016-08-22T12:47:09Z","[]","[{""customKeyIdentifier"":""RABlAHYARQBuAHYASwBlAHkA"",""displayName"":null,""endDateTime"":""2299-12-30T23:00:00Z"",""hint"":null,""keyId"":""6f418ce3-f5ef-4201-8753-54f5e3c13130"",""startDateTime"":""2018-01-11T14:41:28.7743196Z"",""secretText"":null},{""customKeyIdentifier"":null,""displayName"":null,""endDateTime"":""2017-08-22T12:48:24.788593Z"",""hint"":null,""keyId"":""42e14c78-31f3-4e66-aaeb-dc5035d42f82"",""startDateTime"":""2016-08-22T12:48:24.788593Z"",""secretText"":null}]","4d281078-cf83-490b-91bb-9460254e6075","null","[""https://wa-dev-cdk-issueservicedistributor-buildingdk""]","null","null","null","AzureADMyOrg","[]","null","null","null","[]","[]","[]","null","null","null","null","null","[]","Allow","[""https://wa-dev-cdk-issueservicedistributor.azurewebsites.net/""]","null","null","true","false"
"""Agent (Microsoft Copilot Studio)""","5af21480-2dd1-47df-8464-e419e137d8bd","2025-12-10T07:16:38Z","[]","[]","4d382b46-585d-4d11-8dbe-81d56d066567","null","[]","null","null","ncconline.onmicrosoft.com","AzureADMyOrg","[""AIAgentBuilder"",""AgentCreatedBy:CopilotStudio"",""AgenticApp"",""power-virtual-agents-38c3708f-2ff2-c02a-fde7-99e8fed64a0d""]","null","null","null","[]","[]","[]","null","null","null","null","null","[]","Allow","[]","null","null","false","false"
"""D365 Sales Agent - Company Resolver (Microsoft Copilot Studio)""","fe63903f-8d16-42f1-8c0d-d4653c9ca18c","2025-11-17T22:52:40Z","[]","[]","4d3d015d-4f8f-45d9-8df7-dc25554faae7","null","[]","null","null","ncconline.onmicrosoft.com","AzureADMyOrg","[""AIAgentBuilder"",""AgentCreatedBy:CopilotStudio"",""AgenticApp"",""power-virtual-agents-9f8fb2b6-172a-507f-c2ee-a63104a3673c""]","null","null","null","[]","[]","[]","null","null","null","null","null","[]","Allow","[]","null","null","false","false"
"""Quality Evaluation Agent - Incident (Microsoft Copilot Studio)""","b25448b5-ed59-413a-b73c-771b1be0b174","2025-08-06T01:56:49Z","[]","[]","4d408f1a-1ea8-4051-8332-3b51834abd3b","null","[]","null","null","ncconline.onmicrosoft.com","AzureADMyOrg","[""AIAgentBuilder"",""AgentCreatedBy:CopilotStudio"",""AgenticApp"",""power-virtual-agents-628e816b-27c3-ea4a-306b-2dea226b4846""]","null","null","null","[]","[]","[]","null","null","null","null","null","[]","Allow","[]","null","null","false","false"
"""ncc-tfs-NCC-prod-cmn-smartbuildings-536512e6-44e5-4e9a-849a-33131501e63f""","d9ca8db1-0932-447d-bd4d-2fe279a3863a","2017-10-09T13:19:02Z","[]","[{""customKeyIdentifier"":null,""displayName"":null,""endDateTime"":""2019-10-09T13:19:02.9209682Z"",""hint"":null,""keyId"":""6adc6c32-8309-44b1-9776-e3a69b8846ed"",""startDateTime"":""2017-10-09T13:19:02.9209682Z"",""secretText"":null}]","4d516631-5a98-4754-a83a-32479061aba1","null","[""https://VisualStudio/SPNe7ed0bf7-221e-4172-a041-4e730fcbe32f""]","null","null","null","AzureADMyOrg","[]","null","null","null","[]","[]","[]","null","null","null","null","null","[]","Allow","[""https://VisualStudio/SPN""]","https://VisualStudio/SPN","null","true","false"
"""D365 Sales Agent - Company Resolver (Microsoft Copilot Studio)""","ffe6b136-8ce7-4143-9a39-b23a4d495c4e","2025-11-15T20:46:57Z","[]","[]","4d67cf14-73f5-4fb3-bf2e-975d5e9f797d","null","[]","null","null","ncconline.onmicrosoft.com","AzureADMyOrg","[""AIAgentBuilder"",""AgentCreatedBy:CopilotStudio"",""AgenticApp"",""power-virtual-agents-8fbd9cb1-e549-4599-5dac-d137cc896ea1""]","null","null","null","[]","[]","[]","null","null","null","null","null","[]","Allow","[]","null","null","false","false"
"""ar-prod-cmn-dwbi""","3035fee3-adc9-44b0-b66e-7f8621b672f4","2024-01-03T18:47:59Z","[]","[{""customKeyIdentifier"":null,""displayName"":""ar-prod-cmn-dwbi-secret"",""endDateTime"":""2026-01-08T07:53:29.055Z"",""hint"":""lBj"",""keyId"":""6fcfa04e-709d-43fd-90fc-fa18e06e636e"",""startDateTime"":""2024-01-09T07:53:29.055Z"",""secretText"":null}]","4d7af366-fb21-4c1f-be52-205777932f8d","null","[]","null","null","ncconline.onmicrosoft.com","AzureADMyOrg","[]","null","null","null","[]","[]","[]","null","null","null","null","null","[]","Allow","[]","null","null","false","false"
"""ar-dev-cmn-ramp-successfactors""","65a6d53a-a19b-4cbc-9e9e-646f87e2665a","2024-06-24T12:05:15Z","[]","[{""customKeyIdentifier"":null,""displayName"":""DF-Ramp-Appreg"",""endDateTime"":""2026-11-25T12:52:36.377Z"",""hint"":""bJJ"",""keyId"":""a9d3fab0-7286-4c39-a68b-532e103c32d5"",""startDateTime"":""2024-11-25T12:52:36.377Z"",""secretText"":null},{""customKeyIdentifier"":null,""displayName"":""MBB-Ramp-AppReg"",""endDateTime"":""2026-09-10T09:57:07.491Z"",""hint"":""E_f"",""keyId"":""6639c45d-6448-4f7e-87ae-bc0700c54a1b"",""startDateTime"":""2024-09-10T09:57:07.491Z"",""secretText"":null},{""customKeyIdentifier"":null,""displayName"":""GlobalId-Ramp-AppReg"",""endDateTime"":""2026-09-10T09:55:13.27Z"",""hint"":""V9q"",""keyId"":""d4e7fd60-b725-4c9f-8c25-2332affbc001"",""startDateTime"":""2024-09-10T09:55:13.27Z"",""secretText"":null},{""customKeyIdentifier"":null,""displayName"":""ServiceBus-Ramp-AppReg"",""endDateTime"":""2026-06-24T14:24:52.593Z"",""hint"":""~bv"",""keyId"":""5e16859b-7379-4318-abb5-b76112f67964"",""startDateTime"":""2024-06-24T14:24:52.593Z"",""secretText"":null}]","4d89ab1c-262d-4652-8816-467512d05586","null","[]","null","null","ncconline.onmicrosoft.com","AzureADMyOrg","[]","null","null","null","[]","[]","[]","null","null","null","null","null","[]","Allow","[]","null","null","false","false"
"""CSKnowledgeHarvestV2 (Microsoft Copilot Studio)""","5ff550aa-4afe-4d61-9d06-9d42bee7f30e","2024-11-17T00:18:16Z","[]","[]","4da17a0b-6d94-4207-9bd7-e9f4ac302999","null","[]","null","null","ncconline.onmicrosoft.com","AzureADMultipleOrgs","[""AIAgentBuilder"",""AgentCreatedBy:CopilotStudio"",""AgenticApp"",""power-virtual-agents-4249d974-0c52-39c4-2277-e297939b5ba9""]","null","null","null","[]","[]","[]","null","null","null","null","null","[]","Allow","[]","null","null","false","false"
"""Mediabank-Test""","47461980-0989-48b8-85b0-1fc8e1456344","2019-03-28T09:21:39Z","[]","[]","4db62a4c-579b-488a-841c-8073cf3c1169","false","[""https://mediabank.ncc.group/awp""]","null","null","ncconline.onmicrosoft.com","AzureADMyOrg","[]","null","null","null","[]","[]","[]","null","null","null","null","null","[]","Allow","[""https://mediabank.ncc.group/awp/saml""]","https://account.activedirectory.windowsazure.com:444/applications/default.aspx?metadata=customappsso|ISV9.1|primary|z","null","true","false"
"""ar-dev-cmn-ramp-suppliercontrol""","b4befb92-f164-43e0-829e-f57285feb4cf","2024-03-04T13:04:59Z","[]","[{""customKeyIdentifier"":null,""displayName"":""SupplierControl-AppReg-Ramp-ClientSecret"",""endDateTime"":""2026-03-05T13:01:25.683Z"",""hint"":""cUo"",""keyId"":""f5b22b9d-9857-4638-961c-6c71fc469d85"",""startDateTime"":""2024-03-05T13:01:25.683Z"",""secretText"":null},{""customKeyIdentifier"":null,""displayName"":""SupplierControl-AppReg-ClientSecret"",""endDateTime"":""2026-03-05T12:32:33.693Z"",""hint"":""Jsp"",""keyId"":""56241e58-bd74-4158-9a15-553ef333bfd1"",""startDateTime"":""2024-03-05T12:32:33.693Z"",""secretText"":null}]","4deb6b7e-09fc-4ef6-9b02-e69cd586295b","null","[]","null","null","ncconline.onmicrosoft.com","AzureADMyOrg","[]","null","null","null","[]","[]","[]","null","null","null","null","null","[]","Allow","[]","null","null","false","false"
"""ar-dev-cmn-ai-general-chatbot""","aabf5eee-e12c-4a48-8430-fea70809d45e","2024-10-01T14:05:32Z","[]","[{""customKeyIdentifier"":null,""displayName"":""app-pre-cmn-ai-chatbot-openwebui"",""endDateTime"":""2025-11-11T17:13:28.971Z"",""hint"":""B8c"",""keyId"":""733035a2-e733-4bf2-9a41-b748de003f12"",""startDateTime"":""2025-05-15T16:13:28.971Z"",""secretText"":null},{""customKeyIdentifier"":null,""displayName"":""app-dev-cmn-ai-chatbot-openwebui"",""endDateTime"":""2025-10-06T08:58:22.535Z"",""hint"":""lpB"",""keyId"":""af4833c9-9d31-4bbf-97a0-a41bb85aface"",""startDateTime"":""2025-04-09T08:58:22.535Z"",""secretText"":null},{""customKeyIdentifier"":null,""displayName"":""app-dev-cmn-ai-general-chatbot-litellm"",""endDateTime"":""2025-09-24T15:43:59.29Z"",""hint"":""fvK"",""keyId"":""0744c0dc-170e-46f5-9c8e-9999d2b6a2b7"",""startDateTime"":""2025-03-28T16:43:59.29Z"",""secretText"":null},{""customKeyIdentifier"":null,""displayName"":""app-dev-cmn-ai-general-chatbot-openwebui"",""endDateTime"":""2025-09-24T15:40:08.237Z"",""hint"":""v7E"",""keyId"":""794cdab0-a8f5-470f-89b7-b03678b34993"",""startDateTime"":""2025-03-28T16:40:08.237Z"",""secretText"":null}]","4e090847-2fa3-4d79-83cb-2b4e6aa5fae9","null","[]","null","ApplicationGroup","ncconline.onmicrosoft.com","AzureADMyOrg","[]","null","null","null","[]","[]","[]","null","null","null","null","null","[]","Allow","[""https://app-dev-cmn-ai-langfuse-c3huevhfereba4fu.swedencentral-01.azurewebsites.net/api/auth/callback/azure-ad"",""https://app-dev-cmn-ai-chatbot-openwebui-beg9czfkf7abfmdt.swedencentral-01.azurewebsites.net/oauth/microsoft/callback"",""https://app-dev-cmn-ai-general-chatbot-openwebui-euesffcdacdkcng5.swedencentral-01.azurewebsites.net/oauth/microsoft/callback""]","null","null","false","false"
"""Customer contract service""","c09d21c4-597f-490b-9d1c-875a54036405","2019-05-22T07:58:59Z","[]","[{""customKeyIdentifier"":null,""displayName"":""Secret"",""endDateTime"":""2299-12-30T23:00:00Z"",""hint"":""a*u"",""keyId"":""6f5fde57-7606-47df-9e7d-5f2c37b42938"",""startDateTime"":""2019-05-22T07:59:37.406Z"",""secretText"":null}]","4e2d74f3-d404-4d06-aa85-31d2e86007e0","null","[""api://c09d21c4-597f-490b-9d1c-875a54036405""]","null","None","ncconline.onmicrosoft.com","AzureADMyOrg","[]","null","null","null","[]","[{""appId"":""6e6d78cd-65e0-48d2-92ab-8ae9ada27daa"",""delegatedPermissionIds"":[""29b0b490-9977-4854-a034-7dcc61ca563d""]}]","[]","null","null","null","null","null","[]","Allow","[""https://localhost:44362/signin-oidc""]","null","null","false","false"
"""domeofvisions.se""","8ef726e5-f4a4-4063-83f5-2b3eb7752597","2018-10-15T11:52:12Z","[]","[{""customKeyIdentifier"":null,""displayName"":""aad-sso-wp"",""endDateTime"":""2022-10-05T13:26:06.582Z"",""hint"":""LNB"",""keyId"":""981dbda6-6351-4110-bd9c-b26bebacf503"",""startDateTime"":""2020-10-05T13:26:58.741Z"",""secretText"":null},{""customKeyIdentifier"":""YQBhAGQALQBzAHMAbwAtAHcAcAA="",""displayName"":null,""endDateTime"":""2020-10-15T11:57:15.072Z"",""hint"":null,""keyId"":""b2b5f111-f1b9-46c6-8cc3-5d455634fa11"",""startDateTime"":""2018-10-15T11:57:35.7121873Z"",""secretText"":null}]","4e54c365-9b44-4a5b-b5ee-ab23ecb24898","false","[""http://customappsso4D30E4CF84984FDBBAA1A22DA64047C7"",""http://instanceid_8adf8e6e-67b2-4cf2-a259-e3dc5476c621_F9A2F00D635B47DCA8270A9182BDCDCB"",""http://customappsso/86654caa-137e-4d30-8ed1-259dbcb308dd""]","null","null","null","AzureADMyOrg","[]","null","null","null","[]","[]","[]","null","null","null","null","null","[]","Allow","[""https://stockholm.domeofvisions.se/wp-login.php"",""https://domeofvisions.se/wp-login.php""]","https://account.activedirectory.windowsazure.com:444/applications/default.aspx?metadata=customappsso|ISV9.1|primary|z","null","true","false"
"""IndustryAPIManagement - Prod""","6278834d-d1fc-4966-8dec-ab4e61e60be0","2019-09-02T11:55:16Z","[]","[{""customKeyIdentifier"":null,""displayName"":""Secret for API Managment Industry Prod"",""endDateTime"":""2299-12-30T23:00:00Z"",""hint"":""O41"",""keyId"":""071098de-f874-47cf-835a-33b1d51fede8"",""startDateTime"":""2019-09-02T11:57:57.195Z"",""secretText"":null}]","4e5b776a-06e1-4c7a-8f37-634608112803","null","[]","null","null","ncconline.onmicrosoft.com","AzureADMyOrg","[]","null","null","null","[]","[]","[]","null","null","null","null","null","[]","Allow","[""https://oneapiinternalprod.portal.azure-api.net/signin-aad""]","null","null","false","false"
"""ar-prod-cmn-ncclearningplatform""","ad849574-7eb3-4163-8452-1350504f1e63","2024-09-16T13:21:04Z","[]","[{""customKeyIdentifier"":null,""displayName"":""integration_platform_connection"",""endDateTime"":""2026-09-17T05:16:51.322Z"",""hint"":""QFA"",""keyId"":""a86b96d5-3eb9-4d22-a366-511494b1501c"",""startDateTime"":""2024-09-17T05:16:51.322Z"",""secretText"":null}]","4e66ab85-02df-4135-950d-84aa462ff931","null","[]","null","null","ncconline.onmicrosoft.com","AzureADMyOrg","[]","null","null","null","[]","[]","[]","null","null","null","null","null","[]","Allow","[]","null","null","false","false"
"""WebApp-aa-cmn-poc-customer-aad.azurewebsites.net""","c4710d57-1c62-4b8a-abef-78af9aa63258","2016-06-26T10:48:39Z","[]","[{""customKeyIdentifier"":null,""displayName"":null,""endDateTime"":""2017-06-26T10:48:37.6955823Z"",""hint"":null,""keyId"":""19a1ee7e-14bc-4c92-a867-901e7ca5bee0"",""startDateTime"":""2016-06-26T10:48:37.6955823Z"",""secretText"":null}]","4e7ed3a3-6b4d-45b0-913d-0eb40201023c","false","[""https://ncconline.onmicrosoft.com/WebApp-aa-cmn-poc-customer-aad.azurewebsites.net""]","null","null","null","AzureADMyOrg","[]","null","null","null","[]","[]","[]","null","null","null","null","null","[]","Allow","[""https://aa-cmn-poc-customer-aad.azurewebsites.net/""]","https://aa-cmn-poc-customer-aad.azurewebsites.net/","null","true","false"
"""D365 Sales Agent - Email Validation (Microsoft Copilot Studio)""","f85a0d9d-4f9c-4bfa-a9db-310a36e3c4c8","2025-05-16T22:13:52Z","[]","[]","4e8e2222-5a09-4ec8-9bb3-50903f71d475","null","[]","null","null","ncconline.onmicrosoft.com","AzureADMyOrg","[""AIAgentBuilder"",""AgentCreatedBy:CopilotStudio"",""AgenticApp"",""power-virtual-agents-735e9234-590f-69d6-64bc-c22151f1301d""]","null","null","null","[]","[]","[]","null","null","null","null","null","[]","Allow","[]","null","null","false","false"
"""D365 Sales FIRE Agent - Rating Generator (Microsoft Copilot Studio)""","ccc3d5fb-3228-4d7c-8b36-b40607d53097","2025-06-28T22:06:17Z","[]","[]","4eb5e5ef-a2d4-4999-9601-50d8aea683ca","null","[]","null","null","ncconline.onmicrosoft.com","AzureADMyOrg","[""AIAgentBuilder"",""AgentCreatedBy:CopilotStudio"",""AgenticApp"",""power-virtual-agents-b02bd588-52e8-c711-a7da-89fc8fe40e0b""]","null","null","null","[]","[]","[]","null","null","null","null","null","[]","Allow","[]","null","null","false","false"
"""Agent (Microsoft Copilot Studio)""","a811a002-72d1-46b7-aa1e-bc7b77dca591","2025-12-05T10:01:49Z","[]","[]","4ec44505-4d97-43c0-9f06-67820acbd615","null","[]","null","null","ncconline.onmicrosoft.com","AzureADMyOrg","[""AIAgentBuilder"",""AgentCreatedBy:CopilotStudio"",""AgenticApp"",""power-virtual-agents-1b5c6044-70b4-d753-c5d5-9de77f9e6b33""]","null","null","null","[]","[]","[]","null","null","null","null","null","[]","Allow","[]","null","null","false","false"
"""Test""","3f8d1084-88ce-4d88-8cfc-64f0eea052fd","2021-04-22T11:06:20Z","[]","[]","4ee1027e-4e2f-45b0-bb2b-69c8e5384605","false","[]","null","null","ncconline.onmicrosoft.com","AzureADMyOrg","[]","null","null","null","[]","[]","[]","null","null","null","null","null","[]","Allow","[]","https://account.activedirectory.windowsazure.com:444/applications/default.aspx?metadata=customappsso|ISV9.1|primary|z","null","true","false"
"""ar-prod-cmn-mimer-ADData""","2dbf1221-8e7f-4bb8-994e-96e29f454e06","2023-09-01T12:18:14Z","[]","[{""customKeyIdentifier"":null,""displayName"":""Mimer Ingest 20251204"",""endDateTime"":""2026-06-02T11:34:26.274Z"",""hint"":""ODS"",""keyId"":""a6d22383-f82e-4a5a-a2c0-17b5714dd162"",""startDateTime"":""2025-12-04T12:34:26.274Z"",""secretText"":null}]","4eee85e7-476e-4693-b9ea-abccb838a5ad","null","[]","null","null","ncconline.onmicrosoft.com","AzureADMyOrg","[]","null","null","null","[]","[]","[]","null","null","null","null","null","[]","Allow","[]","null","null","false","false"
"""EA Agent (Microsoft Copilot Studio)""","3340c6a5-0f04-4327-bf6f-a4c229e17fb6","2024-10-31T09:56:34Z","[]","[]","4f0e54a0-094d-42b6-8adf-4377d634d1f6","null","[]","null","null","ncconline.onmicrosoft.com","AzureADMultipleOrgs","[""AIAgentBuilder"",""AgentCreatedBy:CopilotStudio"",""AgenticApp"",""power-virtual-agents-f7da18e5-b1f2-e17d-9343-0c71fb09e373""]","null","null","null","[]","[]","[]","null","null","null","null","null","[]","Allow","[]","null","null","false","false"
"""aa-test-cmn-api-globalid""","a9b14910-4b2a-47d5-ac06-e55538914ba5","2018-01-29T12:08:34Z","[]","[{""customKeyIdentifier"":null,""displayName"":null,""endDateTime"":""2019-01-29T12:08:34.3715663Z"",""hint"":null,""keyId"":""a2db4fe4-b97b-435b-8830-b04b3fc936a6"",""startDateTime"":""2018-01-29T12:08:34.3715663Z"",""secretText"":null}]","4f696633-06c9-423a-b456-8a08b7061d49","null","[""https://aa-test-cmn-api-globalid.ase02.ncc.info""]","null","null","null","AzureADMyOrg","[]","null","null","null","[]","[]","[]","null","null","null","null","null","[]","Allow","[]","null","null","true","false"
"""D365 Sales Agent - Summary Synthesizer (Microsoft Copilot Studio)""","0746694f-4a8c-457e-8193-84dd9615c51c","2025-07-27T22:59:53Z","[]","[]","4f98e243-4a23-4e38-8e8f-91d6696ad7fe","null","[]","null","null","ncconline.onmicrosoft.com","AzureADMyOrg","[""AIAgentBuilder"",""AgentCreatedBy:CopilotStudio"",""AgenticApp"",""power-virtual-agents-ea2ac20e-d2cd-1cd3-7d13-6b23a2b6ea01""]","null","null","null","[]","[]","[]","null","null","null","null","null","[]","Allow","[]","null","null","false","false"
"""ar-prod-cmn-wordpress-binabnordic""","000afe77-fe59-4055-a38d-5531dd0490e3","2018-10-25T12:51:11Z","[]","[{""customKeyIdentifier"":null,""displayName"":""aad-sso-wp"",""endDateTime"":""2025-01-15T07:56:55.101Z"",""hint"":""hDn"",""keyId"":""78f7a737-d1a5-4b17-9d76-3cc940fb175d"",""startDateTime"":""2023-01-16T07:56:55.101Z"",""secretText"":null},{""customKeyIdentifier"":null,""displayName"":""aad-sso-wp"",""endDateTime"":""2022-10-26T11:42:23.523Z"",""hint"":""1gU"",""keyId"":""ff626c86-df82-4fb2-aaf8-e7c2bf431629"",""startDateTime"":""2020-10-26T12:42:49.16Z"",""secretText"":null}]","4fd341f4-276a-4f91-8de2-3596b1bf46cd","false","[""https://ncconline.onmicrosoft.com/63b4aca8-080e-4983-8e11-374cf105fe71""]","null","null","null","AzureADMyOrg","[]","null","null","null","[]","[]","[]","null","null","null","null","null","[]","Allow","[""https://binabnordic.se/wp-login.php""]","https://binabnordic.se/wp-login.php","null","true","false"
"""ar-prod-cmn-o365ops-transportrule-aztable-rw""","d2de7711-cac1-4dd3-b365-f7d9fc082832","2021-09-14T13:28:17Z","[]","[{""customKeyIdentifier"":null,""displayName"":""Used in prod-cmn-o365-transportrule, access to aztable"",""endDateTime"":""2023-09-14T13:28:31.102Z"",""hint"":""F.~"",""keyId"":""dd4d048f-6193-4880-9b7a-90a537e08e6f"",""startDateTime"":""2021-09-14T13:28:31.102Z"",""secretText"":null}]","4fe4484b-e1f7-4f17-bc64-3723260b3550","null","[]","null","null","ncconline.onmicrosoft.com","AzureADMyOrg","[]","null","null","null","[]","[]","[]","null","null","null","null","null","[]","Allow","[]","null","null","false","false"
"""sc-test-ind-gr-integration-ramp""","9d854162-1a8e-4e5e-ba1b-4673bc1680ab","2023-03-06T12:43:14Z","[]","[{""customKeyIdentifier"":null,""displayName"":""Devops - GR Integration Ramp"",""endDateTime"":""2025-03-09T09:13:58.875Z"",""hint"":""vhb"",""keyId"":""03d2d215-bc19-4c76-9950-671ac5152f51"",""startDateTime"":""2023-03-10T09:13:58.875Z"",""secretText"":null}]","500f93d4-816d-4c32-b17a-f7c71b3e9598","null","[]","null","null","ncconline.onmicrosoft.com","AzureADMyOrg","[]","null","null","null","[]","[]","[]","null","null","null","null","null","[]","Allow","[]","null","null","false","false"
"""ar-prod-cmn-api-mdm""","31299aeb-48af-45f0-b3c6-a159ad44432e","2018-01-29T11:54:16Z","[]","[]","50771c9c-4427-4058-856a-05853707e110","true","[]","null","null","null","AzureADMultipleOrgs","[]","null","null","null","[]","[]","[""https://aa-prod-cmn-api-mdm.ase02.ncc.info""]","null","null","null","null","null","[]","Allow","[]","null","null","true","false"
"""APIM-ncc-poc""","380e6c0f-c877-4578-9109-c9c9df70f19d","2016-06-21T12:45:42Z","[]","[{""customKeyIdentifier"":null,""displayName"":null,""endDateTime"":""2017-06-21T12:46:13.6432764Z"",""hint"":null,""keyId"":""60e6d0a9-4cb4-4b28-a577-f43d08147b5a"",""startDateTime"":""2016-06-21T12:46:13.6432764Z"",""secretText"":null}]","50b4e818-2133-4c41-bace-c777917d9a17","null","[""https://apimcmnpoc.portal.azure-api.net/devel-portal""]","null","null","null","AzureADMyOrg","[]","null","null","null","[]","[]","[]","null","null","null","null","null","[]","Allow","[""https://apimcmnpoc.portal.azure-api.net/docs/services/5761491cfc4d310dc4e2146f/console/oauth2/authorizationcode/callback""]","https://apimcmnpoc.portal.azure-api.net/signin","null","true","false"
"""aa-test-cmn-api-mdm""","e2f114dd-87d3-4a19-8143-5edd19bc522c","2018-01-29T11:48:01Z","[]","[{""customKeyIdentifier"":""awBlAHkA"",""displayName"":null,""endDateTime"":""2299-12-30T23:00:00Z"",""hint"":null,""keyId"":""a8bc201c-8e15-4d88-b7af-0bde455c3890"",""startDateTime"":""2018-04-16T10:53:59.7800471Z"",""secretText"":null}]","50bb8bb7-206b-43ba-9720-7b4887bb2aea","null","[""https://aa-test-cmn-api-mdm.ase02.ncc.info""]","null","null","null","AzureADMyOrg","[]","null","null","null","[]","[]","[]","null","null","null","null","null","[]","Allow","[]","http://not.used","null","true","false"
"""Copilot for finance and operations apps (Microsoft Copilot Studio)""","d5fcab0d-e4d6-49b8-ba97-607726774e8d","2024-12-19T12:41:52Z","[]","[]","511629fc-7d3d-46a6-98fa-b36e97d2f391","null","[]","null","null","ncconline.onmicrosoft.com","AzureADMultipleOrgs","[""AIAgentBuilder"",""AgentCreatedBy:CopilotStudio"",""AgenticApp"",""power-virtual-agents-65840fb8-6c01-418b-b0c5-ee1a273d0e73""]","null","null","null","[]","[]","[]","null","null","null","null","null","[]","Allow","[]","null","null","false","false"
"""WordPress.com""","5c13c4a4-34e3-413c-ad88-fab0378a7585","2017-12-18T08:55:18Z","[]","[]","513579eb-f128-4abc-a9f7-0f2e673a0ca0","false","[""http://wordpressCFC082D5297B462492D51A269A2C1738"",""http://instanceid_e2ee5681-d41b-49a0-ad3f-955154b5b337_5896694EE792483D8BB11F752263C73B"",""http://wordpress/480f26c5-4b43-4de4-ae11-f7fba2452ca3""]","null","null","null","AzureADMyOrg","[]","null","null","null","[]","[]","[]","null","null","null","null","null","[]","Allow","[""https://127.0.0.1:444/applications/default.aspx""]","https://127.0.0.1:444/applications/default.aspx?metadata=wordpress|ISV9.3|primary|z","null","true","false"
"""fa-prod-ind-rms-stone-dk-idp""","d004945c-c083-4ceb-9e94-86360816f00e","2023-08-25T14:16:54Z","[]","[{""customKeyIdentifier"":null,""displayName"":""Generated by App Service"",""endDateTime"":""2034-02-14T13:15:51.243Z"",""hint"":""YaD"",""keyId"":""c1967a00-01ce-47f1-8128-8b2dfacf0f9e"",""startDateTime"":""2024-02-14T13:15:51.243Z"",""secretText"":null},{""customKeyIdentifier"":null,""displayName"":""Generated by App Service"",""endDateTime"":""2033-08-25T14:16:54.669Z"",""hint"":""46p"",""keyId"":""bea62cfc-a490-4345-9a55-900c4fbb3e98"",""startDateTime"":""2023-08-25T14:16:54.669Z"",""secretText"":null}]","513f4cd6-8377-41dd-94f3-045f21046ef7","null","[""api://d004945c-c083-4ceb-9e94-86360816f00e""]","null","null","ncconline.onmicrosoft.com","AzureADMyOrg","[]","null","null","null","[]","[{""appId"":""e42129f4-8cf2-4661-b273-f26763700768"",""delegatedPermissionIds"":[""2998009a-0075-4d88-b6a2-a828df84f395""]}]","[]","null","null","null","null","null","[]","Allow","[""https://fa-prod-ind-rms-stone-dk-pnp.azurewebsites.net/.auth/login/aad/callback"",""https://fa-prod-ind-rms-stone-dk.azurewebsites.net/.auth/login/aad/callback""]","https://fa-prod-ind-rms-stone-dk.azurewebsites.net","null","true","false"
"""Stakeholder Agent (Microsoft Copilot Studio)""","2dbd389c-d911-4693-8fe7-615665383c4f","2025-08-17T20:19:52Z","[]","[]","5156b534-a8cf-4276-b129-47abf2803f37","null","[]","null","null","ncconline.onmicrosoft.com","AzureADMyOrg","[""AIAgentBuilder"",""AgentCreatedBy:CopilotStudio"",""AgenticApp"",""power-virtual-agents-8dfa7408-3021-4504-e754-463cfa9ed551""]","null","null","null","[]","[]","[]","null","null","null","null","null","[]","Allow","[]","null","null","false","false"
"""EA Agent (Microsoft Copilot Studio)""","09d0f64f-239d-49f2-bb95-5a6f3d15b223","2024-10-31T09:42:48Z","[]","[]","51588c59-46fa-4042-a00c-4a4ddd0e7598","null","[]","null","null","ncconline.onmicrosoft.com","AzureADMultipleOrgs","[""AIAgentBuilder"",""AgentCreatedBy:CopilotStudio"",""AgenticApp"",""power-virtual-agents-5615a9eb-36ce-b926-5994-3c2d5c647fed""]","null","null","null","[]","[]","[]","null","null","null","null","null","[]","Allow","[]","null","null","false","false"
"""ODIT-Projektportalen""","4487ef76-a78e-4db6-8a79-5dcb116f316e","2017-09-04T14:35:27Z","[]","[{""customKeyIdentifier"":null,""displayName"":""CWAP_AuthSecret"",""endDateTime"":""2026-02-25T18:38:15.9937751Z"",""hint"":""TQK"",""keyId"":""afec34a1-2f9a-4830-a3c1-7a2df1952386"",""startDateTime"":""2025-02-25T18:34:15.9937751Z"",""secretText"":null},{""customKeyIdentifier"":""Q1dBUF9BdXRoU2VjcmV0"",""displayName"":null,""endDateTime"":""2025-05-25T21:23:03.698124Z"",""hint"":""Gd9"",""keyId"":""08cdf01a-b5b6-4d7c-8e66-07f68a506df6"",""startDateTime"":""2024-05-25T21:19:03.698124Z"",""secretText"":null},{""customKeyIdentifier"":""Q1dBUF9BdXRoU2VjcmV0"",""displayName"":null,""endDateTime"":""2024-08-23T15:33:50.9335333Z"",""hint"":""Ur6"",""keyId"":""f0e975c8-2497-4b2b-8fdc-e71f422c3493"",""startDateTime"":""2023-08-24T15:29:50.9335333Z"",""secretText"":null}]","5192fb4e-aa53-411e-a738-0fe8d3f904b7","false","[""https://projektportal-ncconline.msappproxy.net/projektportalen/"",""http://customappsso758A7C80225E4058BA14F60737B5366D"",""http://instanceid_8adf8e6e-67b2-4cf2-a259-e3dc5476c621_28B8D68072AD4081B3DCBB686A37C832"",""http://customappsso/613861f8-6cbe-40aa-9ba3-afe9fedab2a7""]","null","null","null","AzureADMyOrg","[]","null","null","null","[]","[]","[]","null","null","null","null","null","[]","Allow","[""https://projektportal-ncconline.msappproxy.net/projektportalen/"",""https://127.0.0.1:444/applications/default.aspx""]","https://projektportal-ncconline.msappproxy.net/projektportalen/","null","true","false"
"""NccDevelopment-Organizational Unit Service-5d6c82b4-3cdd-4c9a-98f4-97e466f7efc5""","4df33209-6d12-476e-99dc-8fa0350ff06f","2024-06-10T12:35:17Z","[]","[]","519f96f7-98b7-4024-9f33-997de6341b03","null","[]","null","null","ncconline.onmicrosoft.com","AzureADMyOrg","[]","null","null","null","[]","[]","[]","null","null","null","null","null","[]","Allow","[]","null","null","false","false"
"""D365 Sales Agent - Stakeholder Research (Microsoft Copilot Studio)""","7b1a88cb-4012-4296-a5e7-98c72593edf9","2025-06-07T00:47:27Z","[]","[]","51dd1b80-4916-4d2c-a0e5-119e417468f5","null","[]","null","null","ncconline.onmicrosoft.com","AzureADMyOrg","[""AIAgentBuilder"",""AgentCreatedBy:CopilotStudio"",""AgenticApp"",""power-virtual-agents-01f5daf8-452d-d63e-aeba-c8dc24ec68c0""]","null","null","null","[]","[]","[]","null","null","null","null","null","[]","Allow","[]","null","null","false","false"
"""ar-test-cmn-ramp-deliveryapp""","b8de086f-b759-4bea-bff6-0621245ae493","2024-10-14T14:30:31Z","[]","[{""customKeyIdentifier"":null,""displayName"":""ServiceBus-DeliveryApp-AppReg-ClientSecret"",""endDateTime"":""2026-10-15T14:32:44.977Z"",""hint"":""3IN"",""keyId"":""819cda25-2e2e-462d-9a64-1cb0615b9a22"",""startDateTime"":""2024-10-15T14:32:44.977Z"",""secretText"":null},{""customKeyIdentifier"":null,""displayName"":""DeliveryApp-AppReg-Ramp-ClientSecret"",""endDateTime"":""2026-10-15T14:32:13.941Z"",""hint"":""_g9"",""keyId"":""3e913d32-b4d5-4943-93e2-86c9237c0622"",""startDateTime"":""2024-10-15T14:32:13.941Z"",""secretText"":null}]","522b8707-a782-49fb-9ab6-34dd5e1dcb9a","null","[]","null","null","ncconline.onmicrosoft.com","AzureADMyOrg","[]","null","null","null","[]","[]","[]","null","null","null","null","null","[]","Allow","[]","null","null","false","false"
"""D365 Sales Agent - TCP Prefill Agent (Microsoft Copilot Studio)""","390d0cb3-75d7-4f40-a9e6-6792bc284558","2025-08-18T22:45:54Z","[]","[]","5272b3f5-e140-4259-9b91-4e67fb99bc4e","null","[]","null","null","ncconline.onmicrosoft.com","AzureADMyOrg","[""AIAgentBuilder"",""AgentCreatedBy:CopilotStudio"",""AgenticApp"",""power-virtual-agents-80860de1-8c3b-1f45-7a73-520e6e2beae1""]","null","null","null","[]","[]","[]","null","null","null","null","null","[]","Allow","[]","null","null","false","false"
"""ar-dev-cmn-nccfield""","1e17e405-0719-4516-8a60-c331f80f5579","2024-05-06T13:03:33Z","[]","[{""customKeyIdentifier"":null,""displayName"":""Integration-platform-secret"",""endDateTime"":""2026-05-06T13:05:43.531Z"",""hint"":""JOF"",""keyId"":""754bf270-1407-4a65-9c2d-cddf0860ea85"",""startDateTime"":""2024-05-06T13:05:43.531Z"",""secretText"":null}]","52a2bc41-6016-4284-9244-5a50d211c044","null","[]","null","null","ncconline.onmicrosoft.com","AzureADMyOrg","[]","null","null","null","[]","[]","[]","null","null","null","null","null","[]","Allow","[]","null","null","false","false"
"""ar-test-cmn-integration-TA-corp01""","9009ed20-bba6-423d-b93f-891bb0e4419e","2023-07-19T07:50:07Z","[]","[{""customKeyIdentifier"":null,""displayName"":""Azure Dev Ops Service Connection"",""endDateTime"":""2026-07-19T13:19:20.816Z"",""hint"":""TEF"",""keyId"":""c25e8031-f004-466e-9001-d35c00a733a7"",""startDateTime"":""2026-01-20T14:19:20.816Z"",""secretText"":null}]","52cca42d-8686-4437-9a5b-c51786c0cf8b","null","[]","null","null","ncconline.onmicrosoft.com","AzureADMyOrg","[]","null","null","null","[]","[]","[]","null","null","null","null","null","[]","Allow","[]","null","null","false","false"
"""ar-dev-cmn-ramp-streambim""","5f15df5f-e415-47cd-9fcb-f0db0dc445da","2023-10-16T13:13:08Z","[]","[{""customKeyIdentifier"":null,""displayName"":""streambimsecret"",""endDateTime"":""2026-04-24T11:17:09.429Z"",""hint"":""4n5"",""keyId"":""27fd1803-a011-42a0-8caf-4ef3cb3f8c1a"",""startDateTime"":""2024-04-24T11:17:09.429Z"",""secretText"":null},{""customKeyIdentifier"":null,""displayName"":""Secret for accessing EventToCorp/PublishProductionIssue"",""endDateTime"":""2026-02-04T10:38:41.324Z"",""hint"":""~yv"",""keyId"":""9390da88-a0a2-4b6b-9d0f-b9468dda2d8a"",""startDateTime"":""2024-02-05T10:38:41.324Z"",""secretText"":null}]","530631f5-bcbe-4596-a3ad-76cba2df865c","null","[]","null","null","ncconline.onmicrosoft.com","AzureADMyOrg","[]","null","null","null","[]","[]","[]","null","null","null","null","null","[]","Allow","[""https://dev.streambim.com/federation/callback""]","null","null","true","true"
"""D365 Sales Agent - Opportunity Research (Microsoft Copilot Studio)""","5ae8c14d-3306-4055-b1b7-cd0633766126","2025-08-19T07:51:35Z","[]","[]","533256d0-d8bf-43e9-9ef4-8235c3e3f450","null","[]","null","null","ncconline.onmicrosoft.com","AzureADMyOrg","[""AIAgentBuilder"",""AgentCreatedBy:CopilotStudio"",""AgenticApp"",""power-virtual-agents-d95869e9-0369-2592-59eb-2007e0c287dd""]","null","null","null","[]","[]","[]","null","null","null","null","null","[]","Allow","[]","null","null","false","false"
"""sqlmi-test-cmn-qualiware principal""","3b64071e-e112-4897-b351-19d22d6f6694","2022-03-10T13:24:01Z","[{""customKeyIdentifier"":""1DE48A484F66DF6972AE0FF6A47ABCFB18A504DE"",""displayName"":""CN=service-principal.380eb4e8725a.database.windows.net, O=Microsoft Corporation, L=Redmond"",""endDateTime"":""2026-05-13T05:26:40Z"",""keyId"":""406a0dd3-ca52-40ca-9804-673fe4ac2f74"",""startDateTime"":""2025-11-14T05:26:40Z"",""type"":""AsymmetricX509Cert"",""usage"":""Verify"",""key"":null}]","[]","533e221f-738d-4028-9350-3e8e8c195fc3","null","[""api://d04499d5-2857-4e28-9177-6e949859db83/MSSQLSvc/sqlmi-test-cmn-qualiware.380eb4e8725a.database.windows.net:1433"",""api://d04499d5-2857-4e28-9177-6e949859db83/MSSQLSvc/sqlmi-test-cmn-qualiware.internal.380eb4e8725a.database.windows.net:1433"",""api://d04499d5-2857-4e28-9177-6e949859db83/MSSQLSvc/sqlmi-test-cmn-qualiware.privatelink.380eb4e8725a.database.windows.net:1433"",""api://d04499d5-2857-4e28-9177-6e949859db83/MSSQLSvc/sqlmi-test-cmn-qualiware.public.380eb4e8725a.database.windows.net:3342"",""api://d04499d5-2857-4e28-9177-6e949859db83/MSSQLSvc/sqlmi-test-cmn-qualiware.public.internal.380eb4e8725a.database.windows.net:3342"",""api://d04499d5-2857-4e28-9177-6e949859db83/MSSQLSvc/sqlmi-test-cmn-qualiware.public.internal.380eb4e8725a.database.windows.net:1433""]","null","SecurityGroup","ncconline.onmicrosoft.com","AzureADMyOrg","[""KerberosPolicy:ExchangeForJwt""]","null","1","null","[]","[]","[]","null","null","null","null","null","[]","Allow","[]","null","null","false","false"
"""NccDevelopment-Stone-Skut detection-Deploy SU09 PROD""","15ffdc8a-7ced-4774-adba-09c12ce0de53","2023-12-06T09:23:57Z","[]","[]","537ee189-7014-4c4d-80d6-f1df1ad55c3c","null","[]","null","null","ncconline.onmicrosoft.com","AzureADandPersonalMicrosoftAccount","[]","null","2","null","[]","[]","[]","null","null","null","null","null","[]","Allow","[]","null","null","false","false"
"""ar-prod-cmn-AMO-Intune-Connector""","0c0f785e-25b9-4ffb-8125-0040a0f1c97e","2022-09-21T14:40:26Z","[]","[{""customKeyIdentifier"":null,""displayName"":""AMO Integration 2024Q4"",""endDateTime"":""2026-10-22T10:17:41.554Z"",""hint"":"".xW"",""keyId"":""87894e0b-8269-434e-a8d2-d1c76812400a"",""startDateTime"":""2024-10-22T10:17:41.554Z"",""secretText"":null},{""customKeyIdentifier"":null,""displayName"":""AMO Integration 2023Q4"",""endDateTime"":""2024-11-19T08:22:24.997Z"",""hint"":""jod"",""keyId"":""92a94cfa-b820-4fb9-ace3-9d0a532c2793"",""startDateTime"":""2023-11-20T08:22:24.997Z"",""secretText"":null}]","539184b3-e18e-499f-aa4e-9bb81ad93908","null","[]","null","null","ncconline.onmicrosoft.com","AzureADMyOrg","[]","null","null","null","[]","[]","[]","null","null","null","null","null","[]","Allow","[]","null","null","false","false"
"""ar-test-cmn-ramp-ramismart""","eacb3733-2235-45f9-a369-79acfcd4e13a","2024-03-25T09:28:29Z","[]","[{""customKeyIdentifier"":null,""displayName"":""Ramp-AppReg"",""endDateTime"":""2026-04-15T05:42:43.703Z"",""hint"":""3Vg"",""keyId"":""8b8d599a-859e-44ef-8d97-894995df99f2"",""startDateTime"":""2024-04-15T05:42:43.703Z"",""secretText"":null}]","53a637db-e1b8-4f4a-995c-955670805437","null","[]","null","null","ncconline.onmicrosoft.com","AzureADMyOrg","[]","null","null","null","[]","[]","[]","null","null","null","null","null","[]","Allow","[]","null","null","false","false"
"""WindowsAdminCenter-https://wac.adroot.net""","bfb3498c-f793-458a-9cae-0b6493b92112","2020-04-01T12:49:46Z","[]","[]","53d5ea40-7bbd-41ac-b4c4-335acc3badc3","null","[""https://wac.adroot.net/cb0fdddf-4ae9-4410-ad3f-72d5f16536e8""]","null","All","ncconline.onmicrosoft.com","AzureADMyOrg","[]","null","null","null","[]","[]","[]","null","null","null","null","null","[]","Allow","[""https://wac.adroot.net""]","null","null","true","true"
"""NccDevelopment-cmn-ExternalWeb-536512e6-44e5-4e9a-849a-33131501e63f""","3996ee46-de63-4b15-bded-9b3728f94322","2019-04-02T08:24:43Z","[]","[{""customKeyIdentifier"":null,""displayName"":""azure devops service connection"",""endDateTime"":""2027-04-11T08:50:42.322Z"",""hint"":""~k-"",""keyId"":""fc6f7b02-bdc5-4c93-a0df-d26de74afa65"",""startDateTime"":""2025-04-11T08:50:42.322Z"",""secretText"":null},{""customKeyIdentifier"":null,""displayName"":""Password uploaded on Tue Apr 11 2023"",""endDateTime"":""2025-04-10T14:30:37.051Z"",""hint"":""6vp"",""keyId"":""bbeb8684-23e7-43b0-a95e-5cf31671fdb9"",""startDateTime"":""2023-04-11T14:30:37.051Z"",""secretText"":null},{""customKeyIdentifier"":null,""displayName"":""Password uploaded on Wed Apr 07 2021"",""endDateTime"":""2023-04-07T14:22:48.127Z"",""hint"":""Ou8"",""keyId"":""058d29a7-a4d4-47d8-89fc-b2857756f0a7"",""startDateTime"":""2021-04-07T14:34:17.821Z"",""secretText"":null},{""customKeyIdentifier"":null,""displayName"":""Secret"",""endDateTime"":""2299-12-30T23:00:00Z"",""hint"":""djW"",""keyId"":""93cdb46d-d91e-4db1-967e-7ca67aa3742b"",""startDateTime"":""2020-06-12T13:18:23.871Z"",""secretText"":null}]","53f1dbe4-a13e-4c00-9b65-376eecfb0537","null","[""https://VisualStudio/SPNa73ea0a7-cc1c-4705-b6b3-3bcdf2d3a7f1""]","null","null","ncconline.onmicrosoft.com","AzureADMyOrg","[]","null","null","null","[]","[]","[]","null","null","null","null","null","[]","Allow","[""https://VisualStudio/SPN""]","https://VisualStudio/SPN","null","true","false"
"""iChemistry""","9229ab6e-dba6-44ea-b64e-8f48ab9046b7","2022-09-09T13:40:50Z","[]","[]","53fdc17f-4b74-4fcb-bb1c-1c524cadfae4","false","[""iChemistrySSO-prod""]","null","null","ncconline.onmicrosoft.com","AzureADMyOrg","[]","null","null","null","[]","[]","[]","null","null","null","null","null","[]","Allow","[""https://ichemistry.intersolia.com/SingleSignOn/Login""]","https://account.activedirectory.windowsazure.com:444/applications/default.aspx?metadata=customappsso|ISV9.1|primary|z","null","true","false"
"""ar-prod-intune-clearpasspolicymanager""","8837adc8-4679-419d-9817-70f6df98b9c4","2024-11-07T07:23:48Z","[]","[{""customKeyIdentifier"":null,""displayName"":""Password uploaded on Mon Sep 29 2025"",""endDateTime"":""2027-09-29T13:37:49.602Z"",""hint"":""-D5"",""keyId"":""18de9df7-5d82-4563-b634-b534b8699b23"",""startDateTime"":""2025-09-29T13:37:49.602Z"",""secretText"":null}]","540f859f-9a10-4d6d-be8a-ef966053d810","null","[]","null","null","ncconline.onmicrosoft.com","AzureADMyOrg","[]","null","null","null","[]","[]","[]","null","null","null","null","null","[]","Allow","[]","null","null","false","false"
"""test alex en (Power Virtual Agents)""","d79fcc3e-cbce-40c8-8697-915943e0d3e1","2023-08-22T09:27:46Z","[{""customKeyIdentifier"":""239527ECF41F3FCFADBF68F93689FD4EBE19A3B0"",""displayName"":""CN=service.prod.powerva.microsoft.com"",""endDateTime"":""2025-04-07T12:38:06Z"",""keyId"":""cb1060ab-6e13-42c2-92b6-933029162145"",""startDateTime"":""2024-04-12T12:38:06Z"",""type"":""AsymmetricX509Cert"",""usage"":""Verify"",""key"":null},{""customKeyIdentifier"":""AE73A31ACC0C048845C3061C23E937AB5A2DD8E9"",""displayName"":""CN=service.prod.powerva.microsoft.com"",""endDateTime"":""2025-07-01T18:00:12Z"",""keyId"":""904c6666-264a-4b8e-92db-552ff192a546"",""startDateTime"":""2024-07-06T18:00:12Z"",""type"":""AsymmetricX509Cert"",""usage"":""Verify"",""key"":null},{""customKeyIdentifier"":""B6C661C8030E4E183E0302200427CB5AF67566E5"",""displayName"":""CN=service.prod.powerva.microsoft.com"",""endDateTime"":""2025-09-24T20:02:14Z"",""keyId"":""6633e94b-de24-48c1-bbd7-51c3d8f7a4e2"",""startDateTime"":""2024-09-29T20:02:14Z"",""type"":""AsymmetricX509Cert"",""usage"":""Verify"",""key"":null},{""customKeyIdentifier"":""A69D470844D394FD34BC05D828F3F189CE5E3B35"",""displayName"":""CN=service.prod.powerva.microsoft.com"",""endDateTime"":""2025-06-22T08:19:17Z"",""keyId"":""9007af75-0170-401f-8295-f093ccfa4629"",""startDateTime"":""2024-12-24T08:19:17Z"",""type"":""AsymmetricX509Cert"",""usage"":""Verify"",""key"":null}]","[]","542d2940-8f5a-444b-a5e3-73d21080aca1","null","[]","null","null","ncconline.onmicrosoft.com","AzureADMultipleOrgs","[""power-virtual-agents-441782f7-87e2-4f72-8c21-74e4e3767bfc""]","null","null","null","[]","[]","[]","null","null","null","null","null","[]","Allow","[]","null","null","false","false"
"""Test (Microsoft Copilot Studio)""","116cf91b-e552-441b-b26a-0c3d4075b5de","2025-02-05T20:38:56Z","[]","[]","54351a5f-c68a-4fbd-a70d-849f2bd660b3","null","[]","null","null","ncconline.onmicrosoft.com","AzureADMyOrg","[""AIAgentBuilder"",""AgentCreatedBy:CopilotStudio"",""AgenticApp"",""power-virtual-agents-43d354fe-a9bb-5912-2ffd-addfdc5dfbad""]","null","null","null","[]","[]","[]","null","null","null","null","null","[]","Allow","[]","null","null","false","false"
"""ncc-tfs-NCC-prod-cmn-appiot-536512e6-44e5-4e9a-849a-33131501e63f""","090c9946-7532-4887-8310-d43ed2638f99","2018-02-12T12:24:04Z","[]","[{""customKeyIdentifier"":null,""displayName"":null,""endDateTime"":""2020-02-12T12:24:04.2402081Z"",""hint"":null,""keyId"":""bc170078-a636-4523-a1ef-cbc37929b9fa"",""startDateTime"":""2018-02-12T12:24:04.2402081Z"",""secretText"":null}]","543e9b11-9ca2-4bc4-ac20-3a879c97e234","null","[""https://VisualStudio/SPN173674fd-82b4-4b6e-a2e1-1468a72ed5bf""]","null","null","null","AzureADMyOrg","[]","null","null","null","[]","[]","[]","null","null","null","null","null","[]","Allow","[""https://VisualStudio/SPN""]","https://VisualStudio/SPN","null","true","false"
"""ar-dev-cmn-ramp-helix""","1369f61e-68cb-40dd-8704-c7ceef458223","2025-08-15T13:34:09Z","[]","[{""customKeyIdentifier"":null,""displayName"":""Ramp-AppReg-ClientSecret"",""endDateTime"":""2028-01-27T13:11:52.398Z"",""hint"":""r.~"",""keyId"":""430ca72a-e658-48cf-b64e-1a4b19c3f631"",""startDateTime"":""2026-01-27T13:11:52.398Z"",""secretText"":null}]","548e3580-06e2-49a3-9054-4eb52931a4ee","null","[]","null","null","ncconline.onmicrosoft.com","AzureADMyOrg","[]","null","null","null","[]","[]","[]","null","null","null","null","null","[]","Allow","[]","null","null","false","false"
"""Digienhed No Agents (Microsoft Copilot Studio)""","95d9c4a1-142e-4023-be68-c4bcadc15637","2025-09-19T12:08:03Z","[]","[]","54ae66a2-e6f6-4bea-862b-c95a884ecf88","null","[]","null","null","ncconline.onmicrosoft.com","AzureADMyOrg","[""AIAgentBuilder"",""AgentCreatedBy:CopilotStudio"",""AgenticApp"",""power-virtual-agents-a97a5e2f-cc67-f10e-6228-4decb1228aea""]","null","null","null","[]","[]","[]","null","null","null","null","null","[]","Allow","[]","null","null","false","false"
"""ar-prod-ind-nccconnect-DevOps""","2305ffff-0098-4cab-92e5-ddd14d8555b1","2022-10-06T10:51:30Z","[]","[{""customKeyIdentifier"":null,""displayName"":""Used by AzureDevops for deployment 2026"",""endDateTime"":""2026-09-12T06:12:24.153Z"",""hint"":""bPL"",""keyId"":""edaad486-dfd0-45f2-a06b-bf23c38db0b8"",""startDateTime"":""2024-09-12T06:12:24.153Z"",""secretText"":null}]","54c6eee0-7285-4615-bb33-8c3e7b2a73e8","null","[]","null","null","ncconline.onmicrosoft.com","AzureADMyOrg","[]","null","null","null","[]","[]","[]","null","null","null","null","null","[]","Allow","[]","null","null","false","false"
"""ar-prod-cmn-pmo-devops""","05b98ba4-5b5d-46e9-b52f-3c921641c9eb","2024-01-19T10:48:17Z","[]","[{""customKeyIdentifier"":null,""displayName"":""PMO"",""endDateTime"":""2026-02-11T13:36:46.601Z"",""hint"":""HOP"",""keyId"":""e8eafa8a-fcfd-498b-ba7f-93573a4ca739"",""startDateTime"":""2024-02-12T13:36:46.601Z"",""secretText"":null}]","54ca429f-e498-4252-a8ae-fd246258438a","null","[]","null","null","ncconline.onmicrosoft.com","AzureADMyOrg","[]","null","null","null","[]","[]","[]","null","null","null","null","null","[]","Allow","[]","null","null","false","false"
"""ar-prod-cmn-adapter-dkmiddleman""","008c1270-f948-4fca-bfa9-583e4b6d5f68","2024-12-17T13:28:27Z","[]","[{""customKeyIdentifier"":null,""displayName"":""DKmiddelman prod secret"",""endDateTime"":""2026-03-30T10:43:51.574Z"",""hint"":""Sui"",""keyId"":""6d40fb13-76cd-4ae5-b25f-35e378578ef3"",""startDateTime"":""2025-10-01T10:43:51.574Z"",""secretText"":null}]","54cc6e9a-48de-4639-893d-b54d66a02d4f","null","[]","null","null","ncconline.onmicrosoft.com","AzureADMyOrg","[]","null","null","null","[]","[]","[]","null","null","null","null","null","[]","Allow","[]","null","null","false","false"
"""wvdsvcsu06""","6cd0734c-278c-4921-8a97-1cf32b27ad17","2019-10-01T13:14:20Z","[]","[{""customKeyIdentifier"":null,""displayName"":null,""endDateTime"":""2020-10-01T13:14:21.3732834Z"",""hint"":null,""keyId"":""40099433-14fb-4b4c-8356-5eafd5e63f30"",""startDateTime"":""2019-10-01T13:14:21.3732834Z"",""secretText"":null}]","55042b03-4a49-4dbb-b7ab-8bdc38a5fc40","null","[]","null","null","ncconline.onmicrosoft.com","AzureADMultipleOrgs","[]","null","null","null","[]","[]","[]","null","null","null","null","null","[]","Allow","[]","null","null","true","false"
"""ar-prod-cmn-api-customer""","ba0f9e9e-b205-4e4f-9db6-c111f027196b","2017-06-16T09:33:38Z","[]","[{""customKeyIdentifier"":""awBlAHkA"",""displayName"":null,""endDateTime"":""2299-12-30T23:00:00Z"",""hint"":null,""keyId"":""6b3b1bff-3a92-4aa1-b55d-73a71e7191c2"",""startDateTime"":""2017-06-16T09:35:19.6480667Z"",""secretText"":null}]","551704ce-0802-4fd6-9934-735f38ece6f9","false","[""https://ncconline.onmicrosoft.com/b50683ef-83a2-41e1-81b4-f432d27b505f""]","null","null","null","AzureADMyOrg","[]","null","null","null","[]","[]","[]","null","null","null","null","null","[]","Allow","[""http://aa-prod-cmn-api-customer.ase-prod-cmn-ase01.p.azurewebsites.net""]","http://aa-prod-cmn-api-customer.ase-prod-cmn-ase01.p.azurewebsites.net","null","true","false"
"""ar-prod-cmn-wordpress-nccblog""","28241165-75a2-48ef-9046-2cbde7cde75a","2018-10-29T12:07:36Z","[]","[{""customKeyIdentifier"":null,""displayName"":""New CS"",""endDateTime"":""2026-03-11T10:04:56.971Z"",""hint"":""l6L"",""keyId"":""2b7c748b-8c78-4814-b6de-1bb9a9fda1f3"",""startDateTime"":""2025-09-12T09:04:56.971Z"",""secretText"":null}]","5545fd98-6a79-4f56-ad2f-a6d83aec9b5a","false","[""https://ncconline.onmicrosoft.com/cefac1af-d630-4df6-98cf-377dfd115475""]","null","null","null","AzureADMyOrg","[]","null","null","null","[]","[]","[]","null","null","null","null","null","[]","Allow","[""https://blog.ncc.dk/wp-login.php"",""https://blog.ncc.no/wp-login.php"",""https://blog.ncc.fi/wp-login.php"",""https://blog.ncc.se/wp-login.php""]","https://blog.ncc.se/wp-login.php","null","true","false"
"""ar-prod-cmn-wordpress-hangar5""","c587a6d1-9fc2-47e3-9d10-d6de2d734496","2019-01-22T11:56:53Z","[]","[{""customKeyIdentifier"":null,""displayName"":""Hangar5"",""endDateTime"":""2026-06-14T12:49:35.177Z"",""hint"":""Ltc"",""keyId"":""e1781d6a-da0d-4829-8670-413b4c4b5681"",""startDateTime"":""2024-06-14T12:49:35.177Z"",""secretText"":null}]","55712e0b-c18c-4e94-81f9-4ce4050d1ea0","false","[""https://ncconline.onmicrosoft.com/b2a8057a-fe76-4f7d-9cd8-835a897e7320""]","null","null","ncconline.onmicrosoft.com","AzureADMyOrg","[]","null","null","null","[]","[]","[]","null","null","null","null","null","[]","Allow","[""https://hangar5.se/wp-login.php""]","https://hangar5.se/wp-login.php","null","true","false"
"""ar-test-cmn-medarbejderportal""","9f7340d3-fa3e-4d96-9e3f-877ee54686cb","2021-01-07T15:39:45Z","[]","[{""customKeyIdentifier"":null,""displayName"":""Password uploaded on Fri Jan 08 2021"",""endDateTime"":""2023-01-08T14:09:58.041Z"",""hint"":""Vp2"",""keyId"":""020cadfc-a634-434a-be5f-698a1a862c22"",""startDateTime"":""2021-01-08T14:10:08.02Z"",""secretText"":null}]","55a44a6c-e839-480a-a10f-2bf08a4040c7","null","[]","null","SecurityGroup","ncconline.onmicrosoft.com","AzureADMyOrg","[]","null","null","true","[]","[]","[]","null","null","null","null","null","[]","Allow","[""https://cmnap157.adroot.net/employeechecklist/"",""https://cmnap157.adroot.net/medarbejderportal/"",""https://cmnap157.adroot.net/WSAddress/""]","null","null","true","false"
"""ar-test-ind-CapCargoDriverApp""","daba06ab-f2f5-4b26-9142-729d2fd89538","2021-06-07T13:32:12Z","[]","[{""customKeyIdentifier"":null,""displayName"":""ar-test-ind-CapCargoDriverApp"",""endDateTime"":""2023-06-08T14:25:21.368Z"",""hint"":""QJN"",""keyId"":""d2654b1c-ade7-4806-a844-5a132abd93e7"",""startDateTime"":""2021-06-08T14:26:00.478Z"",""secretText"":null}]","55c8b3b4-53d9-420c-a5e0-dd6c7f0fce7f","null","[]","null","null","ncconline.onmicrosoft.com","AzureADMyOrg","[]","null","null","null","[]","[]","[]","null","null","null","null","null","[]","Allow","[]","null","null","false","false"
"""D365 Sales FIRE Agent - Rating Generator (Microsoft Copilot Studio)""","c269b639-0699-4b3c-8be7-57af3def0d57","2025-06-29T18:19:32Z","[]","[]","55e121b5-c545-4d00-ad62-71a889a57cfd","null","[]","null","null","ncconline.onmicrosoft.com","AzureADMyOrg","[""AIAgentBuilder"",""AgentCreatedBy:CopilotStudio"",""AgenticApp"",""power-virtual-agents-7ee2bdfd-0a2e-900d-2b5a-c774a9ae5ddb""]","null","null","null","[]","[]","[]","null","null","null","null","null","[]","Allow","[]","null","null","false","false"
"""ar-prod-cmn-ramp-cimtools""","62f88fe4-ad89-460d-9ed3-6d1bfca00d21","2024-07-24T07:40:11Z","[]","[]","563ac3e6-e2cc-4df1-be18-fb58805915ea","null","[]","null","null","ncconline.onmicrosoft.com","AzureADMyOrg","[]","null","null","null","[]","[]","[]","null","null","null","null","null","[]","Allow","[]","null","null","false","false"
"""ar-prod-ind-dtc-web""","6dc99eac-b70d-4a24-ba7a-3698b7157d2c","2020-06-23T12:31:45Z","[]","[{""customKeyIdentifier"":null,""displayName"":""DTCWeb2024"",""endDateTime"":""2026-08-05T22:00:00Z"",""hint"":""sGK"",""keyId"":""fea51408-37b6-4a6c-803b-fb0ef30c3157"",""startDateTime"":""2024-08-06T10:18:59.975Z"",""secretText"":null}]","565204bd-319f-4335-8598-ec0adaee9448","null","[""https://industry.ncc.group""]","null","null","ncconline.onmicrosoft.com","AzureADMyOrg","[]","null","null","null","[]","[]","[]","null","null","null","null","null","[]","Allow","[""https://wa-prod-ind-dtc-web.ncc.group""]","null","null","true","false"
"""ar-test-cmn-eso-totara-plugin""","545a414b-014b-4c4d-8c82-35693ed46be9","2021-07-20T12:01:55Z","[]","[{""customKeyIdentifier"":null,""displayName"":""Totara Global Client Secret"",""endDateTime"":""2026-11-22T13:20:26.535Z"",""hint"":""H.P"",""keyId"":""16680c0a-ab19-4a73-a1d6-dfc73f964523"",""startDateTime"":""2024-11-22T13:20:26.535Z"",""secretText"":null}]","56c54634-2890-45aa-b714-6b93dfca778d","null","[]","null","null","ncconline.onmicrosoft.com","AzureADMyOrg","[]","null","null","null","[]","[]","[]","null","null","null","null","null","[]","Allow","[]","null","null","false","false"
"""Totara - Prod""","cd87a2c6-257f-4cec-bd60-397a0b925ecd","2020-10-30T14:45:50Z","[{""customKeyIdentifier"":""MYxzCldnmaVDrrzXZqKgwccjyGrjqbDom01o5Ic2KVs="",""displayName"":""OU=moodle, S=moodle, O=NCC ..::stage::.., E=noreply@ncc.s.learning.nu, L=moodleville, C=AU"",""endDateTime"":""2026-11-27T08:26:06Z"",""keyId"":""f57d4726-d9aa-463f-80bb-6ffb84db2ff2"",""startDateTime"":""2016-11-29T08:26:06Z"",""type"":""AsymmetricX509Cert"",""usage"":""Encrypt"",""key"":null}]","[]","56d69945-e4a0-4a90-ab71-65092735c84e","false","[""https://nccacademy.learning.nu/auth/ssosaml/sp/idp-1""]","null","null","ncconline.onmicrosoft.com","AzureADMyOrg","[]","null","null","null","[]","[]","[]","null","null","null","null","null","[]","Allow","[""https://nccacademy.learning.nu/auth/ssosaml/sp/acs.php""]","https://account.activedirectory.windowsazure.com:444/applications/default.aspx?metadata=customappsso|ISV9.1|primary|z","https://nccacademy.learning.nu/auth/ssosaml/sp/slo.php","true","false"
"""Galicia Frontline Bot (Power Virtual Agents)""","4c7b9221-ccf7-4693-b1d9-c52b582f6448","2024-07-09T01:35:08Z","[]","[]","56ee0d64-2274-4075-82fb-581701df3729","null","[]","null","null","ncconline.onmicrosoft.com","AzureADMultipleOrgs","[""AIAgentBuilder"",""AgentCreatedBy:CopilotStudio"",""AgenticApp"",""power-virtual-agents-94063b16-6652-f71f-21ad-2d76e953e714""]","null","null","null","[]","[]","[]","null","null","null","null","null","[]","Allow","[]","null","null","false","false"
"""Sales Close Agent - Custom Research (Microsoft Copilot Studio)""","4efd240b-57c9-49a6-871b-72a5ad7efd06","2026-01-24T01:44:05Z","[]","[]","56f1540d-7737-4bb8-8405-8453c187275b","null","[]","null","null","ncconline.onmicrosoft.com","AzureADMyOrg","[""AIAgentBuilder"",""AgentCreatedBy:CopilotStudio"",""AgenticApp"",""power-virtual-agents-b841c9ba-235a-482f-80a1-23f6d5dde9b3""]","null","null","null","[]","[]","[]","null","null","null","null","null","[]","Allow","[]","null","null","false","false"
"""ar-dev-cmn-sokopro-sync""","fdc14034-1ede-49ac-be0e-98376de2f8a0","2021-12-21T11:39:36Z","[{""customKeyIdentifier"":""B68F870E7BE5C175A0E4AD20FFC3B2E4132386C9"",""displayName"":""CN=ncconline.onmicrosoft.com"",""endDateTime"":""2023-12-21T14:02:52Z"",""keyId"":""6c9ee174-e3c3-4154-a915-afaa03986b66"",""startDateTime"":""2021-12-21T13:52:53Z"",""type"":""AsymmetricX509Cert"",""usage"":""Verify"",""key"":null}]","[{""customKeyIdentifier"":null,""displayName"":""secret01"",""endDateTime"":""2023-12-21T11:41:06.164Z"",""hint"":""_Ts"",""keyId"":""c256dbaf-e781-4c4d-8cdd-128864101b4a"",""startDateTime"":""2021-12-21T11:41:06.164Z"",""secretText"":null}]","56f635e4-6c7b-4ac7-8db0-3a5890307ceb","null","[]","null","null","ncconline.onmicrosoft.com","AzureADMyOrg","[]","null","null","null","[]","[]","[]","null","null","null","null","null","[]","Allow","[]","null","null","false","false"
"""ar-dev-ind-dco""","23747666-feaf-4cea-87cc-c361525f671a","2019-09-23T07:03:32Z","[]","[{""customKeyIdentifier"":null,""displayName"":""Key Vault"",""endDateTime"":""2299-12-30T23:00:00Z"",""hint"":""XDK"",""keyId"":""e7a5555e-e275-4ac1-9adc-60196e88fc5c"",""startDateTime"":""2019-11-15T10:33:15.767Z"",""secretText"":null}]","57240080-cbec-4a12-8ef8-4341ec8aa6e5","null","[]","null","null","ncconline.onmicrosoft.com","AzureADMyOrg","[]","null","null","null","[]","[]","[]","null","null","null","null","null","[]","Allow","[""https://localhost:44352/signedin"",""http://localhost:57139/signedin"",""https://wa-dev-ind-dco.azurewebsites.net/signedin""]","null","https://wa-dev-ind-dco.azurewebsites.net/signout","true","true"
"""Customer Service Copilot Bot (Power Virtual Agents)""","0be1e239-7c84-446d-a5f5-b125c890833c","2024-04-15T22:43:59Z","[]","[]","573253d7-d57f-4f68-ac93-dd5b966059cb","null","[]","null","null","ncconline.onmicrosoft.com","AzureADMultipleOrgs","[""AIAgentBuilder"",""AgentCreatedBy:CopilotStudio"",""AgenticApp"",""power-virtual-agents-ee571322-865f-4dee-88ec-ff7f518d3dff""]","null","null","null","[]","[]","[]","null","null","null","null","null","[]","Allow","[]","null","null","false","false"
"""Purchase Portal Chatbot (Power Virtual Agents)""","745b0b5b-7112-4fae-a83a-974554f074f3","2023-10-10T12:29:29Z","[]","[]","57720581-00b3-4596-a233-38ed9d8c1aeb","null","[]","null","null","ncconline.onmicrosoft.com","AzureADMultipleOrgs","[""AIAgentBuilder"",""AgentCreatedBy:CopilotStudio"",""AgenticApp"",""power-virtual-agents-5504d3e1-f70f-4ea1-b640-9148d9cd6f6e""]","null","null","null","[]","[]","[]","null","null","null","null","null","[]","Allow","[]","null","null","false","false"
"""Stakeholder Agent (Microsoft Copilot Studio)""","03b8a6fd-39e6-409c-995a-81cfc9add1bb","2025-08-16T23:42:13Z","[]","[]","57752a45-9ef9-420b-bf94-935756e63300","null","[]","null","null","ncconline.onmicrosoft.com","AzureADMyOrg","[""AIAgentBuilder"",""AgentCreatedBy:CopilotStudio"",""AgenticApp"",""power-virtual-agents-e11d3122-16be-3139-65c1-afe75f2031b6""]","null","null","null","[]","[]","[]","null","null","null","null","null","[]","Allow","[]","null","null","false","false"
"""OmniaX""","c497fe9f-9b25-44df-8967-965920f76eeb","2018-06-15T08:27:13Z","[]","[]","57adc14f-6a86-42f6-ac5f-41c1a5996cb7","null","[""https://omnia5.azurewebsites.net/e5b5f2c3-2ba5-49c0-99c0-2fb8b43371de""]","null","null","null","AzureADMyOrg","[]","null","null","null","[]","[]","[]","null","null","null","null","null","[]","Allow","[]","null","null","true","false"
"""sc-prod-cmn-corepurchasing-ase""","3e60099c-f5c6-4fbd-a9ce-8934a6d7c1e7","2024-09-04T06:51:59Z","[]","[{""customKeyIdentifier"":null,""displayName"":""serviceConnection"",""endDateTime"":""2026-09-04T06:53:17.589Z"",""hint"":""Daw"",""keyId"":""7e514ac0-08b1-45ae-af59-09111512b0b7"",""startDateTime"":""2024-09-04T06:53:17.589Z"",""secretText"":null}]","57b28872-1b4d-488c-9610-e42981a20ca9","null","[]","null","null","ncconline.onmicrosoft.com","AzureADMyOrg","[]","null","null","null","[]","[]","[]","null","null","null","null","null","[]","Allow","[]","null","null","false","false"
"""SpeakUp SSO""","f5898328-c024-4b45-8ca3-32aa0aa7fcc9","2025-04-04T07:11:42Z","[]","[]","57b45d53-a889-4f45-b93d-ad6b65e873d5","false","[""urn:amazon:cognito:sp:eu-central-1_qzQY9dGlI""]","null","null","ncconline.onmicrosoft.com","AzureADMyOrg","[]","null","null","null","[]","[]","[]","null","null","null","null","null","[]","Allow","[""https://ncc-1706701408158.auth.eu-central-1.amazoncognito.com/saml2/idpresponse""]","https://account.activedirectory.windowsazure.com:444/applications/default.aspx?metadata=customappsso|ISV9.1|primary|z","null","true","false"
"""ar-dev-ind-validatemove""","07bf4a41-f799-4f34-aee3-dcee14496a1d","2020-10-19T14:46:11Z","[]","[{""customKeyIdentifier"":null,""displayName"":""Postman secret"",""endDateTime"":""2022-10-19T14:48:18.429Z"",""hint"":""_vk"",""keyId"":""f3c4fbc1-4a67-4cb3-af9e-2adf3aaabae0"",""startDateTime"":""2020-10-19T14:48:30.617Z"",""secretText"":null}]","57b895a0-b19d-44bc-99e2-930907434b66","null","[]","null","null","ncconline.onmicrosoft.com","AzureADMyOrg","[]","null","null","null","[]","[]","[]","null","null","null","null","null","[]","Allow","[]","null","null","false","false"
"""ar-prod-cmn-nhip-globalid""","1328daec-fe57-416b-b0c1-6585981201d4","2022-06-28T14:34:02Z","[]","[{""customKeyIdentifier"":null,""displayName"":""Personal Secret HL"",""endDateTime"":""2026-07-20T12:43:08.659Z"",""hint"":""1L3"",""keyId"":""68bfe466-705c-48ee-8467-37534ae9e673"",""startDateTime"":""2026-01-21T13:43:08.659Z"",""secretText"":null},{""customKeyIdentifier"":null,""displayName"":""ServiceConnection_AzureDevOps_cmn_integration_rg_prod_cmn_nhip_globalidservice"",""endDateTime"":""2027-09-15T14:28:08.481Z"",""hint"":""8l."",""keyId"":""132bc006-eef0-43e9-ae32-f29d395f2596"",""startDateTime"":""2025-09-15T14:28:08.481Z"",""secretText"":null},{""customKeyIdentifier"":null,""displayName"":""Personal Secret - Carita"",""endDateTime"":""2026-03-14T08:52:14.516Z"",""hint"":""2wq"",""keyId"":""da1be2ce-f3a8-4237-9499-ee6138eeb19a"",""startDateTime"":""2025-09-15T07:52:14.516Z"",""secretText"":null},{""customKeyIdentifier"":null,""displayName"":""Db Connection GlobalId Service Prod"",""endDateTime"":""2026-09-03T18:29:27.939Z"",""hint"":""CBn"",""keyId"":""91253daf-5125-4de2-a61a-96cab2e48dba"",""startDateTime"":""2025-09-03T18:29:27.939Z"",""secretText"":null},{""customKeyIdentifier"":null,""displayName"":""Personal Secret - Elisabeth Blom"",""endDateTime"":""2025-12-21T15:50:10.921Z"",""hint"":""tfU"",""keyId"":""3f0fbda0-3542-4a37-951a-c23d2a5726ad"",""startDateTime"":""2025-06-24T14:50:10.921Z"",""secretText"":null},{""customKeyIdentifier"":null,""displayName"":""Personal Secret - Wael"",""endDateTime"":""2025-12-21T15:35:33.123Z"",""hint"":""J6i"",""keyId"":""35c15059-bdb1-44e9-9b9b-d476fa18ea4c"",""startDateTime"":""2025-06-24T14:35:33.123Z"",""secretText"":null}]","57bf5fef-8669-4289-b63c-e7477c2bc2bf","null","[""api://globalid-prod.ncc.info""]","null","None","ncconline.onmicrosoft.com","AzureADMyOrg","[]","null","2","null","[]","[]","[]","null","null","null","null","null","[]","Allow","[]","null","null","false","false"
"""ar-prod-cmn-droneservice""","7bc62f6f-9bb6-492b-9c4e-979fda3e6cd8","2020-09-28T11:28:47Z","[]","[{""customKeyIdentifier"":null,""displayName"":""DeployProd"",""endDateTime"":""2299-12-30T23:00:00Z"",""hint"":""j2~"",""keyId"":""cc57faff-b6a3-47b4-af20-5b2fe38cce27"",""startDateTime"":""2020-10-05T08:32:06.269Z"",""secretText"":null},{""customKeyIdentifier"":null,""displayName"":""Deploy"",""endDateTime"":""2299-12-30T23:00:00Z"",""hint"":""om."",""keyId"":""1b96c966-add6-484d-bcc0-c5aa36933ff6"",""startDateTime"":""2020-09-28T11:30:25.425Z"",""secretText"":null}]","57eeb3c9-d24e-486b-a95c-3ce1423cfd3a","null","[]","null","null","ncconline.onmicrosoft.com","AzureADMyOrg","[]","null","null","null","[]","[]","[]","null","null","null","null","null","[]","Allow","[]","null","null","false","false"
"""D365 Sales Agent - Outreach (Microsoft Copilot Studio)""","8d0fea6f-489b-4c2e-aae3-2e47d7e0b7c7","2025-06-10T11:36:13Z","[]","[]","5815795e-7520-46c5-8651-7b8f33f831a3","null","[]","null","null","ncconline.onmicrosoft.com","AzureADMyOrg","[""AIAgentBuilder"",""AgentCreatedBy:CopilotStudio"",""AgenticApp"",""power-virtual-agents-2773d145-1e09-4a4a-aa86-d612146e36ce""]","null","null","null","[]","[]","[]","null","null","null","null","null","[]","Allow","[]","null","null","false","false"
"""ar-dev-cmn-ramp-refcvservice""","7ec4cb98-8b01-4b3f-ac20-c6c4be074d9e","2023-11-22T13:21:03Z","[]","[{""customKeyIdentifier"":null,""displayName"":""ServiceBus-Ramp-AppReg"",""endDateTime"":""2025-11-23T13:49:36.917Z"",""hint"":""sho"",""keyId"":""2f25196f-fe40-4d0a-958e-1de568c62258"",""startDateTime"":""2023-11-24T13:49:36.917Z"",""secretText"":null},{""customKeyIdentifier"":null,""displayName"":""Ramp-AppReg"",""endDateTime"":""2025-11-23T13:47:59.904Z"",""hint"":""pcd"",""keyId"":""22481471-9177-4af1-9de0-c90ebca05a39"",""startDateTime"":""2023-11-24T13:47:59.904Z"",""secretText"":null}]","58353fb3-9070-4850-9f8d-a1574d57ab3f","null","[]","null","null","ncconline.onmicrosoft.com","AzureADMyOrg","[]","null","null","null","[]","[]","[]","null","null","null","null","null","[]","Allow","[]","null","null","false","false"
"""ar-prod-cmn-crestronRoomBookingPanels""","f12c0aba-d044-4088-a4ff-87615616c517","2024-11-28T13:34:04Z","[]","[{""customKeyIdentifier"":null,""displayName"":""CrestronXIOCloud-Sweden"",""endDateTime"":""2026-12-18T17:38:27.113Z"",""hint"":""QP-"",""keyId"":""8b552ee6-a1d1-4189-8f24-2e83c256ae43"",""startDateTime"":""2024-12-18T17:38:27.113Z"",""secretText"":null},{""customKeyIdentifier"":null,""displayName"":""CrestronSolna"",""endDateTime"":""2026-12-04T14:00:26.202Z"",""hint"":""_8t"",""keyId"":""f4dc0112-7b01-4448-9307-237fa1566c1f"",""startDateTime"":""2024-12-04T14:00:26.202Z"",""secretText"":null}]","58404a53-7f41-4af9-a166-a43c9f43e682","null","[]","null","null","ncconline.onmicrosoft.com","AzureADMyOrg","[]","null","null","null","[]","[]","[]","null","null","null","null","null","[]","Allow","[]","null","null","false","false"
"""D365 Sales Agent - Competitor (Microsoft Copilot Studio)""","484ff639-0a42-4115-9b12-ce0f04b8e461","2025-07-28T19:32:00Z","[]","[]","5853460f-d34c-4775-9ac1-704cc3d7a813","null","[]","null","null","ncconline.onmicrosoft.com","AzureADMyOrg","[""AIAgentBuilder"",""AgentCreatedBy:CopilotStudio"",""AgenticApp"",""power-virtual-agents-d0487fff-e5e7-e7fd-5294-b14e2650b9a9""]","null","null","null","[]","[]","[]","null","null","null","null","null","[]","Allow","[]","null","null","false","false"
"""D365 Sales Agent - Engage Autonomous (Microsoft Copilot Studio)""","e257b0ad-6381-409d-bb64-47b746b2c273","2025-06-09T22:20:44Z","[]","[]","5863b711-e4e5-4109-83cd-e2add0094880","null","[]","null","null","ncconline.onmicrosoft.com","AzureADMyOrg","[""AIAgentBuilder"",""AgentCreatedBy:CopilotStudio"",""AgenticApp"",""power-virtual-agents-d3f989f2-cb1b-5561-2b2d-eb1d45ac9b28""]","null","null","null","[]","[]","[]","null","null","null","null","null","[]","Allow","[]","null","null","false","false"
"""Quality Evaluation Agent (Microsoft Copilot Studio)""","ba804cbe-8d6a-4987-906e-eb47a483f2d7","2025-11-07T22:09:07Z","[]","[]","58a2446a-6366-4eb8-a6b0-0f27be7dcf2f","null","[]","null","null","ncconline.onmicrosoft.com","AzureADMyOrg","[""AIAgentBuilder"",""AgentCreatedBy:CopilotStudio"",""AgenticApp"",""power-virtual-agents-0f150de1-850a-8b58-77bf-bef552255a55""]","null","null","null","[]","[]","[]","null","null","null","null","null","[]","Allow","[]","null","null","false","false"
"""AI Builder (Microsoft Copilot Studio)""","5d5e0f8d-4412-4593-8c4d-d763d4c81cd8","2024-11-28T12:14:29Z","[]","[]","58ec56e4-c5b7-4482-9bdc-fce08e91546d","null","[]","null","null","ncconline.onmicrosoft.com","AzureADMultipleOrgs","[""AIAgentBuilder"",""AgentCreatedBy:CopilotStudio"",""AgenticApp"",""power-virtual-agents-3cbde128-f9c2-b1fe-2be5-0e3a93ef645c""]","null","null","null","[]","[]","[]","null","null","null","null","null","[]","Allow","[]","null","null","false","false"
"""SA Operation (OPC) team agent (Microsoft Copilot Studio)""","9bbe4475-bad6-4f64-98bf-aed09d8ddb94","2025-06-16T08:24:45Z","[]","[]","596cfdcd-298f-48bb-8ec6-96cf4008b2fc","null","[]","null","null","ncconline.onmicrosoft.com","AzureADMyOrg","[""AIAgentBuilder"",""AgentCreatedBy:CopilotStudio"",""AgenticApp"",""power-virtual-agents-a10aa646-c6ad-295e-b701-4b9a685f7ec8""]","null","null","null","[]","[]","[]","null","null","null","null","null","[]","Allow","[]","null","null","false","false"
"""Agent (Microsoft Copilot Studio)""","7b8097ba-b1b7-453e-8b75-3337870c1b6a","2025-12-10T07:16:38Z","[]","[]","59761092-3b13-490b-ba0a-f801d4c729a2","null","[]","null","null","ncconline.onmicrosoft.com","AzureADMyOrg","[""AIAgentBuilder"",""AgentCreatedBy:CopilotStudio"",""AgenticApp"",""power-virtual-agents-492e43d2-c3e2-5c90-53b1-c3ad29391d34""]","null","null","null","[]","[]","[]","null","null","null","null","null","[]","Allow","[]","null","null","false","false"
"""NccDevelopment-ForeSee-rg-prod-cmn-foresee-wop""","b09c48d6-23ba-4633-bf14-fe73caa9bb98","2020-10-14T09:32:51Z","[]","[{""customKeyIdentifier"":null,""displayName"":""Password uploaded on Wed Oct 14 2020"",""endDateTime"":""2299-12-30T23:00:00Z"",""hint"":""Zo4"",""keyId"":""8af927da-402b-4342-8dec-c888a558b748"",""startDateTime"":""2020-10-14T09:33:47.271Z"",""secretText"":null}]","597bf3c5-41e3-469b-9121-754e9fef35b8","null","[]","null","null","ncconline.onmicrosoft.com","AzureADMyOrg","[]","null","null","null","[]","[]","[]","null","null","null","null","null","[]","Allow","[""https://VisualStudio/SPN""]","https://VisualStudio/SPN","null","true","false"
"""NCC ArchiveSearch""","218746fb-5d73-46b6-a1b6-764c048b3734","2021-12-01T08:12:26Z","[]","[{""customKeyIdentifier"":null,""displayName"":""CWAP_AuthSecret"",""endDateTime"":""2026-02-13T14:25:13.9894943Z"",""hint"":""4N_"",""keyId"":""4120e0a6-8145-4435-b898-56e260d55b3b"",""startDateTime"":""2025-02-13T14:21:13.9894943Z"",""secretText"":null},{""customKeyIdentifier"":""Q1dBUF9BdXRoU2VjcmV0"",""displayName"":null,""endDateTime"":""2025-05-13T08:23:36.861634Z"",""hint"":""La2"",""keyId"":""0b0f7d35-2171-4f91-89b1-76f906b9e87f"",""startDateTime"":""2024-05-13T08:19:36.861634Z"",""secretText"":null},{""customKeyIdentifier"":""Q1dBUF9BdXRoU2VjcmV0"",""displayName"":null,""endDateTime"":""2024-08-11T02:34:20.2689651Z"",""hint"":""Ir5"",""keyId"":""bcdceb36-58ac-4091-a167-62515c9c03a5"",""startDateTime"":""2023-08-12T02:30:20.2689651Z"",""secretText"":null}]","599089eb-ec91-47f5-b663-a4567ae47f3b","false","[""https://nccarchivesearch-ncconline.msappproxy.net/""]","null","null","ncconline.onmicrosoft.com","AzureADMyOrg","[]","null","null","null","[]","[]","[]","null","null","null","null","null","[]","Allow","[""https://nccarchivesearch-ncconline.msappproxy.net/""]","https://nccarchivesearch-ncconline.msappproxy.net/","https://nccarchivesearch-ncconline.msappproxy.net/?appproxy=logout","true","false"
"""ar-prod-cmn-w365-automation""","8255c1ce-4a33-4521-a9f1-d83eda768fe6","2022-04-11T20:22:13Z","[{""customKeyIdentifier"":""30820A6607317912BF5C90C79B3758FAA775DB8E"",""displayName"":""aa-prod-cmn-clientOps"",""endDateTime"":""2026-01-30T05:09:37Z"",""keyId"":""55c1ba92-10b5-4366-91b0-e781165c1fe2"",""startDateTime"":""2024-01-30T04:59:37Z"",""type"":""AsymmetricX509Cert"",""usage"":""Verify"",""key"":null}]","[{""customKeyIdentifier"":null,""displayName"":""kv-prod-cmn-clientOps"",""endDateTime"":""2026-04-16T07:21:18.286Z"",""hint"":""dT9"",""keyId"":""cad7f915-5792-4682-a16e-c9ee6106d445"",""startDateTime"":""2024-04-16T07:21:18.286Z"",""secretText"":null}]","59f105d9-8537-45ae-a02e-8bac3c8bdd9c","null","[]","null","null","ncconline.onmicrosoft.com","AzureADMyOrg","[]","null","null","null","[]","[]","[]","null","null","null","null","null","[]","Allow","[]","null","null","false","false"
"""ar-dev-cmn-ramp-supplierservice""","c139299b-3ecf-4497-be33-d911c3874166","2024-10-14T13:39:04Z","[]","[{""customKeyIdentifier"":null,""displayName"":""Ramp-AppReg-ClientSecret"",""endDateTime"":""2026-10-16T08:37:33.27Z"",""hint"":""rVj"",""keyId"":""8aaa45e5-4548-4b8c-a016-649ec3141977"",""startDateTime"":""2024-10-16T08:37:33.27Z"",""secretText"":null}]","5a26d7b6-a74a-4259-a933-11c446ae4259","null","[]","null","null","ncconline.onmicrosoft.com","AzureADMyOrg","[]","null","null","null","[]","[]","[]","null","null","null","null","null","[]","Allow","[]","null","null","false","false"
"""ar-dev-cmn-ramp-mepco""","b853756f-9b86-4c31-8e02-10ff8b71a7d8","2025-04-15T13:13:05Z","[]","[{""customKeyIdentifier"":null,""displayName"":""Ramp-AppReg-ClientSecret"",""endDateTime"":""2027-04-15T13:23:15.624Z"",""hint"":""UKe"",""keyId"":""c247ab66-67f4-4cee-b0de-9d3bca0b96d7"",""startDateTime"":""2025-04-15T13:23:15.624Z"",""secretText"":null}]","5a2a0e4d-5b24-4111-8a22-60805d869504","null","[]","null","null","ncconline.onmicrosoft.com","AzureADMyOrg","[]","null","null","null","[]","[]","[]","null","null","null","null","null","[]","Allow","[]","null","null","false","false"
"""ar-dev-cmn-ramp-synergi""","605898aa-1a40-41ff-b64e-b0dfd1806ca6","2025-11-20T14:14:42Z","[]","[{""customKeyIdentifier"":null,""displayName"":""Ramp-Appreg-ClientSecret"",""endDateTime"":""2026-11-24T15:45:23.669Z"",""hint"":""Dxu"",""keyId"":""f3051621-0914-4098-ae6e-f3a1aa8fa5aa"",""startDateTime"":""2025-11-24T15:45:23.669Z"",""secretText"":null}]","5a485d82-c33d-4016-b725-69fc68c69bb0","null","[]","null","null","ncconline.onmicrosoft.com","AzureADMyOrg","[]","null","null","null","[]","[]","[]","null","null","null","null","null","[]","Allow","[]","null","null","false","false"
"""ar-dev-ind-azconsum""","dc64a4ca-18c4-4840-88ee-a8ce849b5e14","2022-03-03T11:36:08Z","[]","[{""customKeyIdentifier"":null,""displayName"":""AzConsum Azure AD Client Secret"",""endDateTime"":""2024-03-03T14:00:15.148Z"",""hint"":""prI"",""keyId"":""6f674566-49bc-436b-ba91-c5600783684e"",""startDateTime"":""2022-03-03T14:00:15.148Z"",""secretText"":null}]","5a48ad3a-b8ea-4ccc-a72d-0c5c1b87ec6c","null","[""api://dc64a4ca-18c4-4840-88ee-a8ce849b5e14""]","null","null","ncconline.onmicrosoft.com","AzureADMultipleOrgs","[]","null","null","null","[]","[]","[]","null","null","null","null","null","[]","Allow","[""https://oauth.pstmn.io/v1/callback""]","null","null","true","true"
"""CUA - Test (Microsoft Copilot Studio)""","b290efd1-5fc1-47f6-8a1b-c351c43af5d6","2025-06-20T09:39:55Z","[]","[]","5a5d93ab-6a7e-4534-b953-71435d28f10e","null","[]","null","null","ncconline.onmicrosoft.com","AzureADMyOrg","[""AIAgentBuilder"",""AgentCreatedBy:CopilotStudio"",""AgenticApp"",""power-virtual-agents-28b4d26e-3e43-b264-bcc4-4c2c1898bd01""]","null","null","null","[]","[]","[]","null","null","null","null","null","[]","Allow","[]","null","null","false","false"
"""ar-test-cmn-APIMClient""","c90883ff-1303-4efd-ab96-07dda90d5e55","2022-05-30T12:29:49Z","[]","[{""customKeyIdentifier"":null,""displayName"":""Authn Key"",""endDateTime"":""2024-05-28T21:13:49.985Z"",""hint"":""49p"",""keyId"":""9e5efcf8-6b0d-441f-a224-d34acbf6a1bc"",""startDateTime"":""2023-11-30T22:13:49.985Z"",""secretText"":null}]","5a7adf01-d92e-449d-8539-33ef022f6652","null","[""api://c90883ff-1303-4efd-ab96-07dda90d5e55""]","null","null","ncconline.onmicrosoft.com","AzureADMyOrg","[]","null","2","null","[]","[]","[]","null","null","null","null","null","[]","Allow","[""https://localhost:8080"",""https://localhost:44321"",""https://apimanprodcmnnhipapimanagement.developer.azure-api.net/signin-oauth/code/callback/azuread-auth"",""https://developer.ncc.info/docs/services/azuread-auth/console/oauth2/authorizationcode/callback""]","null","null","false","false"
"""D365 Sales Agent - Custom Research (Microsoft Copilot Studio)""","ba7aad03-cedb-4717-94e4-72fa611fff07","2025-11-20T19:25:52Z","[]","[]","5aaa73cf-e7fe-42e2-869d-4b48636fd011","null","[]","null","null","ncconline.onmicrosoft.com","AzureADMyOrg","[""AIAgentBuilder"",""AgentCreatedBy:CopilotStudio"",""AgenticApp"",""power-virtual-agents-16f949a2-eb9b-e9d7-443a-cf3b64d05011""]","null","null","null","[]","[]","[]","null","null","null","null","null","[]","Allow","[]","null","null","false","false"
"""ar-test-cmn-dare""","4fc92e5e-6e71-4fc4-aae8-c9e97fb49b42","2023-12-05T10:35:48Z","[]","[]","5ad54026-5318-4d2c-9400-df1f1620d0f4","null","[]","null","null","ncconline.onmicrosoft.com","AzureADMyOrg","[]","null","null","null","[]","[]","[]","null","null","null","null","null","[]","Allow","[]","null","null","false","false"
"""ar-prod-cmn-ramp-mepco""","e8390907-3657-4d34-878f-303f3d5dfe94","2025-04-15T13:13:24Z","[]","[]","5ad76883-6e60-4661-a7f7-547f306e9fb8","null","[]","null","null","ncconline.onmicrosoft.com","AzureADMyOrg","[]","null","null","null","[]","[]","[]","null","null","null","null","null","[]","Allow","[]","null","null","false","false"
"""ar-prod-cmn-ramp-suppliercontrol""","b68d3458-6ece-4c8b-b651-4acf4efb5a68","2024-03-04T13:05:11Z","[]","[]","5afc40f4-887b-4464-9c95-f114128db473","null","[]","null","null","ncconline.onmicrosoft.com","AzureADMyOrg","[]","null","null","null","[]","[]","[]","null","null","null","null","null","[]","Allow","[]","null","null","false","false"
"""Test App Power2""","90acedc2-cff4-4a9f-8dbd-2d51c8153d40","2017-10-01T16:50:55Z","[]","[{""customKeyIdentifier"":null,""displayName"":null,""endDateTime"":""2019-10-01T16:50:54.7045775Z"",""hint"":null,""keyId"":""cdaeafda-0971-40c5-a6a4-33a9434778fe"",""startDateTime"":""2017-10-01T16:50:54.7045775Z"",""secretText"":null}]","5b12ed18-86d6-4b86-adbc-af6319f60e2e","null","[""https://ncc.fi/d2103b84-6752-4828-861d-a7a8b49366fa""]","null","null","null","AzureADMultipleOrgs","[]","null","null","null","[]","[]","[]","null","null","null","null","null","[]","Allow","[""http://localhost:13526/""]","http://localhost:13526/","null","true","false"
"""Quality Evaluation Agent (Microsoft Copilot Studio)""","bd113944-ea3a-4f4e-a3a7-7d478b28feb0","2025-11-08T23:37:49Z","[]","[]","5b21e347-256e-457a-a7c9-a6d3e3360e4b","null","[]","null","null","ncconline.onmicrosoft.com","AzureADMyOrg","[""AIAgentBuilder"",""AgentCreatedBy:CopilotStudio"",""AgenticApp"",""power-virtual-agents-d2ef474f-bfe2-476d-5d0b-c882ff7d6481""]","null","null","null","[]","[]","[]","null","null","null","null","null","[]","Allow","[]","null","null","false","false"
"""IoT Assistent (Microsoft Copilot Studio)""","0f0679a3-26b6-4c93-87dd-b01ebf2e2205","2025-09-10T12:14:53Z","[]","[]","5b2338ea-94dc-4456-9fd8-4be5799b15c7","null","[]","null","null","ncconline.onmicrosoft.com","AzureADMyOrg","[""AIAgentBuilder"",""AgentCreatedBy:CopilotStudio"",""AgenticApp"",""power-virtual-agents-ab79e440-c374-e896-25f3-e689d63c561d""]","null","null","null","[]","[]","[]","null","null","null","null","null","[]","Allow","[]","null","null","false","false"
"""ar-prod-cmn-AnalyticsTaxonomyApp""","deca7da5-cab8-463f-98a5-292c24ed0734","2022-12-20T11:36:46Z","[]","[{""customKeyIdentifier"":null,""displayName"":""Mimer Ingest 20251204"",""endDateTime"":""2026-06-02T12:29:34.818Z"",""hint"":""qWO"",""keyId"":""59bb8296-0338-4d4f-9e56-c9d66e82ea90"",""startDateTime"":""2025-12-04T13:29:34.818Z"",""secretText"":null}]","5b3aeedc-41ed-4b7f-98d7-d63febb83508","null","[]","null","null","ncconline.onmicrosoft.com","AzureADMyOrg","[]","null","null","null","[]","[]","[]","null","null","null","null","null","[]","Allow","[]","null","null","false","false"
"""Handläggare 1 (Microsoft Copilot Studio)""","b03fa472-095e-4180-aed4-facef2081407","2025-03-26T09:09:37Z","[]","[]","5b3def93-738b-477f-84d5-f1fff50ef87d","null","[]","null","null","ncconline.onmicrosoft.com","AzureADMyOrg","[""AIAgentBuilder"",""AgentCreatedBy:CopilotStudio"",""AgenticApp"",""power-virtual-agents-651413ed-e742-5b43-bc07-17179ca10222""]","null","null","null","[]","[]","[]","null","null","null","null","null","[]","Allow","[]","null","null","false","false"
"""Agent (Microsoft Copilot Studio)""","5e99b2ee-5950-411b-9fb7-cfe1f4394202","2025-09-10T12:04:51Z","[]","[]","5b40d087-7f5f-407c-8363-1ad6286eb165","null","[]","null","null","ncconline.onmicrosoft.com","AzureADMyOrg","[""AIAgentBuilder"",""AgentCreatedBy:CopilotStudio"",""AgenticApp"",""power-virtual-agents-7cd664a3-1a89-cee2-3b5e-8f99a527b185""]","null","null","null","[]","[]","[]","null","null","null","null","null","[]","Allow","[]","null","null","false","false"
"""Account reconciliation amounts (Microsoft Copilot Studio)""","381b2d73-74fb-4b3f-9dde-3d641e977723","2025-09-04T23:40:11Z","[]","[]","5b7983e1-fdb4-4c23-8fd0-d4bf57aa8391","null","[]","null","null","ncconline.onmicrosoft.com","AzureADMyOrg","[""AIAgentBuilder"",""AgentCreatedBy:CopilotStudio"",""AgenticApp"",""power-virtual-agents-250e471c-78b2-1764-5f7f-603a508587dc""]","null","null","null","[]","[]","[]","null","null","null","null","null","[]","Allow","[]","null","null","false","false"
"""ar-prod-cmn-ramp-nccportals""","aaabb73b-7c6d-4fc8-b9dd-ecc1b7494225","2025-08-08T11:25:23Z","[]","[{""customKeyIdentifier"":null,""displayName"":""Ramp-AppReg-ClientSecret"",""endDateTime"":""2027-09-08T10:01:50.911Z"",""hint"":""sYx"",""keyId"":""44bd0a91-8793-4cfd-a75e-d5d08a155137"",""startDateTime"":""2025-09-08T10:01:50.911Z"",""secretText"":null}]","5b8f3abb-c594-471d-af0f-263e92839341","null","[]","null","null","ncconline.onmicrosoft.com","AzureADMyOrg","[]","null","null","null","[]","[]","[]","null","null","null","null","null","[]","Allow","[]","null","null","false","false"
"""CS Case Followup and Closure (Microsoft Copilot Studio)""","a510afa2-726b-4147-85ae-93f832eae2a7","2025-02-18T23:38:35Z","[]","[]","5ba5fa95-bdf3-480d-9537-e739d3bb578d","null","[]","null","null","ncconline.onmicrosoft.com","AzureADMyOrg","[""AIAgentBuilder"",""AgentCreatedBy:CopilotStudio"",""AgenticApp"",""power-virtual-agents-aa721b96-957e-eb2e-996e-e5a9451b175d""]","null","null","null","[]","[]","[]","null","null","null","null","null","[]","Allow","[]","null","null","false","false"
"""ar-test-cmn-sso-synergi""","b2226304-a1a2-4802-a74c-4d3339738bcd","2020-09-07T12:04:56Z","[]","[]","5bb41593-7530-4c21-bbe8-6095d8ea33ac","false","[""https://ncc1idtest.synergilife.dnvgl.com""]","null","null","ncconline.onmicrosoft.com","AzureADMyOrg","[]","null","null","null","[]","[]","[]","null","null","null","null","null","[]","Allow","[""https://ncc1idtest.synergilife.dnvgl.com/azuread""]","https://account.activedirectory.windowsazure.com:444/applications/default.aspx?metadata=customappsso|ISV9.1|primary|z","null","true","false"
"""Message Header Analyzer""","45b72b1b-9c5d-4537-a529-994b793d7582","2020-12-07T11:51:57Z","[]","[]","5bce6937-db85-4159-9fe2-762f39696679","null","[""https://ncconline.onmicrosoft.com/22dae2d4-e9b9-414e-95df-c23e95ade8ce""]","null","null","ncconline.onmicrosoft.com","AzureADMyOrg","[]","null","null","null","[]","[]","[]","null","null","null","null","null","[]","Allow","[]","null","null","true","false"
"""Directive Industry (Microsoft Copilot Studio)""","14dcf6f1-f8c7-4d83-9ff9-583b264d66e9","2024-12-11T09:40:54Z","[]","[]","5be8c96e-7576-4056-8cb2-ff91093d0e17","null","[]","null","null","ncconline.onmicrosoft.com","AzureADMultipleOrgs","[""AIAgentBuilder"",""AgentCreatedBy:CopilotStudio"",""AgenticApp"",""power-virtual-agents-20ebc2a6-bf50-6634-f76d-bc49b8ef2357""]","null","null","null","[]","[]","[]","null","null","null","null","null","[]","Allow","[]","null","null","false","false"
"""Purchasing Copliot Excel test (Microsoft Copilot Studio)""","a0d73446-a1a0-4057-bd2d-3a34aae6a047","2024-12-05T12:50:59Z","[]","[]","5becd65c-0457-464b-8bd2-5374313fa1c9","null","[]","null","null","ncconline.onmicrosoft.com","AzureADMultipleOrgs","[""AIAgentBuilder"",""AgentCreatedBy:CopilotStudio"",""AgenticApp"",""power-virtual-agents-6610002b-92ab-f9db-ad35-4601424114ff""]","null","null","null","[]","[]","[]","null","null","null","null","null","[]","Allow","[]","null","null","false","false"
"""D365 Sales Agent - Email Validation (Microsoft Copilot Studio)""","71d1bf2e-61b5-4fe8-b3c3-196bb10b0c73","2025-10-21T19:32:38Z","[]","[]","5c24ee11-4a1a-43fc-a68f-847ec847a5d4","null","[]","null","null","ncconline.onmicrosoft.com","AzureADMyOrg","[""AIAgentBuilder"",""AgentCreatedBy:CopilotStudio"",""AgenticApp"",""power-virtual-agents-171d8150-f0d5-d5b2-96df-ab56bfab1187""]","null","null","null","[]","[]","[]","null","null","null","null","null","[]","Allow","[]","null","null","false","false"
"""valleforalle.no""","5ad927aa-8727-4c80-8777-94b6dcde9b43","2018-10-29T12:23:06Z","[]","[{""customKeyIdentifier"":null,""displayName"":""aad-sso-wp"",""endDateTime"":""2022-10-26T11:47:14.226Z"",""hint"":""SeP"",""keyId"":""67b1234c-d8ea-4e9b-96b0-67b13b931774"",""startDateTime"":""2020-10-26T12:47:21.858Z"",""secretText"":null},{""customKeyIdentifier"":""YQBhAGQALQBzAHMAbwAtAHcAcAA="",""displayName"":null,""endDateTime"":""2020-10-29T12:23:46.822Z"",""hint"":null,""keyId"":""53e4bfa3-f9d3-4757-b15c-18997390a660"",""startDateTime"":""2018-10-29T12:23:54.2092223Z"",""secretText"":null}]","5c4a2857-7b5b-4755-862b-99c858c6a189","false","[""https://ncconline.onmicrosoft.com/bffc0a1f-48ae-4e8d-a587-3ff0f5e39468""]","null","null","null","AzureADMyOrg","[]","null","null","null","[]","[]","[]","null","null","null","null","null","[]","Allow","[""https://valleforalle.no/wp-login.php""]","https://valleforalle.no/wp-login.php","null","true","false"
"""ar-prod-ind-dynamics365op""","f509b45e-8c16-4afc-9d61-3a8fae694b28","2017-06-16T09:34:09Z","[]","[{""customKeyIdentifier"":""awBlAHkA"",""displayName"":null,""endDateTime"":""2299-12-30T23:00:00Z"",""hint"":null,""keyId"":""c7936438-595f-46ca-bfe2-6053bb9dc7f9"",""startDateTime"":""2017-06-16T09:36:04.1308606Z"",""secretText"":null}]","5c899d12-7b0a-422b-9e1b-9fd2a50e9be4","true","[]","null","null","null","AzureADMyOrg","[]","null","null","null","[]","[]","[""https://ncc-industry.operations.dynamics.com/""]","null","null","null","null","null","[]","Allow","[]","null","null","true","false"
"""ar-prod-cmn-eso-totara-plugin""","6d165d8d-5aea-409e-bdf0-a7ef5ed8a9a4","2021-07-20T12:02:19Z","[]","[{""customKeyIdentifier"":null,""displayName"":""Totara Global Client Secret"",""endDateTime"":""2026-11-22T14:52:32.23Z"",""hint"":""JMt"",""keyId"":""7760a03c-729d-4bb3-a9e1-f5992e97c8b7"",""startDateTime"":""2024-11-22T14:52:32.23Z"",""secretText"":null},{""customKeyIdentifier"":null,""displayName"":""Totara Plugin usage"",""endDateTime"":""2024-12-14T15:54:29.079Z"",""hint"":""Ghr"",""keyId"":""6d72203f-a7da-458f-9b47-c4176c7fd8db"",""startDateTime"":""2022-12-14T15:54:29.079Z"",""secretText"":null}]","5ca5113b-b55a-4dba-a8e0-a85680678bd8","null","[]","null","null","ncconline.onmicrosoft.com","AzureADMyOrg","[]","null","null","null","[]","[]","[]","null","null","null","null","null","[]","Allow","[]","null","null","false","false"
"""QualityEvaluationAgentForConversation (Microsoft Copilot Studio)""","8e9ed8df-22bb-4ebf-844f-572a6010c4b3","2025-08-07T18:28:16Z","[]","[]","5cd3a5ec-e5a1-4130-8238-0f3a37e0317a","null","[]","null","null","ncconline.onmicrosoft.com","AzureADMyOrg","[""AIAgentBuilder"",""AgentCreatedBy:CopilotStudio"",""AgenticApp"",""power-virtual-agents-e417210c-67e3-6b78-a79e-28e2251c8af6""]","null","null","null","[]","[]","[]","null","null","null","null","null","[]","Allow","[]","null","null","false","false"
"""D365 Sales Agent - Opportunity Research (Microsoft Copilot Studio)""","a972e9d2-f92f-4110-a415-a946138b0f8b","2025-08-16T23:42:15Z","[]","[]","5d5b684a-06c4-4ed5-836b-03782765ec27","null","[]","null","null","ncconline.onmicrosoft.com","AzureADMyOrg","[""AIAgentBuilder"",""AgentCreatedBy:CopilotStudio"",""AgenticApp"",""power-virtual-agents-6ee11380-ab0b-bf65-199b-28f87c82a194""]","null","null","null","[]","[]","[]","null","null","null","null","null","[]","Allow","[]","null","null","false","false"
"""SQRM Supplier Base Agent (Microsoft Copilot Studio)""","66374180-57ef-4d32-9f3e-8e571e5ff890","2025-10-28T22:24:57Z","[]","[]","5d723326-bb0f-476e-8f0f-72d0c45b1fbe","null","[]","null","null","ncconline.onmicrosoft.com","AzureADMyOrg","[""AIAgentBuilder"",""AgentCreatedBy:CopilotStudio"",""AgenticApp"",""power-virtual-agents-cb27b6b7-42c4-2403-c958-2435878313b8""]","null","null","null","[]","[]","[]","null","null","null","null","null","[]","Allow","[]","null","null","false","false"
"""Agent (Microsoft Copilot Studio)""","b18e1eeb-d1b0-4e5a-a752-575e6551ebe6","2025-12-05T11:20:39Z","[]","[]","5de9a3d2-f80c-4f63-af71-f5b8edde1681","null","[]","null","null","ncconline.onmicrosoft.com","AzureADMyOrg","[""AIAgentBuilder"",""AgentCreatedBy:CopilotStudio"",""AgenticApp"",""power-virtual-agents-20b53dd9-7551-1783-2eaa-d19ca3a371d7""]","null","null","null","[]","[]","[]","null","null","null","null","null","[]","Allow","[]","null","null","false","false"
"""AR-PROD-CMN-PRO3-SharePoint""","c0b38a4e-35fe-4b42-9e2d-96a931e2bdff","2021-05-11T12:16:08Z","[]","[]","5e4901d4-8bd0-4278-802b-6b50e8578ee4","false","[""urn:sharepoint:pro3:ncc""]","null","All","ncconline.onmicrosoft.com","AzureADMyOrg","[]","null","null","null","[]","[]","[]","null","null","null","null","null","[]","Allow","[""https://nccindustry.pro3.fi/_trust/"",""https://nccno.pro3.fi/_trust/"",""https://nccarkisto2.pro3.fi/_trust/"",""https://kunnonrakentajat.pro3.fi/_trust/"",""https://ncchrs.pro3.fi/_trust/"",""https://nccarkisto.pro3.fi/_trust/"",""https://ncc.pro3.fi/_trust/""]","https://YourSharePointServerURL?metadata=microsoftsharepointonprem|ISV9.2|primary|z","null","true","false"
"""ar-dev-cmn-deviceAssetManagement""","4b3a4819-a6f6-42ac-9d85-0ceec5c38b70","2023-10-30T12:46:12Z","[]","[{""customKeyIdentifier"":null,""displayName"":""ServiceNow_Connector PROD"",""endDateTime"":""2027-04-25T06:07:19.552Z"",""hint"":""7PN"",""keyId"":""371a246a-c45e-4049-8b78-b9d594516b66"",""startDateTime"":""2025-04-25T06:07:19.552Z"",""secretText"":null},{""customKeyIdentifier"":null,""displayName"":""ServiceNow_Connector"",""endDateTime"":""2027-04-24T06:38:47.909Z"",""hint"":""osD"",""keyId"":""9bdcabc7-4346-4c26-b6ef-fa78a77d78d1"",""startDateTime"":""2025-04-24T06:38:47.909Z"",""secretText"":null},{""customKeyIdentifier"":null,""displayName"":""ServiceNow_Connector"",""endDateTime"":""2025-04-27T15:41:00.253Z"",""hint"":""wnY"",""keyId"":""14213f6f-f498-4c2d-a956-3edba05184f8"",""startDateTime"":""2023-10-30T16:41:00.253Z"",""secretText"":null},{""customKeyIdentifier"":null,""displayName"":""ServiceNow_Connector"",""endDateTime"":""2025-04-27T14:27:38.182Z"",""hint"":""m-n"",""keyId"":""ed1060f6-b87b-47cd-a455-c9f8c826e809"",""startDateTime"":""2023-10-30T15:27:38.182Z"",""secretText"":null}]","5e53e07d-f760-4c15-bb7c-9c07c9e8cacd","null","[]","null","null","ncconline.onmicrosoft.com","AzureADMyOrg","[]","null","null","null","[]","[]","[]","null","null","null","null","null","[]","Allow","[]","null","null","false","false"
"""ar-dev-cmn-eso-certificate-api""","bd8b0aca-5517-4023-8b4b-d8a0313b3e4c","2021-09-20T09:36:49Z","[]","[]","5e6710d1-c760-4033-8824-f33bbb6ee8ab","null","[]","null","null","ncconline.onmicrosoft.com","AzureADMyOrg","[]","null","null","null","[]","[]","[]","null","null","null","null","null","[]","Allow","[]","null","null","false","false"
"""ar-test-cmn-ramp-ccm""","8350b2bb-c3ff-4d65-bb1d-d9fa0b788785","2024-01-24T13:19:28Z","[]","[{""customKeyIdentifier"":null,""displayName"":""Ramp Secret"",""endDateTime"":""2028-01-20T14:27:14.102Z"",""hint"":""I7S"",""keyId"":""89221abb-d93b-4799-9107-4703284d39ca"",""startDateTime"":""2026-01-20T14:27:14.102Z"",""secretText"":null}]","5e6ec93c-d966-428d-99c1-e75e1c77cbfa","null","[]","null","null","ncconline.onmicrosoft.com","AzureADMyOrg","[]","null","null","null","[]","[]","[]","null","null","null","null","null","[]","Allow","[]","null","null","false","false"
"""Agent ACC APS (Microsoft Copilot Studio)""","83145280-d617-44ea-b866-10e64fee7b22","2024-11-22T10:17:39Z","[]","[]","5e813a18-acd4-4d6a-992c-bcf4fc7ef652","null","[]","null","null","ncconline.onmicrosoft.com","AzureADMultipleOrgs","[""AIAgentBuilder"",""AgentCreatedBy:CopilotStudio"",""AgenticApp"",""power-virtual-agents-87d50029-ea7e-cea6-2662-3b8d7a3740bc""]","null","null","null","[]","[]","[]","null","null","null","null","null","[]","Allow","[]","null","null","false","false"
"""ar-test-ind-integration-beast""","2f016cb4-4433-416a-a21d-7c07f46237cc","2025-06-27T08:47:17Z","[]","[{""customKeyIdentifier"":null,""displayName"":""integration"",""endDateTime"":""2027-08-21T13:32:29.309Z"",""hint"":""IR3"",""keyId"":""0ffca41d-398c-4846-87ac-e52e0439f91c"",""startDateTime"":""2025-08-21T13:32:29.309Z"",""secretText"":null},{""customKeyIdentifier"":null,""displayName"":""fabric"",""endDateTime"":""2027-07-07T18:47:24.715Z"",""hint"":""bgC"",""keyId"":""fc585459-0567-498f-979b-c3d1738ed42e"",""startDateTime"":""2025-07-07T18:47:24.715Z"",""secretText"":null}]","5e8779b0-d985-4e06-80f8-39435938e4b4","null","[]","null","null","ncconline.onmicrosoft.com","AzureADMyOrg","[]","null","null","null","[]","[]","[]","null","null","null","null","null","[]","Allow","[]","null","null","false","false"
"""ar-prod-cmn-eso-certification-api""","140083bf-3242-419f-985b-1df7358bcd6e","2021-06-01T07:23:50Z","[]","[{""customKeyIdentifier"":null,""displayName"":""Service connection - cmn-prod-eso"",""endDateTime"":""2027-12-10T16:27:55.774Z"",""hint"":""uNI"",""keyId"":""28910b5c-cd49-405e-b38f-e5fb09f47118"",""startDateTime"":""2025-12-10T16:27:55.774Z"",""secretText"":null}]","5ee2058d-4606-4ee1-bc54-e189dfa8d4ce","null","[""api://140083bf-3242-419f-985b-1df7358bcd6e""]","null","null","ncconline.onmicrosoft.com","AzureADMyOrg","[]","null","null","null","[]","[]","[]","null","null","null","null","null","[]","Allow","[]","null","null","false","false"
"""NccDevelopment-ForeSee-eb964ede-0700-4daa-9dba-dc6b31db81ad""","3974843c-1a84-4d4a-9f9e-6f69ad4a5f03","2020-08-24T14:08:57Z","[]","[{""customKeyIdentifier"":null,""displayName"":""Password uploaded on Thu Sep 29 2022"",""endDateTime"":""2024-09-29T10:52:50.784Z"",""hint"":""2sB"",""keyId"":""daa37757-7021-4709-b1ad-87b1b7449135"",""startDateTime"":""2022-09-29T10:52:50.784Z"",""secretText"":null}]","5ee7219a-856e-4d02-b0e1-43fe702f34b8","null","[""https://VisualStudio/SPNd8ffce32-1ae0-4e05-8ada-30278d9d4241""]","null","null","ncconline.onmicrosoft.com","AzureADMyOrg","[]","null","null","null","[]","[]","[]","null","null","null","null","null","[]","Allow","[""https://VisualStudio/SPN""]","https://VisualStudio/SPN","null","true","false"
"""ArbetsrättsBoten (Power Virtual Agents)""","73f94d53-e584-4251-b233-df475804172a","2024-03-05T12:19:49Z","[]","[]","5f1f5289-9ea8-4d88-ad94-b8c52a3e5084","null","[]","null","null","ncconline.onmicrosoft.com","AzureADMultipleOrgs","[""AIAgentBuilder"",""AgentCreatedBy:CopilotStudio"",""AgenticApp"",""power-virtual-agents-ac0562df-5635-4fb4-bda5-077192cc37d2""]","null","null","null","[]","[]","[]","null","null","null","null","null","[]","Allow","[]","null","null","false","false"
"""ar-prod-cmn-m365Ops-VacationTracker""","4bfbede2-e58f-4419-97ae-0a6ceff2a2d4","2024-10-14T11:00:33Z","[{""customKeyIdentifier"":""F49959F895CE903AECAEB6C6F1610F47406151C1"",""displayName"":""CN=Manage-VacationTrackerUsers"",""endDateTime"":""2026-10-08T11:03:56Z"",""keyId"":""4cd70185-8cee-49d6-aafc-c47de900ebaa"",""startDateTime"":""2024-10-15T10:53:55Z"",""type"":""AsymmetricX509Cert"",""usage"":""Verify"",""key"":null}]","[]","5f216dc0-64ba-4d19-b3b8-3729b0a2dfc0","null","[]","null","null","ncconline.onmicrosoft.com","AzureADMyOrg","[]","null","null","null","[]","[]","[]","null","null","null","null","null","[]","Allow","[]","null","null","false","false"
"""ar-dev-cmn-integration-apim""","cbf09fb8-5c70-4c41-8b7b-793c072c15ee","2023-06-26T06:56:00Z","[]","[]","5f516146-8314-475b-acbc-a2e7d65256a5","null","[""api://dev-cmn-nci""]","null","null","ncconline.onmicrosoft.com","AzureADMyOrg","[]","null","2","null","[]","[]","[]","null","null","null","null","null","[]","Allow","[]","null","null","false","false"
"""ar-prod-cmn-mimerConstructionConnector""","4bbe6a31-4095-4234-8554-60b9691d54ab","2025-02-06T09:34:41Z","[]","[{""customKeyIdentifier"":null,""displayName"":""Mimer Ingest 20251204"",""endDateTime"":""2026-06-02T12:40:29.941Z"",""hint"":""aRS"",""keyId"":""4b45f3c5-647d-4c6b-9b28-c1c82ba1810b"",""startDateTime"":""2025-12-04T13:40:29.941Z"",""secretText"":null}]","5f516c3d-ab2f-45c7-bc13-e3e14fe9e4e9","null","[]","null","null","ncconline.onmicrosoft.com","AzureADMyOrg","[]","null","null","null","[]","[]","[]","null","null","null","null","null","[]","Allow","[]","null","null","false","false"
"""ar-prod-cmn-projectservice""","acc091c3-557f-489a-9a88-2ba603cd2bf9","2022-03-24T13:03:16Z","[]","[{""customKeyIdentifier"":null,""displayName"":""Project Service"",""endDateTime"":""2026-02-20T12:13:42.428Z"",""hint"":""ovq"",""keyId"":""a00beadc-5e92-429d-9964-bf7b7b07196e"",""startDateTime"":""2024-02-21T12:13:42.428Z"",""secretText"":null}]","5f897e5f-a7af-4250-8fbc-0f6fc39fe8dc","null","[""api://projectservice-prod.ncc.info""]","null","ApplicationGroup","ncconline.onmicrosoft.com","AzureADMyOrg","[]","null","2","null","[]","[]","[]","null","null","null","null","null","[]","Allow","[""https://wa-prod-cmn-sc-projectservice.azurewebsites.net/signin-oidc"",""https://projectservice.ncc.group/signin-oidc"",""https://wa-prod-cmn-projectservice.ase02.ncc.info/signin-oidc""]","null","null","true","false"
"""ar-test-cmn-projectservice""","52239f0d-cc24-440f-9f33-00a239168f6c","2022-03-24T13:03:39Z","[]","[{""customKeyIdentifier"":null,""displayName"":""Project Service"",""endDateTime"":""2026-11-24T15:31:12.344Z"",""hint"":""8u."",""keyId"":""3287610b-d84e-43ee-a21e-125665a5ceda"",""startDateTime"":""2025-11-24T15:31:12.344Z"",""secretText"":null}]","5fa2f8b6-6cb6-4ea0-b40b-8a2d81bfeb3e","null","[""api://projectservice-test.ncc.info""]","null","ApplicationGroup","ncconline.onmicrosoft.com","AzureADMyOrg","[]","null","2","null","[]","[{""appId"":""6e7f73e9-c9c6-4c13-988a-fecffd78ecf3"",""delegatedPermissionIds"":[""e9e29c17-9a18-43be-959e-db86dbc47637""]},{""appId"":""4ef1f70b-c90b-44a1-b5ca-0962e43040e8"",""delegatedPermissionIds"":[""e9e29c17-9a18-43be-959e-db86dbc47637""]}]","[]","null","null","null","null","null","[]","Allow","[""https://oauth.pstmn.io/v1/callback"",""https://test.projectservice.ncc.group/signin-oidc"",""https://wa-test-cmn-sc-projectservice.azurewebsites.net/signin-oidc"",""https://wa-test-cmn-projectservice.ase02.ncc.info/signin-oidc""]","null","null","true","false"
"""ar-prod-cmn-adapter-peopleportal""","a322cc20-674b-4cb7-886c-83430e22c4e3","2025-09-22T08:22:27Z","[]","[{""customKeyIdentifier"":null,""displayName"":""GlobalID-Secret"",""endDateTime"":""2027-09-22T08:36:22.662Z"",""hint"":""V0r"",""keyId"":""a94d4eed-a19d-484a-9d2d-4f97fe142b33"",""startDateTime"":""2025-09-22T08:36:22.662Z"",""secretText"":null}]","5fa6cd2c-860c-440d-8674-c2dd76adac7e","null","[]","null","null","ncconline.onmicrosoft.com","AzureADMyOrg","[]","null","null","null","[]","[]","[]","null","null","null","null","null","[]","Allow","[]","null","null","false","false"
"""Agent (Microsoft Copilot Studio)""","045548ea-b3a7-407e-941a-82eb54f83f9f","2025-12-05T10:01:42Z","[]","[]","5fc33f51-e1ea-4816-b7d9-b654d3c6ff55","null","[]","null","null","ncconline.onmicrosoft.com","AzureADMyOrg","[""AIAgentBuilder"",""AgentCreatedBy:CopilotStudio"",""AgenticApp"",""power-virtual-agents-a0d5b470-2f65-705f-e0cd-9323693feacb""]","null","null","null","[]","[]","[]","null","null","null","null","null","[]","Allow","[]","null","null","false","false"
"""MääräMake (Microsoft Copilot Studio)""","090a69eb-5795-4eec-b23a-a2afd8997027","2025-03-12T11:08:57Z","[]","[]","60047873-d10a-4b1b-8eec-d42024082e0f","null","[]","null","null","ncconline.onmicrosoft.com","AzureADMyOrg","[""AIAgentBuilder"",""AgentCreatedBy:CopilotStudio"",""AgenticApp"",""power-virtual-agents-fe531d7b-b4a9-01d8-5f6b-d430e3cbb36d""]","null","null","null","[]","[]","[]","null","null","null","null","null","[]","Allow","[]","null","null","false","false"
"""sc-TEST-IND-CostAllocation""","d908285b-a2a1-4413-95ef-ac41bafbf569","2022-06-20T06:30:28Z","[]","[{""customKeyIdentifier"":null,""displayName"":""Service Connection AzureDevops Project 2024"",""endDateTime"":""2026-05-27T06:30:27.921Z"",""hint"":""Xag"",""keyId"":""52d8bfbf-8579-43c4-9ba2-84d44cdc9908"",""startDateTime"":""2024-05-27T06:30:27.921Z"",""secretText"":null}]","602396e9-53a0-412a-a75b-4df6949ebc5a","null","[]","null","null","ncconline.onmicrosoft.com","AzureADMyOrg","[]","null","null","null","[]","[]","[]","null","null","null","null","null","[]","Allow","[]","null","null","false","false"
"""ar-prod-cmn-ht_logicapps""","0e4e8ab2-4584-43d1-a7fc-7b800875baa6","2019-10-08T08:02:50Z","[]","[{""customKeyIdentifier"":null,""displayName"":""API Key"",""endDateTime"":""2020-10-08T08:04:01.75Z"",""hint"":""-yf"",""keyId"":""94458f55-5715-4633-8be8-eddda41d76ea"",""startDateTime"":""2019-10-08T08:04:37.083Z"",""secretText"":null}]","603437a5-a6b7-44af-83f8-b033a944e13c","null","[]","null","null","ncconline.onmicrosoft.com","AzureADMyOrg","[]","null","null","null","[]","[]","[]","null","null","null","null","null","[]","Allow","[]","null","null","false","false"
"""ar-test-cmn-ramp-constructionconnector""","ceb93d5b-c429-415f-92d5-55b7e87fdb73","2024-11-25T15:05:50Z","[]","[{""customKeyIdentifier"":null,""displayName"":""Ramp-Appreg-ClientSecret"",""endDateTime"":""2026-07-04T12:24:18.95Z"",""hint"":""sSH"",""keyId"":""62f78d2e-fbc8-4812-a930-b9de468da9f6"",""startDateTime"":""2025-07-04T12:24:18.95Z"",""secretText"":null}]","60866cb5-b1ad-4b93-99fd-a1ce7da42835","null","[]","null","null","ncconline.onmicrosoft.com","AzureADMyOrg","[]","null","null","null","[]","[]","[]","null","null","null","null","null","[]","Allow","[]","null","null","false","false"
"""ar-prod-cmn-nhip-nodinite-su01""","54f160bd-465d-4986-ac73-d207a1b65424","2024-08-07T10:34:54Z","[]","[{""customKeyIdentifier"":null,""displayName"":""Nodinite 2024 prod su01"",""endDateTime"":""2026-08-15T07:19:12.322Z"",""hint"":""vdk"",""keyId"":""987eb3af-ef25-4bdb-a5d6-1134c46a81da"",""startDateTime"":""2024-08-15T07:19:12.322Z"",""secretText"":null}]","609fde61-6d34-4cbe-9db7-2fe92c88d727","null","[]","null","null","ncconline.onmicrosoft.com","AzureADMyOrg","[]","null","null","null","[]","[]","[]","null","null","null","null","null","[]","Allow","[]","null","null","false","false"
"""Sales Copilot Power Virtual Agents Bot (Power Virtual Agents)""","8c5ecabd-f06f-4974-a846-91d2b9b05c08","2023-12-02T19:35:35Z","[]","[]","60a6c288-af71-4617-8c79-6ef3df6a662c","null","[]","null","null","ncconline.onmicrosoft.com","AzureADMultipleOrgs","[""AIAgentBuilder"",""AgentCreatedBy:CopilotStudio"",""AgenticApp"",""power-virtual-agents-c065d81e-078e-47ce-8dc6-ba95141a0d59""]","null","null","null","[]","[]","[]","null","null","null","null","null","[]","Allow","[]","null","null","false","false"
"""ar-prod-cmn-qualiware-userSync""","cfa8f902-ba6e-4c4b-a3a5-31db887f9742","2023-05-24T12:18:48Z","[]","[{""customKeyIdentifier"":null,""displayName"":""AAD User Sync"",""endDateTime"":""2027-05-12T15:00:27.645Z"",""hint"":""voS"",""keyId"":""e641f9b3-1c27-4de3-b01d-76ae328c82cb"",""startDateTime"":""2025-05-12T15:00:27.645Z"",""secretText"":null},{""customKeyIdentifier"":null,""displayName"":""AAD User Sync"",""endDateTime"":""2025-05-24T08:16:18.757Z"",""hint"":""7d~"",""keyId"":""ec48c5de-09e3-4a26-81c9-04135c9f4321"",""startDateTime"":""2023-05-25T08:16:18.757Z"",""secretText"":null}]","60d620cb-36b1-4e95-9f81-fd3a78d49109","null","[""api://cfa8f902-ba6e-4c4b-a3a5-31db887f9742""]","null","null","ncconline.onmicrosoft.com","AzureADMyOrg","[]","null","null","null","[]","[]","[]","null","null","null","null","null","[]","Allow","[]","null","null","false","false"
"""sc-dev-cmn-ai-dockerPipeline""","160ef449-c3ae-446c-af8c-2cf71bd5dfdc","2024-06-05T10:54:38Z","[]","[{""customKeyIdentifier"":null,""displayName"":""sc-dev-cmn-ai-arm-docker"",""endDateTime"":""2026-06-10T14:16:17.876Z"",""hint"":""Um2"",""keyId"":""40afb1c1-0ce8-4e8b-b87d-19a744847f24"",""startDateTime"":""2024-06-10T14:16:17.876Z"",""secretText"":null},{""customKeyIdentifier"":null,""displayName"":""AzureDevopsTenderAIPipeline"",""endDateTime"":""2026-06-05T12:40:17.355Z"",""hint"":""n9T"",""keyId"":""6748c3fa-c81f-462d-8662-b09515e2f711"",""startDateTime"":""2024-06-05T12:40:17.355Z"",""secretText"":null}]","60e1764e-72e7-4cc6-871f-1879b95b160f","null","[]","null","null","ncconline.onmicrosoft.com","AzureADMyOrg","[]","null","null","null","[]","[]","[]","null","null","null","null","null","[]","Allow","[]","null","null","false","false"
"""ar-test-cmn-nomentia""","786df810-ecab-4e9e-a530-2c581eefa235","2022-02-26T13:25:15Z","[]","[]","60e6017a-f1d2-490f-a46c-f53bec4a7f71","null","[]","null","null","ncconline.onmicrosoft.com","AzureADMyOrg","[]","null","null","null","[]","[]","[]","null","null","null","null","null","[]","Allow","[""https://cm1.nomentia.com/ncctest?login=azure""]","https://cm1.nomentia.com/ncctest?login=azure","null","false","false"
"""ar-prod-cmn-IT2""","eca493fc-819e-4fa9-892e-551d7ec5f113","2022-05-09T09:49:46Z","[]","[]","6120d5ee-3c92-4f30-806c-87849c3c1ec0","false","[""ION_CITRIX_PROD""]","null","null","ncconline.onmicrosoft.com","AzureADMyOrg","[]","null","null","null","[]","[]","[]","null","null","null","null","null","[]","Allow","[""https://ncc.cl.iongroup.com/cgi/samlauth""]","https://account.activedirectory.windowsazure.com:444/applications/default.aspx?metadata=customappsso|ISV9.1|primary|z","null","true","false"
"""ar-prod-ind-C7""","d26e1cd8-57e3-424a-9b1f-a4bf9e7f07d4","2021-04-12T09:18:58Z","[]","[]","6127dbd6-5ab5-45ae-b4d0-a0519b81be48","null","[]","null","null","ncconline.onmicrosoft.com","AzureADMyOrg","[]","null","null","null","[]","[]","[]","null","null","null","null","null","[]","Allow","[]","null","null","false","false"
"""ar-test-cmn-SSO-ProMarkNO""","33fc7c50-26d3-47e4-9cac-fbb53fd3c527","2024-01-30T12:55:12Z","[]","[]","61335a04-968d-4e65-83c5-762949338e6e","null","[]","null","null","ncconline.onmicrosoft.com","AzureADMyOrg","[]","null","2","null","[]","[]","[]","null","null","null","null","null","[]","Allow","[""https://time.ncc.no""]","null","null","false","false"
"""ar-prod-lime-buno-infrano-scim""","d58afd1b-5f6d-4e46-9c5e-04e2e33f817d","2025-11-18T15:00:06Z","[]","[]","613f4089-f7d6-494a-abac-45937d9e504a","false","[]","null","null","ncconline.onmicrosoft.com","AzureADMyOrg","[]","null","null","null","[]","[]","[]","null","null","null","null","null","[]","Allow","[""https://YourOnPremiseServerURL""]","https://YourOnPremiseServerURL?metadata=agentbasedscim|ISV9.1|primary|z","null","true","false"
"""fa-prod-cmn-shared""","e0d22641-2389-4352-8bec-bf4ab881738a","2019-07-05T06:53:47Z","[]","[{""customKeyIdentifier"":null,""displayName"":null,""endDateTime"":""2029-07-05T06:53:47.3808589Z"",""hint"":null,""keyId"":""60d88f40-14a5-41c2-b2b5-a28f607c831e"",""startDateTime"":""2019-07-05T06:53:47.3808589Z"",""secretText"":null}]","6144e389-0714-4d4e-b341-e7cccf0850a9","null","[""https://fa-prod-cmn-intranet.azurewebsites.net""]","null","null","ncconline.onmicrosoft.com","AzureADMyOrg","[]","null","null","null","[]","[]","[]","null","null","null","null","null","[]","Allow","[""https://fa-prod-cmn-functionsweb-stage.azurewebsites.net/.auth/login/aad/callback"",""https://fa-prod-cmn-functionsweb.azurewebsites.net/.auth/login/aad/callback"",""https://fa-prod-cmn-intranet-stage.azurewebsites.net/.auth/login/aad/callback"",""https://fa-prod-cmn-intranet.azurewebsites.net/.auth/login/aad/callback""]","https://fa-prod-cmn-intranet.azurewebsites.net","null","true","false"
"""ar-uat-cmn-contract-management-opportunity-won-client""","718fa9f3-2b2a-45a7-877c-247aceec0aff","2022-11-16T07:46:46Z","[]","[]","6146a8d4-e35e-418d-91e4-4ffb9d3cfb25","null","[]","null","null","ncconline.onmicrosoft.com","AzureADMyOrg","[]","null","null","null","[]","[]","[]","null","null","null","null","null","[]","Allow","[]","null","null","false","false"
"""ar-test-cmn-cimtools-client""","0efd5d74-d9c9-4f01-a997-8603eda1ce2a","2024-01-26T09:34:16Z","[]","[]","616b3e01-ed23-426b-ad19-36de2e2b7a2a","null","[]","null","null","ncconline.onmicrosoft.com","AzureADMyOrg","[]","null","null","null","[]","[]","[]","null","null","null","null","null","[]","Allow","[]","null","null","false","false"
"""ar-dev-CoreFinanceAI-NCCSP""","5b25c142-a5bb-4c46-a6b3-3cff0bf827fb","2025-12-18T10:58:27Z","[]","[{""customKeyIdentifier"":null,""displayName"":""sharepoint-corefinance"",""endDateTime"":""2026-06-20T07:34:09.756Z"",""hint"":""_S2"",""keyId"":""0fd510e9-bfaa-4e5e-8b21-c6059ed3185f"",""startDateTime"":""2025-12-22T08:34:09.756Z"",""secretText"":null}]","61a76e30-8bf7-42ab-9b7f-72a01ee9c41c","null","[]","null","null","ncconline.onmicrosoft.com","AzureADMyOrg","[]","null","null","null","[]","[]","[]","null","null","null","null","null","[]","Allow","[]","null","null","false","false"
"""KB Assistant (Microsoft Copilot Studio)""","ac63a420-0d40-42cc-af92-2ae95c684f7d","2025-04-17T08:30:32Z","[]","[]","61aa41ad-6a67-4f4c-809b-19f0d89cdcdf","null","[]","null","null","ncconline.onmicrosoft.com","AzureADMyOrg","[""AIAgentBuilder"",""AgentCreatedBy:CopilotStudio"",""AgenticApp"",""power-virtual-agents-aecfa11e-709a-7460-6c97-f30f8b641730""]","null","null","null","[]","[]","[]","null","null","null","null","null","[]","Allow","[]","null","null","false","false"
"""D365 Sales Agent - Readiness (Microsoft Copilot Studio)""","50c2be27-7937-49e7-81f9-9977295cdead","2025-06-10T11:36:12Z","[]","[]","61ae84d0-cc31-4186-bae6-3e256f58fe4e","null","[]","null","null","ncconline.onmicrosoft.com","AzureADMyOrg","[""AIAgentBuilder"",""AgentCreatedBy:CopilotStudio"",""AgenticApp"",""power-virtual-agents-56a9119a-d03e-4b83-9966-73a5f09edcc6""]","null","null","null","[]","[]","[]","null","null","null","null","null","[]","Allow","[]","null","null","false","false"
"""NCC Url Search Persuasion Test""","18594642-49d3-4d8b-84c5-1ffcc1b224e2","2021-06-03T10:35:15Z","[]","[{""customKeyIdentifier"":null,""displayName"":""CWAP_AuthSecret"",""endDateTime"":""2026-06-19T02:26:50.1180043Z"",""hint"":""zUI"",""keyId"":""05d35a22-425b-4936-962d-60dfda01305f"",""startDateTime"":""2025-06-19T02:22:50.1180043Z"",""secretText"":null},{""customKeyIdentifier"":""Q1dBUF9BdXRoU2VjcmV0"",""displayName"":null,""endDateTime"":""2025-09-15T10:10:14.0536584Z"",""hint"":""Qk5"",""keyId"":""e5553045-9d27-487a-91a8-ceb0c7b320f4"",""startDateTime"":""2024-09-15T10:06:14.0536584Z"",""secretText"":null},{""customKeyIdentifier"":""Q1dBUF9BdXRoU2VjcmV0"",""displayName"":null,""endDateTime"":""2024-11-14T12:02:00.3499959Z"",""hint"":""Ax2"",""keyId"":""8b4bc5f8-26c7-47d0-a75d-ad155d4f244c"",""startDateTime"":""2023-11-15T11:58:00.3499959Z"",""secretText"":null}]","61ce2417-5cec-4681-9e50-027dd3bbb7cc","false","[""https://nccurlsearchpersuasiontest-ncconline.msappproxy.net/""]","null","null","ncconline.onmicrosoft.com","AzureADMyOrg","[]","null","null","null","[]","[]","[]","null","null","null","null","null","[]","Allow","[""https://nccurlsearchpersuasiontest-ncconline.msappproxy.net/""]","https://nccurlsearchpersuasiontest-ncconline.msappproxy.net/","https://nccurlsearchpersuasiontest-ncconline.msappproxy.net/?appproxy=logout","true","false"
"""ar-prod-cmn-ramp-siteservice""","90e3114d-eee3-4814-b060-25c2f4544cce","2023-12-15T11:19:14Z","[]","[{""customKeyIdentifier"":null,""displayName"":""SiteService-AppReg-Ramp-PublishSiteOpen-ClientSecret"",""endDateTime"":""2026-07-02T12:39:05.972Z"",""hint"":""Not"",""keyId"":""85188a65-49ca-469f-ae72-3b62d06f5c94"",""startDateTime"":""2024-07-02T12:39:05.972Z"",""secretText"":null},{""customKeyIdentifier"":null,""displayName"":""Siteservice-AppReg-Ramp-ClientSecret"",""endDateTime"":""2026-07-02T12:38:57.264Z"",""hint"":""TJ5"",""keyId"":""f89a4bbe-3ded-427c-9e40-93faaa2fb746"",""startDateTime"":""2024-07-02T12:38:57.264Z"",""secretText"":null}]","61cfb0aa-158f-48b4-812f-b2db05d09b3d","null","[]","null","null","ncconline.onmicrosoft.com","AzureADMyOrg","[]","null","null","null","[]","[]","[]","null","null","null","null","null","[]","Allow","[]","null","null","false","false"
"""Galicia (Preview) (Microsoft Copilot Studio)""","ffbf5b55-755c-47f5-8eb5-fce55287098a","2025-06-02T13:52:53Z","[]","[]","61e0201d-2fde-43da-a222-71e562ad476c","null","[]","null","null","ncconline.onmicrosoft.com","AzureADMyOrg","[""AIAgentBuilder"",""AgentCreatedBy:CopilotStudio"",""AgenticApp"",""power-virtual-agents-ff7fbc34-a824-4b54-87a9-3266a73d9914""]","null","null","null","[]","[]","[]","null","null","null","null","null","[]","Allow","[]","null","null","false","false"
"""Finland61fbauthandaccessaadapp""","0f94228b-4a24-46ee-a388-d9e756cfab47","2020-08-28T07:30:26Z","[{""customKeyIdentifier"":""F4C3EF94A53444DC7F2F69772403AE5BE4BAC824"",""displayName"":null,""endDateTime"":""2023-08-28T07:09:53Z"",""keyId"":""6c9944f4-498d-4de2-a1bb-03deffb2fe45"",""startDateTime"":""2020-08-28T07:30:26.0059853Z"",""type"":""AsymmetricX509Cert"",""usage"":""Verify"",""key"":null}]","[]","620040f0-9e53-4151-9cc4-56bf97631101","null","[""https://d04499d5-2857-4e28-9177-6e949859db83/Finland61fbauthandaccessaadapp""]","null","null","ncconline.onmicrosoft.com","AzureADMyOrg","[]","null","null","null","[]","[]","[]","null","null","null","null","null","[]","Allow","[]","https://CMNTMPMIG01:44368","null","true","false"
"""ar-prod-cmn-SupplierControl""","bf967cf6-765f-4cae-abeb-ec959a06bc48","2024-03-25T15:53:20Z","[]","[{""customKeyIdentifier"":null,""displayName"":""Ivalua Prod Credentials"",""endDateTime"":""2027-09-08T14:53:23.976Z"",""hint"":""V59"",""keyId"":""e61fe62c-ab54-4796-b59c-f6da276e60f8"",""startDateTime"":""2025-09-08T14:53:23.976Z"",""secretText"":null}]","62124e3c-a457-4682-b53a-5a9235b7f396","null","[]","null","null","ncconline.onmicrosoft.com","AzureADMyOrg","[]","null","null","null","[]","[]","[]","null","null","null","null","null","[]","Allow","[]","null","null","false","false"
"""CapTransportGPB""","1319beac-9d08-4029-9fda-9b86d80ce5ae","2019-04-02T13:58:28Z","[]","[]","621808e4-e728-4188-abe9-8e3a23a4c6e8","true","[]","null","null","ncconline.onmicrosoft.com","AzureADMultipleOrgs","[]","null","null","null","[]","[]","[""https://ncc-industry-uat.sandbox.operations.dynamics.com/"",""https://ncc-industry-test.sandbox.operations.dynamics.com/""]","null","null","null","null","null","[]","Allow","[]","null","null","true","false"
"""Agent (Microsoft Copilot Studio)""","e0059a6d-d752-4257-a25d-e670b4f45c26","2025-12-02T10:22:27Z","[]","[]","623cd833-c719-4b99-87a4-709d9569e877","null","[]","null","null","ncconline.onmicrosoft.com","AzureADMyOrg","[""AIAgentBuilder"",""AgentCreatedBy:CopilotStudio"",""AgenticApp"",""power-virtual-agents-1ee528e8-7d54-0c0a-626d-5776d202db09""]","null","null","null","[]","[]","[]","null","null","null","null","null","[]","Allow","[]","null","null","false","false"
"""ar-dev-ind-dco-dynamicsapi""","87d3a2a8-992e-4b5d-96a3-e401ee45e1cd","2020-01-27T08:25:09Z","[]","[{""customKeyIdentifier"":null,""displayName"":""Password uploaded on Tue Jan 28 2020"",""endDateTime"":""2299-12-30T23:00:00Z"",""hint"":""cJq"",""keyId"":""5f73e044-3c07-4ba9-aa85-275b8c4ed32b"",""startDateTime"":""2020-01-28T12:20:11.503Z"",""secretText"":null}]","626c9912-b3ef-41c4-b614-de75e1605de6","null","[]","null","null","ncconline.onmicrosoft.com","AzureADMyOrg","[]","null","null","null","[]","[]","[]","null","null","null","null","null","[]","Allow","[]","null","null","true","true"
"""ODIT-Congrid-Web-Sandbox""","7932a15e-b9a1-4134-a1e6-06ded2731647","2017-10-04T12:20:07Z","[]","[]","629c6b5b-bcd9-4c27-9f83-c7c4a7294120","false","[""https://sandbox.congrid.com"",""http://customappsso2109A21469454C9ABC2946B4DFF6235C"",""http://instanceid_8adf8e6e-67b2-4cf2-a259-e3dc5476c621_D163DF94C79E45E0860CE967702FE3F8"",""http://customappsso/a7a50c9d-ed59-4aa2-972e-144fdcb60be1""]","null","null","null","AzureADMyOrg","[]","null","null","null","[]","[]","[]","null","null","null","null","null","[]","Allow","[""https://sandbox.congrid.com/live/oauth2/login/499106e2f541"",""https://127.0.0.1:444/applications/default.aspx""]","https://127.0.0.1:444/applications/default.aspx?metadata=customappsso|ISV9.1|primary|z","null","true","false"
"""ar-prod-cmn-wordpress-mimomolndal""","afbcdab7-a354-4594-826b-2d8d51a0ca21","2019-01-22T11:35:43Z","[]","[{""customKeyIdentifier"":null,""displayName"":""aad-sso-wp"",""endDateTime"":""2025-02-05T07:13:34.564Z"",""hint"":""Kid"",""keyId"":""a839b687-c80e-4ec5-995d-422036ed02f5"",""startDateTime"":""2024-02-06T07:13:34.564Z"",""secretText"":null},{""customKeyIdentifier"":null,""displayName"":""aad-sso-wp"",""endDateTime"":""2024-01-23T15:09:55.768Z"",""hint"":""coP"",""keyId"":""4be8651d-8221-4c0d-9495-c62a631e9224"",""startDateTime"":""2023-01-23T15:09:55.768Z"",""secretText"":null}]","62c587ea-30ba-40a1-a4aa-61a6280bfa01","false","[""https://ncconline.onmicrosoft.com/4e559916-f526-4e51-a419-0267ee41e0cd""]","null","null","ncconline.onmicrosoft.com","AzureADMyOrg","[]","null","null","null","[]","[]","[]","null","null","null","null","null","[]","Allow","[""https://mimomolndal.se/wp-login.php""]","https://mimomolndal.se/wp/wp-login.php","null","true","false"
"""ar-trcb-cmn-ifs""","f54b2e29-5276-44d8-84ee-f72201530dc9","2025-05-28T13:52:38Z","[]","[{""customKeyIdentifier"":null,""displayName"":""ifs-connection"",""endDateTime"":""2027-09-10T08:24:51.644Z"",""hint"":""jsY"",""keyId"":""a3dd6178-6dfa-451d-99d1-599d01fe68b5"",""startDateTime"":""2025-09-10T08:24:51.644Z"",""secretText"":null},{""customKeyIdentifier"":null,""displayName"":""integration_platform_connection_250613"",""endDateTime"":""2027-06-13T14:59:24.394Z"",""hint"":""Vn~"",""keyId"":""c9f05eff-f3c5-4fd7-ba17-c9ff9dcd2d08"",""startDateTime"":""2025-06-13T14:59:24.394Z"",""secretText"":null}]","62c6fcad-8bc5-4716-86e8-70b1c63ef0d7","null","[]","null","null","ncconline.onmicrosoft.com","AzureADMyOrg","[]","null","null","null","[]","[]","[]","null","null","null","null","null","[]","Allow","[]","null","null","false","false"
"""D365 Sales Agent - Summary Synthesizer (Microsoft Copilot Studio)""","71a336ac-7516-449d-83e5-45b4818c6695","2025-07-27T01:14:20Z","[]","[]","62d85db1-256b-4fba-8806-e6f4aaa2cfa0","null","[]","null","null","ncconline.onmicrosoft.com","AzureADMyOrg","[""AIAgentBuilder"",""AgentCreatedBy:CopilotStudio"",""AgenticApp"",""power-virtual-agents-57076c4a-5437-8393-1031-d5ea73c248e5""]","null","null","null","[]","[]","[]","null","null","null","null","null","[]","Allow","[]","null","null","false","false"
"""AI i NCC kommunikations agent (Microsoft Copilot Studio)""","0184db46-ebde-4fd4-bac7-494bedede9a3","2025-06-23T13:50:37Z","[]","[]","62d933f3-1318-4b3b-8696-5991add5f048","null","[]","null","null","ncconline.onmicrosoft.com","AzureADMyOrg","[""AIAgentBuilder"",""AgentCreatedBy:CopilotStudio"",""AgenticApp"",""power-virtual-agents-56859f10-5b88-a31e-0c1f-9ca68284e593""]","null","null","null","[]","[]","[]","null","null","null","null","null","[]","Allow","[]","null","null","false","false"
"""ar-prod-cmn-AnalyticsTaxonomy""","fb5fffd1-6641-4dbe-b474-91400a199188","2022-10-14T07:23:35Z","[]","[{""customKeyIdentifier"":null,""displayName"":""Mimer Ingest 20251204"",""endDateTime"":""2026-06-02T12:23:34.148Z"",""hint"":""PCS"",""keyId"":""7fec6f7f-75d4-4d0e-bc31-72f7c4da1c35"",""startDateTime"":""2025-12-04T13:23:34.148Z"",""secretText"":null},{""customKeyIdentifier"":null,""displayName"":""Mimer Ingest 20250903"",""endDateTime"":""2026-03-02T15:06:32.792Z"",""hint"":""hZz"",""keyId"":""570eea7b-fa53-487c-bfb8-7df1b2e56a8a"",""startDateTime"":""2025-09-03T14:06:32.792Z"",""secretText"":null}]","62ea5845-b9d1-4a2f-bd40-00faf93eb276","true","[]","null","null","ncconline.onmicrosoft.com","AzureADMyOrg","[]","null","null","null","[]","[]","[]","null","null","null","null","null","[]","Allow","[]","null","null","false","false"
"""Leena (Microsoft Copilot Studio)""","dcb9dc31-1be5-47f0-bd5a-bf04533ef3e2","2025-10-10T12:47:58Z","[]","[]","6313d518-c5be-4b45-be81-6260e3714e4f","null","[]","null","null","ncconline.onmicrosoft.com","AzureADMyOrg","[""AIAgentBuilder"",""AgentCreatedBy:CopilotStudio"",""AgenticApp"",""power-virtual-agents-e831b9a3-b6f8-a37d-fd30-cbe058bf94b0""]","null","null","null","[]","[]","[]","null","null","null","null","null","[]","Allow","[]","null","null","false","false"
"""sc-dev-ind-bcreport""","9a042548-c559-4a4c-9907-e1fdb9dbf799","2023-03-03T10:10:22Z","[]","[{""customKeyIdentifier"":null,""displayName"":""DevOps2025"",""endDateTime"":""2027-10-06T08:54:37.37Z"",""hint"":""aGa"",""keyId"":""0f062d9a-b03b-4a85-80c7-5cd79ed56665"",""startDateTime"":""2025-10-06T08:54:37.37Z"",""secretText"":null}]","638805c2-3394-4b94-93a8-094f4b0cd165","null","[]","null","null","ncconline.onmicrosoft.com","AzureADMyOrg","[]","null","null","null","[]","[]","[]","null","null","null","null","null","[]","Allow","[]","null","null","false","false"
"""CS Case Followup and Closure (Microsoft Copilot Studio)""","617c1642-d355-4b49-89e4-8f09a59648a9","2025-06-02T13:52:53Z","[]","[]","638d6824-b60e-4d09-be45-d1a8f59122e9","null","[]","null","null","ncconline.onmicrosoft.com","AzureADMyOrg","[""AIAgentBuilder"",""AgentCreatedBy:CopilotStudio"",""AgenticApp"",""power-virtual-agents-792e146e-228e-434f-a495-fd0790f61832""]","null","null","null","[]","[]","[]","null","null","null","null","null","[]","Allow","[]","null","null","false","false"
"""Customization Agent (Microsoft Copilot Studio)""","944418e0-cfc5-44d8-9b29-1f1504720a73","2025-10-17T18:38:38Z","[]","[]","63a83a3d-0cff-4ed5-91e8-8f451b14cbba","null","[]","null","null","ncconline.onmicrosoft.com","AzureADMyOrg","[""AIAgentBuilder"",""AgentCreatedBy:CopilotStudio"",""AgenticApp"",""power-virtual-agents-0cc00223-88e2-434e-0d45-5fa25fa8cb67""]","null","null","null","[]","[]","[]","null","null","null","null","null","[]","Allow","[]","null","null","false","false"
"""ar-dev-cmn-portals-b2cAPI""","09fc7cc4-f351-4f10-bd03-12c9ace9d082","2023-12-06T20:34:41Z","[]","[]","63bf8bd1-5ebc-4943-8848-d331a1afecfe","null","[]","null","null","ncconline.onmicrosoft.com","AzureADMyOrg","[]","null","null","null","[]","[]","[]","null","null","null","null","null","[]","Allow","[]","null","null","false","false"
"""D365 Sales Agent - Summary Synthesizer (Microsoft Copilot Studio)""","6a2faf14-792e-4afc-bfb2-492a0995e02d","2025-07-26T01:36:43Z","[]","[]","63cdb87c-df86-4a28-aa8e-0cc97e5a56d2","null","[]","null","null","ncconline.onmicrosoft.com","AzureADMyOrg","[""AIAgentBuilder"",""AgentCreatedBy:CopilotStudio"",""AgenticApp"",""power-virtual-agents-d8fb8d23-165f-3934-3467-712efc152e9c""]","null","null","null","[]","[]","[]","null","null","null","null","null","[]","Allow","[]","null","null","false","false"
"""ar-prod-cmn-droneservice""","d8ec2ac0-e64b-4c84-8794-4919ab617b47","2019-10-03T12:33:50Z","[]","[{""customKeyIdentifier"":null,""displayName"":""API 2021-10-18"",""endDateTime"":""2023-10-18T07:16:41.291Z"",""hint"":""-Y0"",""keyId"":""db0041a5-0b32-44f6-8d64-089465f38b6e"",""startDateTime"":""2021-10-18T07:16:41.291Z"",""secretText"":null},{""customKeyIdentifier"":null,""displayName"":""API 2019-10-03"",""endDateTime"":""2020-10-03T12:40:43.013Z"",""hint"":""9k?"",""keyId"":""c6bb88ae-e01b-4ea3-8319-5a1c948d0559"",""startDateTime"":""2019-10-03T12:42:02.726Z"",""secretText"":null}]","63e70891-2ddb-49b6-aed2-1cbc24cbd897","null","[]","null","null","ncconline.onmicrosoft.com","AzureADMyOrg","[]","null","null","null","[]","[]","[]","null","null","null","null","null","[]","Allow","[]","null","null","false","false"
"""Sales Close Agent - Account Research (Microsoft Copilot Studio)""","67840cf0-46d5-4a8c-b4fb-c94b26a8df5f","2026-01-23T18:50:47Z","[]","[]","63ef7b31-7c47-4265-9e41-8a6643f75783","null","[]","null","null","ncconline.onmicrosoft.com","AzureADMyOrg","[""AIAgentBuilder"",""AgentCreatedBy:CopilotStudio"",""AgenticApp"",""power-virtual-agents-7f9d768c-fd3b-050c-e5cc-1b1c5b1fcfa1""]","null","null","null","[]","[]","[]","null","null","null","null","null","[]","Allow","[]","null","null","false","false"
"""ar-dev-cmn-integration-TA-corp01""","9036b385-6836-46b3-981c-1793e06cbdf1","2023-07-19T07:49:53Z","[]","[]","6406fc3b-97a5-4645-a9a3-f86c116a1c0b","null","[]","null","null","ncconline.onmicrosoft.com","AzureADMyOrg","[]","null","null","null","[]","[]","[]","null","null","null","null","null","[]","Allow","[]","null","null","false","false"
"""Ekonomiska insikter (Microsoft Copilot Studio)""","4fa1278e-6dc2-477e-95d2-fc66cabcc7a4","2025-04-22T13:01:12Z","[]","[]","64474d54-5843-42a4-affb-059d7593e211","null","[]","null","null","ncconline.onmicrosoft.com","AzureADMyOrg","[""AIAgentBuilder"",""AgentCreatedBy:CopilotStudio"",""AgenticApp"",""power-virtual-agents-b8fa85c3-91c4-f744-9e95-bc840099cfa7""]","null","null","null","[]","[]","[]","null","null","null","null","null","[]","Allow","[]","null","null","false","false"
"""ar-prod-cmn-Rendra-Streambim""","a6c9ce1b-b82b-4e87-8282-28ad440db274","2023-08-21T10:08:33Z","[]","[{""customKeyIdentifier"":null,""displayName"":""Rendra-Side Access key"",""endDateTime"":""2027-01-08T12:06:11.163Z"",""hint"":""k-I"",""keyId"":""efa8e303-562e-46f6-b03d-48e5d586f92f"",""startDateTime"":""2026-01-08T12:06:11.163Z"",""secretText"":null},{""customKeyIdentifier"":null,""displayName"":""Rendra-Side Access key"",""endDateTime"":""2026-02-07T07:57:36.878Z"",""hint"":""vT3"",""keyId"":""36ea34e2-1805-4ee0-998c-91bb1ed751e9"",""startDateTime"":""2024-02-08T07:57:36.878Z"",""secretText"":null}]","644eb044-11ab-43c0-8169-63b8484f618f","null","[]","null","null","ncconline.onmicrosoft.com","AzureADMyOrg","[]","null","null","null","[]","[]","[]","null","null","null","null","null","[]","Allow","[""https://sweden.streambim.com/federation/callback"",""https://ncc.streambim.com/federation/callback"",""https://app.streambim.com/federation/callback""]","null","null","false","false"
"""Agent (Microsoft Copilot Studio)""","26781913-18e2-4380-ab0a-5a3d5338e797","2025-03-17T13:24:55Z","[]","[]","645f261c-640c-40b6-b654-66173120dc7a","null","[]","null","null","ncconline.onmicrosoft.com","AzureADMyOrg","[""AIAgentBuilder"",""AgentCreatedBy:CopilotStudio"",""AgenticApp"",""power-virtual-agents-6d81567a-1c07-7b23-6f2d-ba4da86c0131""]","null","null","null","[]","[]","[]","null","null","null","null","null","[]","Allow","[]","null","null","false","false"
"""wa-dev-bui-constructionconnector-client""","c98032e3-07ea-4dff-80ba-87d58c854b54","2022-12-05T09:29:09Z","[]","[]","6462154e-98aa-4d2f-8d5a-38e22d308b3a","true","[]","null","null","ncconline.onmicrosoft.com","AzureADMyOrg","[]","null","null","null","[]","[]","[""ms-appx-web://Microsoft.AAD.BrokerPlugin/c98032e3-07ea-4dff-80ba-87d58c854b54"",""https://login.microsoftonline.com/common/oauth2/nativeclient""]","null","null","null","null","null","[]","Allow","[]","null","null","false","false"
"""ar-devb-cmn-tagetik""","9a031324-88fd-444d-af0a-0fc134a653c3","2025-09-16T14:59:38Z","[]","[]","646305a6-08cb-4b96-83b2-561458ee8756","null","[]","null","null","ncconline.onmicrosoft.com","AzureADMyOrg","[]","null","null","null","[]","[]","[]","null","null","null","null","null","[]","Allow","[]","null","null","false","false"
"""ar-prod-cmn-Delivery_Notes-kubicom""","a218de85-c396-467a-bd97-6d9000e7db7b","2023-07-07T07:35:58Z","[]","[{""customKeyIdentifier"":null,""displayName"":""Delivery Notes Kubicom Read Azure Prod"",""endDateTime"":""2027-03-08T23:00:00Z"",""hint"":""uTX"",""keyId"":""f3a4b30f-ba66-490c-8d10-8a72c1b7ba9a"",""startDateTime"":""2025-08-05T12:21:21.253Z"",""secretText"":null},{""customKeyIdentifier"":null,""displayName"":""Delivery Notes Prod secret"",""endDateTime"":""2027-04-02T07:53:02.42Z"",""hint"":""cD3"",""keyId"":""bd6b8b6f-7b45-4836-85a2-0019611dd73e"",""startDateTime"":""2025-04-02T07:53:02.42Z"",""secretText"":null}]","648277d7-bb9d-481f-9096-c0c312a44eef","null","[]","null","null","ncconline.onmicrosoft.com","AzureADMyOrg","[]","null","null","null","[]","[]","[]","null","null","null","null","null","[]","Allow","[]","null","null","false","false"
"""Customer Service Copilot Bot (Power Virtual Agents)""","8d9bd53c-d908-43ed-af9d-3b062f29fb94","2024-05-04T20:12:14Z","[]","[]","648adfc2-9817-40e4-a3cb-98701d513e7c","null","[]","null","null","ncconline.onmicrosoft.com","AzureADMultipleOrgs","[""AIAgentBuilder"",""AgentCreatedBy:CopilotStudio"",""AgenticApp"",""power-virtual-agents-5382c06a-cab0-4882-978b-1803b551b6de""]","null","null","null","[]","[]","[]","null","null","null","null","null","[]","Allow","[]","null","null","false","false"
"""D365 Sales Agent - Stakeholder Research (Microsoft Copilot Studio)""","27a349e5-c519-41de-bd34-0c84b461c8ab","2025-06-06T21:10:12Z","[]","[]","64a1e3dc-70db-4a89-bee0-30cf52420103","null","[]","null","null","ncconline.onmicrosoft.com","AzureADMyOrg","[""AIAgentBuilder"",""AgentCreatedBy:CopilotStudio"",""AgenticApp"",""power-virtual-agents-1390a919-0195-c35c-de4c-40ccf362dea5""]","null","null","null","[]","[]","[]","null","null","null","null","null","[]","Allow","[]","null","null","false","false"
"""PurchasePal SE (Power Virtual Agents)""","52e68642-ce24-40dd-9e50-582100757c55","2023-10-11T07:15:29Z","[]","[]","64ca7ff9-31c5-42e6-ba19-c6ee3e1dc2d1","null","[]","null","null","ncconline.onmicrosoft.com","AzureADMultipleOrgs","[""AIAgentBuilder"",""AgentCreatedBy:CopilotStudio"",""AgenticApp"",""power-virtual-agents-5b458fc8-ffef-4a9b-8241-837cddc217b4""]","null","null","null","[]","[]","[]","null","null","null","null","null","[]","Allow","[]","null","null","false","false"
"""ncc-tfs-NCC-prod-cmn-appiot-536512e6-44e5-4e9a-849a-33131501e63f""","be6ba7b3-7eda-480f-bb1b-db88be5ef10d","2018-06-11T11:17:28Z","[]","[{""customKeyIdentifier"":null,""displayName"":null,""endDateTime"":""2020-06-11T11:17:27.9682427Z"",""hint"":null,""keyId"":""5bde92f8-eb82-4595-8f0b-aa69cab4cadb"",""startDateTime"":""2018-06-11T11:17:27.9682427Z"",""secretText"":null}]","64cf432e-43fe-4740-a796-3395db179a05","null","[""https://VisualStudio/SPNa4e3a0d0-4345-462d-9ce1-f90272760293""]","null","null","null","AzureADMyOrg","[]","null","null","null","[]","[]","[]","null","null","null","null","null","[]","Allow","[""https://VisualStudio/SPN""]","https://VisualStudio/SPN","null","true","false"
"""ar-poc-cmn-integration-TA""","f6e84869-fd24-4c7d-bc1d-e0dc54f8c5a6","2023-04-03T12:34:23Z","[]","[{""customKeyIdentifier"":null,""displayName"":""Service Connection"",""endDateTime"":""2025-04-24T07:02:12.26Z"",""hint"":""3js"",""keyId"":""c26ecab8-44a4-4b45-8e6c-6ff85e6aa613"",""startDateTime"":""2023-04-25T07:02:12.26Z"",""secretText"":null}]","64ddb38a-95f2-425c-a7e4-e126bc5f1ebe","null","[]","null","null","ncconline.onmicrosoft.com","AzureADMyOrg","[]","null","null","null","[]","[]","[]","null","null","null","null","null","[]","Allow","[]","null","null","false","false"
"""CSKnowledgeHarvestV2 (Microsoft Copilot Studio)""","9693af39-79b4-4977-8f4a-75f84a47437d","2024-11-17T02:16:41Z","[]","[]","64fc37be-1545-4475-a602-630e5d8f239e","null","[]","null","null","ncconline.onmicrosoft.com","AzureADMultipleOrgs","[""AIAgentBuilder"",""AgentCreatedBy:CopilotStudio"",""AgenticApp"",""power-virtual-agents-a982e924-1ee9-2e41-1fe5-a0d60f6e98a0""]","null","null","null","[]","[]","[]","null","null","null","null","null","[]","Allow","[]","null","null","false","false"
"""U&I Assistent (Microsoft Copilot Studio)""","534af6a8-85dd-4591-949d-68c2ff3a6736","2025-09-10T12:50:10Z","[]","[]","65374e8d-c8de-415d-aa56-893bc5996321","null","[]","null","null","ncconline.onmicrosoft.com","AzureADMyOrg","[""AIAgentBuilder"",""AgentCreatedBy:CopilotStudio"",""AgenticApp"",""power-virtual-agents-1b6d2da5-eedc-f0d1-b1b4-9a5f1276d3a4""]","null","null","null","[]","[]","[]","null","null","null","null","null","[]","Allow","[]","null","null","false","false"
"""ar-test-cmn-portalservices""","7d6d3126-f074-4634-aaa7-887fefcf52c4","2021-02-03T08:09:56Z","[]","[{""customKeyIdentifier"":null,""displayName"":""App Secret"",""endDateTime"":""2027-05-02T07:21:24.445Z"",""hint"":""o.N"",""keyId"":""68a56778-6dde-4f4f-9dfd-a01e8b11d17f"",""startDateTime"":""2025-05-02T07:21:24.445Z"",""secretText"":null}]","655d570d-008f-41ee-9037-d27a50127b7e","false","[""api://7d6d3126-f074-4634-aaa7-887fefcf52c4""]","null","SecurityGroup","ncconline.onmicrosoft.com","AzureADMultipleOrgs","[]","null","2","true","[]","[{""appId"":""7d6d3126-f074-4634-aaa7-887fefcf52c4"",""delegatedPermissionIds"":[""eaec1c4e-ef64-4c63-bacf-06d8df688a16"",""aefeb7d4-178c-4c37-9dd1-5d11f27195e8"",""4a920889-6aa3-40b1-a39a-95d82821a143"",""d82b1fc3-ba77-4239-ab71-d132d20c4a66"",""155e3a9e-c305-4d67-acb4-a20deb1a41aa"",""de9353bb-072f-4147-804d-645f186a4a71"",""94a3bbab-271a-415b-8dad-cad3ab391a91"",""e123122c-8511-47e9-930d-940b867387ed"",""1b93384c-3cf5-46dc-a359-dfaa315c413b"",""6df22396-ee2e-4501-8777-106f4ab35359""]},{""appId"":""3c839c95-f785-4f03-8e00-35926a9e5856"",""delegatedPermissionIds"":[""e123122c-8511-47e9-930d-940b867387ed""]}]","[]","null","null","null","null","null","[]","Allow","[""https://test.supplierservice.ncc.com/swagger/oauth2-redirect.html"",""https://test.portalscustomerservice.ncc.com/signin-oidcc"",""https://wa-feat-cmn-systemmessage.ase-test-cmn-prodportals.appserviceenvironment.net/signin-oidc"",""https://feat.deliverycalendar.ncc.com/signin-oidc"",""https://wa-feat-cmn-purchaseorderservice.ase-test-cmn-prodportals.appserviceenvironment.net/signin-oidc"",""https://feat.purchaseorderservice.ncc.com/signin-oidc"",""http://localhost:5107/swagger/oauth2-redirect.html"",""https://feat.pricelist.ncc.com/signin-oidc"",""https://feat.decisionpoint.ncc.com/swagger/oauth2-redirect.html"",""https://feat.templateengine.ncc.com/signin-oidc"",""https://feat.decisionpointui.ncc.com/swagger/oauth2-redirect.html"",""https://test.emailservice.ncc.com/signin-oidc"",""https://feat.proxyservice.ncc.com/signin-oidc"",""https://feat.supplierservice.ncc.com/swagger/oauth2-redirect.html"",""https://localhost:7161/swagger/oauth2-redirect.html"",""http://localhost:2972/signin-oidc"",""https://feat.supplierservice.ncc.com/signin-oidc"",""https://feat.portalscustomerservice.ncc.com/signin-oidc"",""https://feat.linkservice.ncc.com/signin-oidc"",""https://feat.userservice.ncc.com/signin-oidc"",""https://feat.agreementbank.ncc.com/signin-oidc"",""https://feat.projectpurchase.ncc.com/signin-oidc"",""https://feat.purchaseportal.ncc.com/signin-oidc"",""https://feat.translationservice.ncc.com/signin-oidc"",""https://feat.oldprojectservice.ncc.com/signin-oidc"",""https://feat.ppmobile.ncc.com/signin-oidc"",""https://feat.qualiwareapi.ncc.com/signin-oidc"",""https://feat.projectportal.ncc.com/signin-oidc"",""https://test.ds-cpfm-api.ncc.com/"",""https://localhost:44335/signin-oidc"",""https://test.proxyservice.ncc.com/signin-oidc"",""https://localhost:44314/signin-oidc"",""https://test.externaluserservice.ncc.com/signin-oidc"",""https://test.purchasingstatistics.ncc.com/signin-oidc"",""https://test.userservice.ncc.com/signin-oidc"",""https://test.oldprojectservice.ncc.com/signin-oidc"",""https://test.purchasestatistics.ncc.com/signin-oidc"",""https://test.supplier.ncc.group/signin-oidc"",""https://test.documentservice.ncc.com/signin-oidc"",""https://test.supplierportal.ncc.com/signin-oidc"",""https://test.agreementbank.ncc.com/signin-oidc"",""https://test.categorypurchase.ncc.com/signin-oidc"",""https://test.currencyservice.ncc.com/signin-oidc"",""https://test.projectpurchase.ncc.com/signin-oidc"",""https://test.linkservice.ncc.com/signin-oidc"",""https://test.geographyservice.ncc.com/signin-oidc"",""https://test.pricelist.ncc.com/signin-oidc"",""https://test.onprem.ncc.com/signin-oidc"",""https://test.webshop.ncc.group/signin-oidc"",""https://test.resourceaccountservice.ncc.com/signin-oidc"",""https://test.purchaseorderservice.ncc.com/signin-oidc"",""https://test.systemmessage.ncc.com/signin-oidc"",""https://test.supplierservice.ncc.com/signin-oidc"",""https://test.qualiwareapi.ncc.com/signin-oidc"",""https://test.translationservice.ncc.com/signin-oidc"",""https://test.holidayservice.ncc.com/signin-oidc"",""https://test.helpcontentservice.ncc.com/signin-oidc"",""https://test.purchaseportal.ncc.com/signin-oidc"",""https://test.ppmobile.ncc.com/signin-oidc"",""https://test.templateengine.ncc.com/signin-oidc"",""https://test.deliverycalendar.ncc.com/signin-oidc"",""https://test.projectportal.ncc.com/signin-oidc"",""https://localhost:44371/signin-oidc""]","null","null","true","true"
"""NccDevelopment-Cmn-Masscontrol-536512e6-44e5-4e9a-849a-33131501e63f""","8099b7a9-533e-40a7-b243-36bfe0923914","2019-01-24T09:08:40Z","[]","[{""customKeyIdentifier"":null,""displayName"":null,""endDateTime"":""2021-01-24T09:08:40.7308392Z"",""hint"":null,""keyId"":""af19ead8-fa5b-4957-a952-a52eb107e95f"",""startDateTime"":""2019-01-24T09:08:40.7308392Z"",""secretText"":null}]","6595ae0d-e4f6-4096-9a94-58f1a33e87b9","null","[""https://VisualStudio/SPNce218393-f618-40df-8549-ef7f2fc322bc""]","null","null","ncconline.onmicrosoft.com","AzureADMyOrg","[]","null","null","null","[]","[]","[]","null","null","null","null","null","[]","Allow","[""https://VisualStudio/SPN""]","https://VisualStudio/SPN","null","true","false"
"""ar-prod-cmn-mvp1""","822fe04b-7982-43c8-b146-fb8a2dd42463","2024-01-02T11:59:31Z","[]","[]","65ac1dc7-b8a7-4c4d-87ae-5ef52fa50e00","null","[]","null","null","ncconline.onmicrosoft.com","AzureADMyOrg","[]","null","null","null","[]","[]","[]","null","null","null","null","null","[]","Allow","[]","null","null","false","false"
"""ncc-tfs-NCC-prod-cmn-appiot-536512e6-44e5-4e9a-849a-33131501e63f""","b9351da8-c331-4016-87e3-18b93aa4e49c","2018-06-11T11:39:20Z","[]","[{""customKeyIdentifier"":null,""displayName"":null,""endDateTime"":""2020-06-11T11:39:20.2438166Z"",""hint"":null,""keyId"":""efef9b15-1eae-4dd4-b031-827f443bf445"",""startDateTime"":""2018-06-11T11:39:20.2438166Z"",""secretText"":null}]","65bd8b1a-6519-4862-a6ac-5fcd15a15b28","null","[""https://VisualStudio/SPN284cf454-ed5c-45fb-a8c7-343105dac4b6""]","null","null","null","AzureADMyOrg","[]","null","null","null","[]","[]","[]","null","null","null","null","null","[]","Allow","[""https://VisualStudio/SPN""]","https://VisualStudio/SPN","null","true","false"
"""Agent (Microsoft Copilot Studio)""","1c363dc6-5cbd-410d-aa20-9827ad4eef51","2026-01-12T12:46:27Z","[]","[]","65bf488e-3c3d-42d0-ba00-01006609e016","null","[]","null","null","ncconline.onmicrosoft.com","AzureADMyOrg","[""AIAgentBuilder"",""AgentCreatedBy:CopilotStudio"",""AgenticApp"",""power-virtual-agents-a6ec3626-6b80-0a48-8fc1-a8dbb6184f13""]","null","null","null","[]","[]","[]","null","null","null","null","null","[]","Allow","[]","null","null","false","false"
"""Account reconciliation agent (Microsoft Copilot Studio)""","87194fec-f426-45e6-9739-2fc300910d0e","2025-10-02T23:38:47Z","[]","[]","65d443bd-7db6-4773-988f-a477fbae4736","null","[]","null","null","ncconline.onmicrosoft.com","AzureADMyOrg","[""AIAgentBuilder"",""AgentCreatedBy:CopilotStudio"",""AgenticApp"",""power-virtual-agents-b874fff6-57fe-e26b-0bcc-cd114a286484""]","null","null","null","[]","[]","[]","null","null","null","null","null","[]","Allow","[]","null","null","false","false"
"""ar-prod-cmn-pipechain""","17ae87f1-d5a1-4b06-b075-4fb1599875cc","2021-01-26T14:33:20Z","[]","[]","65e97084-9151-4892-97c8-76b1e165ece0","null","[]","null","null","ncconline.onmicrosoft.com","AzureADMyOrg","[]","null","null","null","[]","[]","[]","null","null","null","null","null","[]","Allow","[""https://hosting.pipechain.com/ncc/sso"",""https://hosting.pipechain.com/ncc/login""]","null","https://hosting.pipechain.com/ncc/login","true","false"
"""E-Analys""","5aaf7291-ff5c-4d88-b46c-a39072a67181","2020-04-15T13:15:26Z","[]","[{""customKeyIdentifier"":null,""displayName"":""CWAP_AuthSecret"",""endDateTime"":""2026-01-17T00:51:53.1954237Z"",""hint"":""nqh"",""keyId"":""2aa79608-ff8b-4c11-a8f4-8b942a506df4"",""startDateTime"":""2025-01-17T00:47:53.1954237Z"",""secretText"":null},{""customKeyIdentifier"":""Q1dBUF9BdXRoU2VjcmV0"",""displayName"":null,""endDateTime"":""2025-04-14T06:27:12.533645Z"",""hint"":""Co1"",""keyId"":""3ccd9b2f-d2f8-468a-a7ee-9b8788f45e22"",""startDateTime"":""2024-04-14T06:23:12.533645Z"",""secretText"":null},{""customKeyIdentifier"":""Q1dBUF9BdXRoU2VjcmV0"",""displayName"":null,""endDateTime"":""2024-07-12T13:22:36.1694651Z"",""hint"":""Rb9"",""keyId"":""fcaaa837-75d5-4b0b-aed0-f4d4b8140ede"",""startDateTime"":""2023-07-13T13:18:36.1694651Z"",""secretText"":null},{""customKeyIdentifier"":null,""displayName"":""E-Analys Secret"",""endDateTime"":""2022-04-15T16:18:31.827Z"",""hint"":""g?K"",""keyId"":""8d7c8a16-9e19-4899-b99e-f631ebdddbc4"",""startDateTime"":""2020-04-15T16:19:17.41Z"",""secretText"":null}]","662c5b2f-9152-41c3-8e4f-980f1a4d5885","null","[""https://eanalys.ncc.com/"",""https://eanalys.ncc.com/Ncc.Eanalys.Web"",""https://eanalys.ncc.com/Ncc.Eanalys.DEV_AD.Web""]","null","null","ncconline.onmicrosoft.com","AzureADMyOrg","[]","null","2","true","[]","[]","[]","null","null","null","null","null","[]","Allow","[""http://localhost:55053/Ncc.Eanalys.Web/"",""https://eanalys.ncc.com/Ncc.Eanalys.WebAD/"",""https://eanalys.ncc.com/""]","https://eanalys.ncc.com/Ncc.Eanalys.WebAD/","https://eanalys.ncc.com/?appproxy=logout","true","false"
"""sc-ind-rubicon-ncc-build""","a87a321a-7f79-4bcd-8a99-c0ed309e90d2","2021-02-15T13:53:42Z","[]","[{""customKeyIdentifier"":null,""displayName"":""devops secret for NCC Industry"",""endDateTime"":""2299-12-30T23:00:00Z"",""hint"":"".vn"",""keyId"":""e9f621e9-cf71-49ad-a053-2265c5bad1bc"",""startDateTime"":""2021-02-15T13:55:04.976Z"",""secretText"":null}]","664ef98e-5e7c-41a6-b83d-08ae966f1225","null","[]","null","null","ncconline.onmicrosoft.com","AzureADMyOrg","[]","null","null","null","[]","[]","[]","null","null","null","null","null","[]","Allow","[]","null","null","false","false"
"""Stakeholder Agent (Microsoft Copilot Studio)""","16ad9ed5-dfda-4751-a70c-b0b9be3fea2a","2025-10-21T19:40:03Z","[]","[]","664fdd28-25a9-4fbb-a9fe-efc251d8b833","null","[]","null","null","ncconline.onmicrosoft.com","AzureADMyOrg","[""AIAgentBuilder"",""AgentCreatedBy:CopilotStudio"",""AgenticApp"",""power-virtual-agents-d694a76d-0679-8793-f34e-ac55d1fe6605""]","null","null","null","[]","[]","[]","null","null","null","null","null","[]","Allow","[]","null","null","false","false"
"""CSKnowledgeHarvestV2 (Microsoft Copilot Studio)""","e919d2f6-a87a-403e-86be-d3a173d068ca","2024-11-21T21:47:51Z","[]","[]","66c90094-5352-45a8-88db-ea58425cd522","null","[]","null","null","ncconline.onmicrosoft.com","AzureADMultipleOrgs","[""AIAgentBuilder"",""AgentCreatedBy:CopilotStudio"",""AgenticApp"",""power-virtual-agents-ea7b831a-0f26-e5e1-7657-0b90ee37220d""]","null","null","null","[]","[]","[]","null","null","null","null","null","[]","Allow","[]","null","null","false","false"
"""Test Alex (Power Virtual Agents)""","a6c5b26c-1f83-4d71-adce-f8edce1bc661","2023-08-22T09:17:43Z","[{""customKeyIdentifier"":""239527ECF41F3FCFADBF68F93689FD4EBE19A3B0"",""displayName"":""CN=service.prod.powerva.microsoft.com"",""endDateTime"":""2025-04-07T12:38:06Z"",""keyId"":""828a39fa-5f6e-49ed-a385-a3c57a93fd19"",""startDateTime"":""2024-04-12T12:38:06Z"",""type"":""AsymmetricX509Cert"",""usage"":""Verify"",""key"":null},{""customKeyIdentifier"":""AE73A31ACC0C048845C3061C23E937AB5A2DD8E9"",""displayName"":""CN=service.prod.powerva.microsoft.com"",""endDateTime"":""2025-07-01T18:00:12Z"",""keyId"":""6c51a43d-606e-4517-8aaa-eeca6a22d143"",""startDateTime"":""2024-07-06T18:00:12Z"",""type"":""AsymmetricX509Cert"",""usage"":""Verify"",""key"":null},{""customKeyIdentifier"":""B6C661C8030E4E183E0302200427CB5AF67566E5"",""displayName"":""CN=service.prod.powerva.microsoft.com"",""endDateTime"":""2025-09-24T20:02:14Z"",""keyId"":""5953655d-b316-405d-99dd-6a91ea54026e"",""startDateTime"":""2024-09-29T20:02:14Z"",""type"":""AsymmetricX509Cert"",""usage"":""Verify"",""key"":null},{""customKeyIdentifier"":""A69D470844D394FD34BC05D828F3F189CE5E3B35"",""displayName"":""CN=service.prod.powerva.microsoft.com"",""endDateTime"":""2025-06-22T08:19:17Z"",""keyId"":""6e4cb117-a2e0-48fb-83e4-b38a4772c385"",""startDateTime"":""2024-12-24T08:19:17Z"",""type"":""AsymmetricX509Cert"",""usage"":""Verify"",""key"":null}]","[]","66e9ebb1-695a-45c3-bd5a-1a6e6a1217d4","null","[]","null","null","ncconline.onmicrosoft.com","AzureADMultipleOrgs","[""power-virtual-agents-2cd0f300-7365-4b29-a8f4-f05550b3ad26""]","null","null","null","[]","[]","[]","null","null","null","null","null","[]","Allow","[]","null","null","false","false"
"""ar-prod-cmn-ramp-dam""","50aef480-919a-4651-a60c-df60d0b74f7e","2023-11-09T14:13:46Z","[]","[{""customKeyIdentifier"":null,""displayName"":""Dam-ClientSecret"",""endDateTime"":""2027-11-19T10:05:49.2Z"",""hint"":""AgE"",""keyId"":""30656cec-05d1-4b25-99df-df9bfa1644e2"",""startDateTime"":""2025-11-19T10:05:49.2Z"",""secretText"":null},{""customKeyIdentifier"":null,""displayName"":""ServiceBus-ClientSecret"",""endDateTime"":""2027-11-19T10:03:52.001Z"",""hint"":""CRL"",""keyId"":""0c04e975-693d-45d1-901e-575ad3746f49"",""startDateTime"":""2025-11-19T10:03:52.001Z"",""secretText"":null}]","6731c812-5fed-48ed-ae6b-a57268394ed8","null","[]","null","null","ncconline.onmicrosoft.com","AzureADMyOrg","[]","null","null","null","[]","[]","[]","null","null","null","null","null","[]","Allow","[]","null","null","false","false"
"""ar-prod-cmn-adops-AccountExpirationStats""","2b61543c-f081-4b00-865b-24e19baef2cb","2024-05-20T14:41:20Z","[{""customKeyIdentifier"":""FAFA7618B65030B16142CA0D7DC15162288EBD8C"",""displayName"":""CN=Cert used on CMNIS116"",""endDateTime"":""2025-11-22T11:30:26Z"",""keyId"":""451ccc41-dd03-4ce7-9db4-621c188e7c4c"",""startDateTime"":""2024-05-22T11:20:27Z"",""type"":""AsymmetricX509Cert"",""usage"":""Verify"",""key"":null}]","[{""customKeyIdentifier"":null,""displayName"":""aa-prod-cmn-adOps"",""endDateTime"":""2025-11-16T15:48:25.494Z"",""hint"":""krs"",""keyId"":""6fd98b56-8a60-440e-a2a0-823e823e4284"",""startDateTime"":""2024-05-20T14:48:25.494Z"",""secretText"":null}]","67d3f290-b63d-4ddc-b8cd-fbf7c0975d8c","null","[]","null","null","ncconline.onmicrosoft.com","AzureADMyOrg","[]","null","null","null","[]","[]","[]","null","null","null","null","null","[]","Allow","[]","null","null","false","false"
"""Account reconciliation agent (Microsoft Copilot Studio)""","56ab2535-c557-494e-abfa-dbd79e2c6675","2025-09-03T01:45:24Z","[]","[]","683198e8-579d-4bea-b984-56fb5dec74ee","null","[]","null","null","ncconline.onmicrosoft.com","AzureADMyOrg","[""AIAgentBuilder"",""AgentCreatedBy:CopilotStudio"",""AgenticApp"",""power-virtual-agents-94b95b37-fc7c-bbb6-b5ca-1ce699345a5f""]","null","null","null","[]","[]","[]","null","null","null","null","null","[]","Allow","[]","null","null","false","false"
"""D365 Sales Agent - Research (Microsoft Copilot Studio)""","67851db7-9ddf-4312-ae18-8b479a574aae","2025-05-16T22:11:20Z","[]","[]","6876024f-3541-4b06-9e12-b1c19fd162f0","null","[]","null","null","ncconline.onmicrosoft.com","AzureADMyOrg","[""AIAgentBuilder"",""AgentCreatedBy:CopilotStudio"",""AgenticApp"",""power-virtual-agents-2352f747-b099-ef08-e33e-08e1403fa40e""]","null","null","null","[]","[]","[]","null","null","null","null","null","[]","Allow","[]","null","null","false","false"
"""Galicia Frontline Bot (Microsoft Copilot Studio)""","c4701b59-ffe5-4c33-a34f-d225dbe15c85","2024-07-10T18:56:31Z","[]","[]","68c68df7-c823-4dea-ba35-5787c7483c8e","null","[]","null","null","ncconline.onmicrosoft.com","AzureADMultipleOrgs","[""AIAgentBuilder"",""AgentCreatedBy:CopilotStudio"",""AgenticApp"",""power-virtual-agents-103b99a0-578d-aa0f-7a79-15144a9d1311""]","null","null","null","[]","[]","[]","null","null","null","null","null","[]","Allow","[]","null","null","false","false"
"""ar-uat-ind-wheelloader-frontend-api""","1bb4495f-b859-4d56-93e9-82f88ec9c9da","2022-12-23T15:19:58Z","[]","[]","6905308c-1886-4d8a-9b40-b69307801139","null","[""api://1bb4495f-b859-4d56-93e9-82f88ec9c9da""]","null","null","ncconline.onmicrosoft.com","AzureADMyOrg","[]","null","null","null","[]","[{""appId"":""0d12b6c1-6007-423c-ab58-6fd449a31c79"",""delegatedPermissionIds"":[""c6b3eab5-b0c7-427a-b726-a4f1d330a0f0""]}]","[]","null","null","null","null","null","[]","Allow","[]","null","null","false","false"
"""NccDevelopment-ConstructionConnector-rg-prod-cmn-cedb""","39c2592c-0e2b-4ba7-b2d3-098a9cc93f72","2022-03-28T14:17:45Z","[]","[{""customKeyIdentifier"":null,""displayName"":""Password uploaded on Wed Apr 03 2024"",""endDateTime"":""2026-04-03T08:17:37.955Z"",""hint"":""SA9"",""keyId"":""05251506-4349-4b22-bb48-f405a9221100"",""startDateTime"":""2024-04-03T08:17:37.955Z"",""secretText"":null}]","69775a4c-2691-415f-b28f-c8596d5fda2c","null","[]","null","null","ncconline.onmicrosoft.com","AzureADMyOrg","[]","null","null","null","[]","[]","[]","null","null","null","null","null","[]","Allow","[]","null","null","false","false"
"""ar-test-cmn-siteintroduction""","94373fba-6a3f-4c97-9898-2ba54ab85584","2024-09-16T13:28:11Z","[]","[{""customKeyIdentifier"":null,""displayName"":""integration_platform_connection"",""endDateTime"":""2026-09-17T05:14:16.247Z"",""hint"":""I2u"",""keyId"":""8b0b4bd1-b681-4e47-b7aa-de68671907bd"",""startDateTime"":""2024-09-17T05:14:16.247Z"",""secretText"":null}]","699cbf11-595f-4689-b88d-47e76ce6894f","null","[]","null","null","ncconline.onmicrosoft.com","AzureADMyOrg","[]","null","null","null","[]","[]","[]","null","null","null","null","null","[]","Allow","[]","null","null","false","false"
"""ar-test-cmn-ramp-ichemistry""","d7b98bed-d2f1-47bc-9030-c4c56bdb801a","2025-04-29T06:59:18Z","[]","[{""customKeyIdentifier"":null,""displayName"":""Ramp-AppReg-ClientSecret"",""endDateTime"":""2027-04-29T10:27:26.843Z"",""hint"":""Q9v"",""keyId"":""ee83751c-6c94-4730-9dde-af1dae165807"",""startDateTime"":""2025-04-29T10:27:26.843Z"",""secretText"":null}]","69ad66bb-2487-4e51-99c3-7dc97531c79b","null","[]","null","null","ncconline.onmicrosoft.com","AzureADMyOrg","[]","null","null","null","[]","[]","[]","null","null","null","null","null","[]","Allow","[]","null","null","false","false"
"""ar-prod-cmn-ramp-behorighetssystemet""","a8135671-e560-413d-954c-4c94c0f89ebc","2025-06-30T12:33:30Z","[]","[{""customKeyIdentifier"":null,""displayName"":""ServiceBus-ClientSecret"",""endDateTime"":""2027-10-13T07:45:23.671Z"",""hint"":""k9b"",""keyId"":""96d83821-241b-40e0-aa9f-beccf107153a"",""startDateTime"":""2025-10-13T07:45:23.671Z"",""secretText"":null},{""customKeyIdentifier"":null,""displayName"":""Ramp-AppReg"",""endDateTime"":""2027-10-13T07:43:47.531Z"",""hint"":""AOW"",""keyId"":""3eb6f0ca-9d64-491d-a05a-5f61c3547786"",""startDateTime"":""2025-10-13T07:43:47.531Z"",""secretText"":null}]","69f4dcc6-32ee-4dbf-bef8-76fc4366c5ce","null","[]","null","null","ncconline.onmicrosoft.com","AzureADMyOrg","[]","null","null","null","[]","[]","[]","null","null","null","null","null","[]","Allow","[]","null","null","false","false"
"""tenderagent test (Microsoft Copilot Studio)""","294ac1c8-8ab3-439d-aecb-6ca335f0a426","2025-03-18T08:08:49Z","[]","[]","6a027ce8-8d19-4f8f-a246-33c03353b01e","null","[]","null","null","ncconline.onmicrosoft.com","AzureADMyOrg","[""AIAgentBuilder"",""AgentCreatedBy:CopilotStudio"",""AgenticApp"",""power-virtual-agents-5db241fe-ed67-7a69-db45-655edae26cf0""]","null","null","null","[]","[]","[]","null","null","null","null","null","[]","Allow","[]","null","null","false","false"
"""ar-test-cmn-ramp-tagetik""","11ae8a19-5a18-456c-9817-f8a1c91d9bc9","2025-09-16T15:00:55Z","[]","[{""customKeyIdentifier"":null,""displayName"":""Ramp-AppReg-ClientSecret"",""endDateTime"":""2027-11-19T09:16:25.825Z"",""hint"":""zmx"",""keyId"":""135f7a88-3bf5-4b87-9c2a-1883968206e5"",""startDateTime"":""2025-11-19T09:16:25.825Z"",""secretText"":null}]","6a06356f-37a0-4174-a178-d37d046523fb","null","[]","null","null","ncconline.onmicrosoft.com","AzureADMyOrg","[]","null","null","null","[]","[]","[]","null","null","null","null","null","[]","Allow","[]","null","null","false","false"
"""ar-dev-ind-RD-spfxProxy""","11c1a607-0b97-4394-a60b-762609d53dca","2023-07-14T13:35:06Z","[]","[]","6a11e12a-dc74-40c0-96c0-63fa917a5470","null","[""api://11c1a607-0b97-4394-a60b-762609d53dca""]","null","null","ncconline.onmicrosoft.com","AzureADMyOrg","[]","null","null","null","[]","[]","[]","null","null","null","null","null","[]","Allow","[]","null","null","false","false"
"""ar-test-ind-gulamaskiner""","e5b8e555-7db1-4ec7-ae68-22eed7047f80","2023-01-16T13:16:53Z","[]","[{""customKeyIdentifier"":null,""displayName"":""DevOpsPipeline2025"",""endDateTime"":""2027-01-07T11:23:19.676Z"",""hint"":""MMF"",""keyId"":""57b13da2-c574-4862-a5b0-bb3bf5d0e2e6"",""startDateTime"":""2025-01-07T11:23:19.676Z"",""secretText"":null}]","6a70e02c-efeb-419c-a094-bb742b016f8e","null","[]","null","null","ncconline.onmicrosoft.com","AzureADMyOrg","[]","null","null","null","[]","[]","[]","null","null","null","null","null","[]","Allow","[]","null","null","false","false"
"""Handläggare (Microsoft Copilot Studio)""","56445e94-5793-435f-99bc-75b736e816ea","2025-02-06T14:06:49Z","[]","[]","6aaebb86-45b0-40db-bb34-b42b269b337f","null","[]","null","null","ncconline.onmicrosoft.com","AzureADMyOrg","[""AIAgentBuilder"",""AgentCreatedBy:CopilotStudio"",""AgenticApp"",""power-virtual-agents-6421cc02-ddc1-5e21-80d3-4d24026dc6f0""]","null","null","null","[]","[]","[]","null","null","null","null","null","[]","Allow","[]","null","null","false","false"
"""Agent tester Polaris Sharepoint (Microsoft Copilot Studio)""","f5873aed-2a4e-46f6-b1c8-c7a0ae1b5ad2","2024-12-05T09:04:45Z","[]","[]","6ac9e535-4b69-486a-b5e7-002a1bd9e74a","null","[]","null","null","ncconline.onmicrosoft.com","AzureADMultipleOrgs","[""AIAgentBuilder"",""AgentCreatedBy:CopilotStudio"",""AgenticApp"",""power-virtual-agents-6440a4d5-128f-1452-b814-95dfe28bbae4""]","null","null","null","[]","[]","[]","null","null","null","null","null","[]","Allow","[]","null","null","false","false"
"""QualityEvaluationAgentForConversation (Microsoft Copilot Studio)""","5d346821-f372-4714-867f-3ac55bd94da2","2025-08-07T00:49:44Z","[]","[]","6aef47ac-85c4-4032-9a37-da19d4c91395","null","[]","null","null","ncconline.onmicrosoft.com","AzureADMyOrg","[""AIAgentBuilder"",""AgentCreatedBy:CopilotStudio"",""AgenticApp"",""power-virtual-agents-1102a83b-6fcb-67fe-87d1-104f3e01c3bc""]","null","null","null","[]","[]","[]","null","null","null","null","null","[]","Allow","[]","null","null","false","false"
"""Customer Service Email Sentiment Generator (Microsoft Copilot Studio)""","999f445d-89e7-4f94-94ee-1969ad7cf97d","2026-01-11T00:53:40Z","[]","[]","6af97f6f-cdd2-42e4-961c-f83acebc2ac5","null","[]","null","null","ncconline.onmicrosoft.com","AzureADMyOrg","[""AIAgentBuilder"",""AgentCreatedBy:CopilotStudio"",""AgenticApp"",""power-virtual-agents-3036c97c-1cb2-18b7-1ebe-bbb6a123cc25""]","null","null","null","[]","[]","[]","null","null","null","null","null","[]","Allow","[]","null","null","false","false"
"""sc-ind-wheelloader-prod""","f5a42811-80ca-4f6e-b395-ae859527cb7f","2021-02-15T08:59:17Z","[]","[{""customKeyIdentifier"":null,""displayName"":""DevOps2025"",""endDateTime"":""2027-02-13T08:21:09.936Z"",""hint"":""2hR"",""keyId"":""0579e63f-6cda-4975-824b-26263abae314"",""startDateTime"":""2025-02-13T08:21:09.936Z"",""secretText"":null}]","6b4466d8-e850-4e7d-8591-78ae9dbbc272","null","[]","null","null","ncconline.onmicrosoft.com","AzureADMyOrg","[]","null","null","null","[]","[]","[]","null","null","null","null","null","[]","Allow","[]","null","null","false","false"
"""SAML SSO for Twilio SendGrid""","f1c036f1-e080-49b1-a91c-8bbf8a2b8faa","2023-03-01T10:15:46Z","[]","[]","6b51fa83-9ac7-42a1-ab87-1c30637bc57f","false","[""https://api.sendgrid.com/v3/public/sso/saml/response/id/e96285ef-ce94-48c5-8795-8122a6061044""]","null","null","ncconline.onmicrosoft.com","AzureADMyOrg","[]","null","null","null","[]","[]","[]","null","null","null","null","null","[]","Allow","[""https://api.sendgrid.com/v3/public/sso/saml/response/id/e96285ef-ce94-48c5-8795-8122a6061044""]","https://api.sendgrid.com/v3/public/sso/saml/response/id/*?metadata=twiliosendgrid|ISV9.2|primary|z","null","true","false"
"""ncc-tfs-NCC-prod-cmn-appiot-536512e6-44e5-4e9a-849a-33131501e63f""","309b6c2e-959e-4339-a9f2-1a625b6a6205","2017-12-07T08:42:32Z","[]","[{""customKeyIdentifier"":null,""displayName"":null,""endDateTime"":""2019-12-07T08:42:32.0462978Z"",""hint"":null,""keyId"":""3e7d3826-f324-4036-9cb8-ef848c99d8ab"",""startDateTime"":""2017-12-07T08:42:32.0462978Z"",""secretText"":null}]","6b5be411-9603-4ba0-a806-d580ea070c8c","null","[""https://VisualStudio/SPN17435817-8389-4c1a-9d8b-adfc45dad42a""]","null","null","null","AzureADMyOrg","[]","null","null","null","[]","[]","[]","null","null","null","null","null","[]","Allow","[""https://VisualStudio/SPN""]","https://VisualStudio/SPN","null","true","false"
"""Batch Telemetry Agent (Microsoft Copilot Studio)""","e1086d80-c8cd-4098-a727-14fdb068844e","2025-12-11T08:13:54Z","[]","[]","6b931906-622f-4bd9-a06f-683fa9ede276","null","[]","null","null","ncconline.onmicrosoft.com","AzureADMyOrg","[""AIAgentBuilder"",""AgentCreatedBy:CopilotStudio"",""AgenticApp"",""power-virtual-agents-da06cc3f-473b-b5b5-d950-66c1cd964b44""]","null","null","null","[]","[]","[]","null","null","null","null","null","[]","Allow","[]","null","null","false","false"
"""Concrete Control""","9b7a19fb-1594-4a2a-a310-46d0e3fb97a3","2017-10-04T18:23:09Z","[]","[{""customKeyIdentifier"":null,""displayName"":null,""endDateTime"":""2018-10-04T18:23:09.5580322Z"",""hint"":null,""keyId"":""38b47784-820b-4f01-b849-2c5ad7f2deee"",""startDateTime"":""2017-10-04T18:23:09.5580322Z"",""secretText"":null}]","6b95c82e-1f6a-4fcc-af85-24c983682b60","false","[""https://ncconline.onmicrosoft.com/NCCWebApp5""]","null","null","null","AzureADMyOrg","[]","null","null","null","[]","[]","[]","null","null","null","null","null","[]","Allow","[""https://concretecontrol.azurewebsites.net/.auth/login/aad/callback""]","https://concretecontrol.azurewebsites.net","null","true","false"
"""Microsoft CRM Portals""","fcd2d005-efe0-4bbb-8c3b-8427bc9e3603","2019-05-14T11:02:39Z","[{""customKeyIdentifier"":""uG2PzHG1mHAJ7vAxMA=="",""displayName"":""CN=ec5b0b84-3312-4e5e-b68e-0c41871b306e"",""endDateTime"":""2021-05-13T11:02:14Z"",""keyId"":""4c03d8a9-2e35-4b98-b2d3-a0cb2396db44"",""startDateTime"":""2019-05-14T11:02:39.5935196Z"",""type"":""AsymmetricX509Cert"",""usage"":""Verify"",""key"":null}]","[]","6ba5db63-7f8c-4307-a746-39c41d8bbf47","null","[""http://ec5b0b84-3312-4e5e-b68e-0c41871b306e/""]","null","null","ncconline.onmicrosoft.com","AzureADMyOrg","[]","null","null","null","[]","[]","[]","null","null","null","null","null","[]","Allow","[""https://customerportal.ncc.group"",""https://ncc-customer-portal.microsoftcrmportals.com""]","null","null","true","false"
"""ar-test-cmn-ramp-siteservice""","d645b351-f524-474e-aa74-ab1602a68bcf","2023-12-15T11:18:39Z","[]","[{""customKeyIdentifier"":null,""displayName"":""Secret for accessing EventToCorp/PublishSiteOpen"",""endDateTime"":""2028-01-30T11:38:26.392Z"",""hint"":""kPD"",""keyId"":""b2ad37d5-e6f4-4361-9966-d652819d7da0"",""startDateTime"":""2026-01-30T11:38:26.392Z"",""secretText"":null},{""customKeyIdentifier"":null,""displayName"":""SiteService Ramp Secret"",""endDateTime"":""2028-01-30T11:35:58.753Z"",""hint"":""vwe"",""keyId"":""e43940ce-f09c-422c-ad5b-17ad0da71cfd"",""startDateTime"":""2026-01-30T11:35:58.753Z"",""secretText"":null}]","6bb58956-8b98-40a3-a655-5653ddaf82a2","null","[]","null","null","ncconline.onmicrosoft.com","AzureADMyOrg","[]","null","null","null","[]","[]","[]","null","null","null","null","null","[]","Allow","[]","null","null","false","false"
"""ar-cmn-contract-management-customer-updates""","1a50b60f-4107-4f30-8f24-3b801aff0fc6","2024-07-02T13:13:49Z","[]","[]","6c26ac59-6d07-4d73-9e21-bafcc2612dbd","null","[""api://cm.customer.updates.ncc.se""]","null","null","ncconline.onmicrosoft.com","AzureADMyOrg","[]","null","null","null","[]","[]","[]","null","null","null","null","null","[]","Allow","[""https://fn-cm-customer-updates-dev.azurewebsites.net/.auth/login/aad/callback""]","null","null","false","false"
"""sc-test-ind-billy-integration-ramp""","18fcf0c2-257f-4bc4-98e5-151e8582f2fa","2023-03-06T12:42:42Z","[]","[{""customKeyIdentifier"":null,""displayName"":""Devops - Billy Integration Ramp"",""endDateTime"":""2025-03-09T09:12:22.259Z"",""hint"":""Z0~"",""keyId"":""010b46f2-7357-465e-89b0-808fa1ad628c"",""startDateTime"":""2023-03-10T09:12:22.259Z"",""secretText"":null}]","6c6edd58-cb60-4472-ba62-772a3f9f2cb2","null","[]","null","null","ncconline.onmicrosoft.com","AzureADMyOrg","[]","null","null","null","[]","[]","[]","null","null","null","null","null","[]","Allow","[]","null","null","false","false"
"""Stakeholder Agent (Microsoft Copilot Studio)""","7d5187ea-95c1-4aab-a571-84360fff3598","2025-08-15T21:09:29Z","[]","[]","6c8717bc-62bc-4310-be30-3451064c3198","null","[]","null","null","ncconline.onmicrosoft.com","AzureADMyOrg","[""AIAgentBuilder"",""AgentCreatedBy:CopilotStudio"",""AgenticApp"",""power-virtual-agents-7203cfef-fd66-5690-c679-0e23d20b8123""]","null","null","null","[]","[]","[]","null","null","null","null","null","[]","Allow","[]","null","null","false","false"
"""PurchasePal DK (Power Virtual Agents)""","90b839e0-af69-4331-961b-ae86202ec242","2023-10-11T07:17:41Z","[]","[]","6c900e39-e034-4426-91f3-3186e9996dfc","null","[]","null","null","ncconline.onmicrosoft.com","AzureADMultipleOrgs","[""AIAgentBuilder"",""AgentCreatedBy:CopilotStudio"",""AgenticApp"",""power-virtual-agents-b14f40c1-9017-48ce-b530-7b005f9a0202""]","null","null","null","[]","[]","[]","null","null","null","null","null","[]","Allow","[]","null","null","false","false"
"""Customer Service Email Sentiment Generator (Microsoft Copilot Studio)""","5784b751-7807-4b62-9812-583c8c600bec","2026-01-25T19:22:40Z","[]","[]","6d29bf0d-aa20-4511-b654-3b13b3102cb8","null","[]","null","null","ncconline.onmicrosoft.com","AzureADMyOrg","[""AIAgentBuilder"",""AgentCreatedBy:CopilotStudio"",""AgenticApp"",""power-virtual-agents-c379c438-70e5-66f7-e8f6-f682cff55a29""]","null","null","null","[]","[]","[]","null","null","null","null","null","[]","Allow","[]","null","null","false","false"
"""MyConcreteTesting""","6a75ba97-75be-4a83-96ca-3885b5cabbab","2017-10-05T17:36:30Z","[]","[]","6d518458-f931-4b4e-9df3-b063c76fd99d","false","[""https://ncconline.onmicrosoft.com/f80da188-77f2-4715-93ac-86c916bed7f5""]","null","null","null","AzureADMyOrg","[]","null","null","null","[]","[]","[]","null","null","null","null","null","[]","Allow","[""http://myconcretetesting.azurewebsites.net""]","http://myconcretetesting.azurewebsites.net","null","true","false"
"""ar-prod-cmn-foresee-connectingsoftware-seamlessattachmentextractor""","498d33e5-7e09-4963-90c9-0f3e0482da40","2023-03-28T14:14:57Z","[]","[{""customKeyIdentifier"":null,""displayName"":""CS_Authntoken"",""endDateTime"":""2027-09-05T05:14:09.178Z"",""hint"":""VY5"",""keyId"":""f397f90a-ca2d-4bb9-be39-1e2da88c8151"",""startDateTime"":""2025-09-05T05:14:09.178Z"",""secretText"":null},{""customKeyIdentifier"":null,""displayName"":""authn token"",""endDateTime"":""2026-09-16T15:21:08.668Z"",""hint"":""HV~"",""keyId"":""75d63e09-99a1-49c3-9fd2-74ddb03b24e3"",""startDateTime"":""2024-09-16T15:21:08.668Z"",""secretText"":null},{""customKeyIdentifier"":null,""displayName"":""CS_Authntoken"",""endDateTime"":""2025-09-06T13:26:18.905Z"",""hint"":""tAi"",""keyId"":""57d9f81b-1f31-44c9-be1c-d9e81f42b027"",""startDateTime"":""2023-09-07T13:26:18.905Z"",""secretText"":null},{""customKeyIdentifier"":null,""displayName"":""authn token"",""endDateTime"":""2024-09-23T14:23:09.819Z"",""hint"":""X2t"",""keyId"":""9f7539a5-5912-4757-9170-94ecaca0a47f"",""startDateTime"":""2023-03-28T14:23:09.819Z"",""secretText"":null}]","6d865742-6c3b-45f6-9bef-b253c8696628","null","[]","null","null","ncconline.onmicrosoft.com","AzureADMyOrg","[]","null","null","null","[]","[]","[]","null","null","null","null","null","[]","Allow","[""https://seamless-attachment-extractor-saas.connecting-software.com/consent-callback""]","null","null","false","false"
"""ncc-tfs-NCC-prod-cmn-appiot-536512e6-44e5-4e9a-849a-33131501e63f""","3b7c8b33-11f2-47aa-8712-c3b517fbba4d","2018-09-26T09:37:21Z","[]","[{""customKeyIdentifier"":null,""displayName"":null,""endDateTime"":""2020-09-26T09:37:21.0464185Z"",""hint"":null,""keyId"":""9a948b9c-c483-4fe8-9226-e0b4c245e295"",""startDateTime"":""2018-09-26T09:37:21.0464185Z"",""secretText"":null}]","6dea45fa-69ac-414c-8643-85ae898aae23","null","[""https://VisualStudio/SPN378ae4c4-711f-42bd-adbb-5d200d49038c""]","null","null","null","AzureADMyOrg","[]","null","null","null","[]","[]","[]","null","null","null","null","null","[]","Allow","[""https://VisualStudio/SPN""]","https://VisualStudio/SPN","null","true","false"
"""NCC Chattbot FI (Power Virtual Agents)""","d4bc5cc3-17c5-453a-8915-3f65dc0351f6","2023-08-11T07:53:49Z","[{""customKeyIdentifier"":""239527ECF41F3FCFADBF68F93689FD4EBE19A3B0"",""displayName"":""CN=service.prod.powerva.microsoft.com"",""endDateTime"":""2025-04-07T12:38:06Z"",""keyId"":""ccdb2758-c29a-4e92-8226-88ad36be3e6b"",""startDateTime"":""2024-04-12T12:38:06Z"",""type"":""AsymmetricX509Cert"",""usage"":""Verify"",""key"":null},{""customKeyIdentifier"":""AE73A31ACC0C048845C3061C23E937AB5A2DD8E9"",""displayName"":""CN=service.prod.powerva.microsoft.com"",""endDateTime"":""2025-07-01T18:00:12Z"",""keyId"":""4404d467-8699-4a56-a750-44e9fdf32e65"",""startDateTime"":""2024-07-06T18:00:12Z"",""type"":""AsymmetricX509Cert"",""usage"":""Verify"",""key"":null},{""customKeyIdentifier"":""B6C661C8030E4E183E0302200427CB5AF67566E5"",""displayName"":""CN=service.prod.powerva.microsoft.com"",""endDateTime"":""2025-09-24T20:02:14Z"",""keyId"":""ce13c839-f6b7-49fc-ae4d-540559f6ea12"",""startDateTime"":""2024-09-29T20:02:14Z"",""type"":""AsymmetricX509Cert"",""usage"":""Verify"",""key"":null},{""customKeyIdentifier"":""A69D470844D394FD34BC05D828F3F189CE5E3B35"",""displayName"":""CN=service.prod.powerva.microsoft.com"",""endDateTime"":""2025-06-22T08:19:17Z"",""keyId"":""e52ecebf-e943-4ff9-a2c9-e02732ccf1ea"",""startDateTime"":""2024-12-24T08:19:17Z"",""type"":""AsymmetricX509Cert"",""usage"":""Verify"",""key"":null}]","[]","6dfd611c-23d4-4a40-9dfd-feec3339e3ea","null","[]","null","null","ncconline.onmicrosoft.com","AzureADMultipleOrgs","[""power-virtual-agents-2436ad65-4b41-4d06-8093-6ac28dc02352""]","null","null","null","[]","[]","[]","null","null","null","null","null","[]","Allow","[]","null","null","false","false"
"""wa-poc-ind-openai01""","4955e9a4-0b15-42f4-908d-f7d0fc6748c0","2023-07-06T13:36:38Z","[]","[{""customKeyIdentifier"":null,""displayName"":""WebAppSecret"",""endDateTime"":""2025-07-06T13:36:38.9462024Z"",""hint"":""KuW"",""keyId"":""c7b9c685-0084-4d4c-bc21-91a1ff4c05d3"",""startDateTime"":""2023-07-06T13:36:38.9462024Z"",""secretText"":null}]","6e02939a-fc63-49fe-8913-ffc634baa3b8","null","[]","null","null","ncconline.onmicrosoft.com","AzureADMyOrg","[]","null","null","null","[]","[]","[]","null","null","null","null","null","[]","Allow","[""https://wa-poc-ind-openai01.azurewebsites.net/.auth/login/aad/callback""]","https://wa-poc-ind-openai01.azurewebsites.net","null","true","false"
"""ar-test-cmn-constructionconnector-bi-api""","98314307-3384-4296-9565-18d87ab040fb","2024-10-16T11:25:58Z","[]","[{""customKeyIdentifier"":null,""displayName"":""ClientSecret"",""endDateTime"":""2026-10-16T11:27:15.95Z"",""hint"":""Awt"",""keyId"":""e316c8d6-cd53-4650-b0c6-3ec45c2ff453"",""startDateTime"":""2024-10-16T11:27:15.95Z"",""secretText"":null}]","6e2d5359-ff6a-4df4-97ea-bf243247dd86","null","[""api://98314307-3384-4296-9565-18d87ab040fb""]","null","null","ncconline.onmicrosoft.com","AzureADMyOrg","[]","null","null","null","[]","[]","[]","null","null","null","null","null","[]","Allow","[]","null","null","false","false"
"""Agent (Microsoft Copilot Studio)""","cab91b13-8c5b-4fd1-98c4-03759e706f76","2025-04-09T11:24:46Z","[]","[]","6e3b0471-d5ec-4435-8648-b18540e83a7c","null","[]","null","null","ncconline.onmicrosoft.com","AzureADMyOrg","[""AIAgentBuilder"",""AgentCreatedBy:CopilotStudio"",""AgenticApp"",""power-virtual-agents-fab07c7e-7080-1c4e-dc1a-7d11f2f7538f""]","null","null","null","[]","[]","[]","null","null","null","null","null","[]","Allow","[]","null","null","false","false"
"""ar-devb-cmn-poc""","aea76bec-17ba-4d38-950d-a744f6188ed8","2025-11-20T15:38:34Z","[]","[]","6e51a3e5-a540-4d7c-b21b-18ca1c8c3505","null","[""api://aea76bec-17ba-4d38-950d-a744f6188ed8""]","null","null","ncconline.onmicrosoft.com","AzureADMyOrg","[]","null","null","null","[]","[]","[]","null","null","null","null","null","[]","Allow","[]","null","null","false","false"
"""Dynamics365CE-Dev""","11ee3ce4-6586-44e2-9250-ce269369655e","2019-01-31T14:01:38Z","[]","[{""customKeyIdentifier"":""awBlAHkAMgAwADEAOQA="",""displayName"":null,""endDateTime"":""2020-02-04T09:38:13.538Z"",""hint"":null,""keyId"":""96fa408d-93c9-4a41-b30b-c43db636543a"",""startDateTime"":""2019-02-04T09:38:30.922555Z"",""secretText"":null}]","6e84e11c-cd9c-4b0f-9335-3baa21a53fab","false","[""https://ncconline.onmicrosoft.com/01fe0c4b-a1cb-41ef-8b6d-569d5f46ea71""]","null","null","ncconline.onmicrosoft.com","AzureADMyOrg","[]","null","null","null","[]","[]","[]","null","null","null","null","null","[]","Allow","[""https://nccconfig.crm4.dynamics.com"",""https://localhost"",""https://www.getpostman.com/oauth2/callback""]","https://nccconfig.crm4.dynamics.com","null","true","true"
"""sc-dev-cmn-analyticsplatform""","1e2d043b-9772-47f2-adcd-ab89e2fbd2b6","2022-06-23T10:02:40Z","[]","[{""customKeyIdentifier"":null,""displayName"":""Deploy pipeline token - 20251204"",""endDateTime"":""2026-06-02T09:20:37.212Z"",""hint"":""PLd"",""keyId"":""7dbf85c2-72c2-408f-bd7d-5446784d48b8"",""startDateTime"":""2025-12-04T10:20:37.212Z"",""secretText"":null}]","6e8a986c-2429-4c35-a64d-3e42cf6c2af4","null","[]","null","null","ncconline.onmicrosoft.com","AzureADMyOrg","[]","null","null","null","[]","[]","[]","null","null","null","null","null","[]","Allow","[]","null","null","false","false"
"""Hangonsilta AI (Microsoft Copilot Studio)""","eca30ec3-9329-4542-a182-ad0149141d72","2025-03-14T14:09:09Z","[]","[]","6f0251ca-0eb8-428e-b077-fbd62c5a8b5a","null","[]","null","null","ncconline.onmicrosoft.com","AzureADMyOrg","[""AIAgentBuilder"",""AgentCreatedBy:CopilotStudio"",""AgenticApp"",""power-virtual-agents-9bc4d8af-cb6f-c4ad-e45d-684d561d8905""]","null","null","null","[]","[]","[]","null","null","null","null","null","[]","Allow","[]","null","null","false","false"
"""Power Testing Report""","afa53e05-4909-4ff9-bf8e-9fad9d3e8fd9","2017-10-01T15:23:41Z","[]","[{""customKeyIdentifier"":null,""displayName"":null,""endDateTime"":""2019-10-01T15:23:42.3468494Z"",""hint"":null,""keyId"":""659e4a1c-dcc5-40e8-9236-a1b334be471a"",""startDateTime"":""2017-10-01T15:23:42.3468494Z"",""secretText"":null}]","6f2e2f5a-8cf6-43c8-ae66-a63c4eea1d3b","null","[""https://ncc.fi/57395a20-029d-497b-bf7c-b6d12b22cdfd""]","null","null","null","AzureADMultipleOrgs","[]","null","null","null","[]","[]","[]","null","null","null","null","null","[]","Allow","[""http://localhost:13526""]","http://localhost:13526","null","true","false"
"""ar-test-cmn-contract-management-logAnalytics-client""","b4349624-87e1-418f-b668-d8104c2d68a4","2022-11-29T13:56:55Z","[]","[{""customKeyIdentifier"":null,""displayName"":""Secret"",""endDateTime"":""2024-11-29T16:23:56.62Z"",""hint"":""-8y"",""keyId"":""92fb7b27-c9ec-4a47-a86d-ee66b402f41d"",""startDateTime"":""2022-11-29T16:23:56.62Z"",""secretText"":null}]","6f3e7cc5-dbed-43e1-b226-5172242496c5","null","[]","null","null","ncconline.onmicrosoft.com","AzureADMyOrg","[]","null","null","null","[]","[]","[]","null","null","null","null","null","[]","Allow","[]","null","null","false","false"
"""Account reconciliation agent (Microsoft Copilot Studio)""","28e701eb-c412-4b06-bcc7-943e15caa5da","2025-10-02T19:55:57Z","[]","[]","6f8048c6-6a80-4ae9-b1d3-8ea3ed7aed05","null","[]","null","null","ncconline.onmicrosoft.com","AzureADMyOrg","[""AIAgentBuilder"",""AgentCreatedBy:CopilotStudio"",""AgenticApp"",""power-virtual-agents-bb320a69-6c83-4607-70bf-0ab23cbaf228""]","null","null","null","[]","[]","[]","null","null","null","null","null","[]","Allow","[]","null","null","false","false"
"""ar-dev-cmn-SupplierControl""","2b4ec416-b141-4a1c-8f43-c9987bde2d16","2024-03-25T15:43:41Z","[]","[{""customKeyIdentifier"":null,""displayName"":""Ivalua UAT to NCIP Dev"",""endDateTime"":""2027-11-24T10:54:37.002Z"",""hint"":""rGg"",""keyId"":""6faf4c45-d016-4e57-8a1d-bc7911f92d10"",""startDateTime"":""2025-11-24T10:54:37.002Z"",""secretText"":null}]","6f946bc5-036d-485b-9658-5e452d744b61","null","[]","null","null","ncconline.onmicrosoft.com","AzureADMyOrg","[]","null","null","null","[]","[]","[]","null","null","null","null","null","[]","Allow","[]","null","null","false","false"
"""Stakeholder Agent (Microsoft Copilot Studio)""","588e3743-5e58-448f-b451-a4e0838e1205","2025-11-20T19:40:04Z","[]","[]","6fc6ee9c-7ded-4cb2-8b8e-3d499818314f","null","[]","null","null","ncconline.onmicrosoft.com","AzureADMyOrg","[""AIAgentBuilder"",""AgentCreatedBy:CopilotStudio"",""AgenticApp"",""power-virtual-agents-343eb6b1-0ad8-5bc0-65c3-17cdde3e9e2e""]","null","null","null","[]","[]","[]","null","null","null","null","null","[]","Allow","[]","null","null","false","false"
"""RPA-GR""","b1b1a558-162a-47ac-9fc5-624521869b8f","2017-10-24T10:03:03Z","[]","[{""customKeyIdentifier"":null,""displayName"":""CWAP_AuthSecret"",""endDateTime"":""2026-02-25T18:48:50.8654241Z"",""hint"":""fLx"",""keyId"":""ed20ee20-6258-418f-b43a-58a21c895053"",""startDateTime"":""2025-02-25T18:44:50.8654241Z"",""secretText"":null},{""customKeyIdentifier"":""Q1dBUF9BdXRoU2VjcmV0"",""displayName"":null,""endDateTime"":""2025-05-25T21:24:36.5248076Z"",""hint"":""Mw3"",""keyId"":""8f988dad-5a74-44ca-ad4a-166eb6bb5157"",""startDateTime"":""2024-05-25T21:20:36.5248076Z"",""secretText"":null},{""customKeyIdentifier"":""Q1dBUF9BdXRoU2VjcmV0"",""displayName"":null,""endDateTime"":""2024-08-23T15:33:51.5195445Z"",""hint"":""Cz8"",""keyId"":""c9da0c24-1942-4af6-b313-1c6c5ad97fd5"",""startDateTime"":""2023-08-24T15:29:51.5195445Z"",""secretText"":null}]","6fe995a7-da77-4253-b062-843a776ec931","false","[""https://rpagr-ncconline.msappproxy.net/"",""http://customappssoF6681E4A70C742A6A138F5AA2E597E62"",""http://instanceid_8adf8e6e-67b2-4cf2-a259-e3dc5476c621_5D42BBD5D30743729D8687AD463AF40D"",""http://customappsso/1bdf3100-d855-4f59-b7b7-ebdc5ec220be""]","null","null","null","AzureADMyOrg","[]","null","null","null","[]","[]","[]","null","null","null","null","null","[]","Allow","[""https://rpagr-ncconline.msappproxy.net/"",""https://127.0.0.1:444/applications/default.aspx""]","https://rpagr-ncconline.msappproxy.net/","null","true","false"
"""ar-prod-cmn-referencecvservice""","7c463e01-bfab-4252-9a80-235b8fa38013","2020-09-15T06:24:09Z","[]","[]","6ff76a99-4c06-468b-a914-889ca0c77a57","null","[]","null","null","ncconline.onmicrosoft.com","AzureADMyOrg","[]","null","null","null","[]","[]","[]","null","null","null","null","null","[]","Allow","[""https://referencecv.ncc.group""]","null","null","false","false"
"""ar-test-lime-bufi-scim""","9a2a7c9c-0814-415a-9e4f-0016608a8c3f","2025-07-08T12:46:24Z","[]","[]","7065862c-850b-4dc0-91ea-bbde4aeb19ae","false","[]","null","null","ncconline.onmicrosoft.com","AzureADMyOrg","[]","null","null","null","[]","[]","[]","null","null","null","null","null","[]","Allow","[""https://YourOnPremiseServerURL""]","https://YourOnPremiseServerURL?metadata=agentbasedscim|ISV9.1|primary|z","null","true","false"
"""ar-dev-cmn-constructionconnector-bi-api-test-client""","e385417e-b6fb-42fc-b61c-af3ee46fa21a","2024-10-15T11:46:06Z","[]","[{""customKeyIdentifier"":null,""displayName"":""AppPassword"",""endDateTime"":""2026-10-15T12:14:05.631Z"",""hint"":""OXI"",""keyId"":""754285b6-4cf3-42b6-86bb-fbe8e3058598"",""startDateTime"":""2024-10-15T12:14:05.631Z"",""secretText"":null}]","70734fe8-5de1-49cd-bba0-a986c87769fa","null","[]","null","null","ncconline.onmicrosoft.com","AzureADMyOrg","[]","null","null","null","[]","[]","[]","null","null","null","null","null","[]","Allow","[]","null","null","false","false"
"""D365 Sales Agent - Company Resolver (Microsoft Copilot Studio)""","2513b90a-3055-49ca-85e7-412a66ccd5fd","2025-11-20T19:25:52Z","[]","[]","707f03d1-1b85-4f3b-aeeb-c1de4218f5b1","null","[]","null","null","ncconline.onmicrosoft.com","AzureADMyOrg","[""AIAgentBuilder"",""AgentCreatedBy:CopilotStudio"",""AgenticApp"",""power-virtual-agents-011a818f-2f5a-1b35-9706-07820968c565""]","null","null","null","[]","[]","[]","null","null","null","null","null","[]","Allow","[]","null","null","false","false"
"""Sales Close Agent - Custom Research (Microsoft Copilot Studio)""","b21964fc-5284-4be6-b27e-2033c5d8550e","2026-02-01T01:03:22Z","[]","[]","7083b05f-96c7-44c4-bab9-e0510e1c0c6e","null","[]","null","null","ncconline.onmicrosoft.com","AzureADMyOrg","[""AIAgentBuilder"",""AgentCreatedBy:CopilotStudio"",""AgenticApp"",""power-virtual-agents-cc02e085-6ea8-3ddc-3b5f-450279f22788""]","null","null","null","[]","[]","[]","null","null","null","null","null","[]","Allow","[]","null","null","false","false"
"""ar-prod-cmn-imasReportDataCollection""","84ada3ea-c895-4e26-b3b3-f4a64a65e57e","2025-05-19T10:16:50Z","[]","[{""customKeyIdentifier"":null,""displayName"":""IMaS Reports V2"",""endDateTime"":""2028-01-09T08:48:25.787Z"",""hint"":""rC9"",""keyId"":""7d2bdbed-91aa-434e-a123-15385a532326"",""startDateTime"":""2026-01-09T08:48:25.787Z"",""secretText"":null},{""customKeyIdentifier"":null,""displayName"":""IMaS Reports"",""endDateTime"":""2027-05-19T10:57:09.361Z"",""hint"":""4bA"",""keyId"":""7a451021-8fbf-46e5-95b8-c6058492f9b3"",""startDateTime"":""2025-05-19T10:57:09.361Z"",""secretText"":null}]","708768a1-a5af-405c-a68f-9d5a00ae48a8","null","[]","null","null","ncconline.onmicrosoft.com","AzureADMyOrg","[]","null","null","null","[]","[]","[]","null","null","null","null","null","[]","Allow","[]","null","null","false","false"
"""ar-uat-cmn-contract-management-ext-fileupload""","0f719074-aee0-4aa9-9b31-f8aea9d32e1c","2024-09-26T18:51:43Z","[]","[]","70c0e85e-d5ad-48e5-bd85-0b6ce6c5c7b6","null","[""api://uat.cmn.ext.fileupload.ncc.se""]","null","null","ncconline.onmicrosoft.com","AzureADMyOrg","[]","null","null","null","[]","[]","[]","null","null","null","null","null","[]","Allow","[]","null","null","false","false"
"""Customer Service Email Sentiment Generator (Microsoft Copilot Studio)""","10083857-8b64-42ce-9d07-ca10ac01b2a7","2026-01-14T19:57:36Z","[]","[]","70d2b26d-ce0a-42ba-bdb1-b44fef9d3a92","null","[]","null","null","ncconline.onmicrosoft.com","AzureADMyOrg","[""AIAgentBuilder"",""AgentCreatedBy:CopilotStudio"",""AgenticApp"",""power-virtual-agents-9c3eb818-3ef9-1a44-eeb6-28e172998865""]","null","null","null","[]","[]","[]","null","null","null","null","null","[]","Allow","[]","null","null","false","false"
"""ar-prod-lime-common-appProxy""","40becf46-3e5f-403d-958f-2e1d03dc1f2a","2025-11-13T14:22:27Z","[]","[]","70e0e627-44ef-4c1e-98e3-f8d64cff6bcc","false","[""https://lime.ncc.info""]","null","null","ncconline.onmicrosoft.com","AzureADMyOrg","[]","null","2","null","[]","[]","[]","null","null","null","null","null","[]","Allow","[""https://lime.ncc.info/""]","https://lime.ncc.info/","https://lime.ncc.info/?appproxy=logout","true","false"
"""QualityEvaluationAgentForConversation (Microsoft Copilot Studio)""","568823d6-79fe-4573-a14d-098634258aae","2025-08-06T19:11:18Z","[]","[]","71045752-2497-49f8-a1f5-2b2c2533b92f","null","[]","null","null","ncconline.onmicrosoft.com","AzureADMyOrg","[""AIAgentBuilder"",""AgentCreatedBy:CopilotStudio"",""AgenticApp"",""power-virtual-agents-1b34909f-2036-2eff-c5e8-c264c97add93""]","null","null","null","[]","[]","[]","null","null","null","null","null","[]","Allow","[]","null","null","false","false"
"""ar-prod-ind-PowerAutomate""","9bcef048-d588-4804-b677-a63642ec90fd","2023-05-25T19:24:46Z","[]","[{""customKeyIdentifier"":null,""displayName"":""Authn key"",""endDateTime"":""2027-05-21T12:37:33.16Z"",""hint"":""O_U"",""keyId"":""a98a23c4-53ab-44c1-a4c0-a753631e8421"",""startDateTime"":""2025-05-21T12:37:33.16Z"",""secretText"":null},{""customKeyIdentifier"":null,""displayName"":""Authn Key"",""endDateTime"":""2025-05-24T19:25:03.198Z"",""hint"":""XNc"",""keyId"":""58097921-b5db-4356-bd98-241ea7f9a64e"",""startDateTime"":""2023-05-25T19:25:03.198Z"",""secretText"":null}]","7119703a-4153-422a-a986-ab6ec54130f4","null","[]","null","null","ncconline.onmicrosoft.com","AzureADMyOrg","[]","null","null","null","[]","[]","[]","null","null","null","null","null","[]","Allow","[]","null","null","false","false"
"""wa-dev-az-helpcontent""","ca406a08-93da-4b32-9fb1-dec251c80f59","2017-12-19T16:22:04Z","[]","[]","71477bfc-ed58-465c-bd08-e2fe5fa88c03","false","[""https://ncconline.onmicrosoft.com/2f87d57a-1743-485b-b332-f2c21c88846a""]","null","null","null","AzureADMyOrg","[]","null","null","null","[]","[]","[]","null","null","null","null","null","[]","Allow","[""https://wa-dev-cmn-helpcontentservice.ase02.ncc.info""]","https://wa-dev-cmn-helpcontentservice.ase02.ncc.info","null","true","false"
"""ar-prod-ind-NCCConnect-v2-Web""","146c950e-758d-4dcb-98d7-8813e2dd8c6f","2023-02-09T13:43:56Z","[]","[]","715407cf-cd88-40d5-bff3-209ae1c3931c","null","[]","null","null","ncconline.onmicrosoft.com","AzureADMyOrg","[]","null","null","null","[]","[]","[]","null","null","null","null","null","[]","Allow","[]","null","null","false","false"
"""sc-dev-cmn-prodportals-modern""","54bb8b70-02f3-41f9-b31c-5341ce0ce078","2023-05-15T11:51:23Z","[]","[{""customKeyIdentifier"":null,""displayName"":""sc-dev-cmn-prodportals-modern"",""endDateTime"":""2024-11-12T14:30:11.669Z"",""hint"":""0B4"",""keyId"":""b6f2b876-0d94-4979-8c46-7c580abf4753"",""startDateTime"":""2023-11-13T14:30:11.669Z"",""secretText"":null}]","7162c385-2023-4509-8454-d1eb512744e6","null","[]","null","null","ncconline.onmicrosoft.com","AzureADMyOrg","[]","null","null","null","[]","[]","[]","null","null","null","null","null","[]","Allow","[]","null","null","false","false"
"""ar-dev-gl-tranx-adapter""","b9bcf378-4827-4a10-b71d-aa8049aca22e","2025-11-18T09:09:14Z","[]","[{""customKeyIdentifier"":null,""displayName"":""Vivek Personal Secret"",""endDateTime"":""2027-11-18T09:15:25.811Z"",""hint"":""~.p"",""keyId"":""513d4f43-afcb-4212-a8f4-2855da1fbb23"",""startDateTime"":""2025-11-18T09:15:25.811Z"",""secretText"":null}]","719bcf8b-6c11-4823-9698-118e3cc0a210","null","[]","null","null","ncconline.onmicrosoft.com","AzureADMyOrg","[]","null","null","null","[]","[]","[]","null","null","null","null","null","[]","Allow","[]","null","null","false","false"
"""ar-test-cmn-CompanyInformationControl""","84ebbbc0-194c-4832-af7b-059362d50d19","2023-03-10T14:35:22Z","[]","[{""customKeyIdentifier"":null,""displayName"":""API TEST"",""endDateTime"":""2026-11-19T08:55:51.244Z"",""hint"":""T~P"",""keyId"":""ae431fc6-30e2-4b77-acdd-f85327fbe7dc"",""startDateTime"":""2024-11-19T08:55:51.244Z"",""secretText"":null}]","71ef7463-afed-4937-aaa1-a5c06f036cd6","null","[]","null","ApplicationGroup","ncconline.onmicrosoft.com","AzureADMyOrg","[]","null","null","null","[]","[]","[]","null","null","null","null","null","[]","Allow","[""https://wa-test-cmn-companyinformationcontrolapi.azurewebsites.net/signin-oidc"",""https://wa-test-cmn-companyinformationcontrol.azurewebsites.net/signin-oidc"",""https://wa-dev-cmn-companyinformationcontrolapi.azurewebsites.net/signin-oidc""]","null","null","true","false"
"""SAP Cloud Identity Services[Test1]""","dc1df5d8-1796-4a8b-954c-eca5de03f3c4","2024-12-12T15:28:42Z","[]","[]","71fbf136-d335-45a6-adfc-6fef49396d47","false","[""https://awv3t6czi.accounts.ondemand.com""]","null","null","ncconline.onmicrosoft.com","AzureADMyOrg","[]","null","null","null","[]","[]","[]","null","null","null","null","null","[]","Allow","[""https://awv3t6czi.accounts.cloud.sap/saml2/idp/acs/awv3t6czi.accounts.ondemand.com""]","https://*.accounts400.ondemand.com/saml2/idp/acs/*?metadata=sapcloudidentity|ISV9.1|primary|z","https://awv3t6czi.accounts.cloud.sap/saml2/idp/slo/awv3t6czi.accounts.ondemand.com","true","false"
"""Office 365 Security Optimization Assessment""","a7d5ec2c-61ca-4fb3-ab44-53a0e4329c49","2021-03-25T11:15:35Z","[]","[{""customKeyIdentifier"":""QXNzZXNzbWVudCBvbiAyOS1NYXItMjAyMQ=="",""displayName"":null,""endDateTime"":""2021-03-31T07:18:44.3830075Z"",""hint"":null,""keyId"":""120bf810-5791-48ab-bc6f-f7953466fcf8"",""startDateTime"":""2021-03-29T07:18:44.4526733Z"",""secretText"":null},{""customKeyIdentifier"":""UHJlcmVxIG9uIDI1LU1hci0yMDIx"",""displayName"":null,""endDateTime"":""2021-03-27T11:16:59.2255042Z"",""hint"":null,""keyId"":""55f86964-2e51-40dc-b020-3047d07e5c6a"",""startDateTime"":""2021-03-25T11:16:59.3097143Z"",""secretText"":null}]","7212606a-0f38-4204-847a-94ffd8ebc09e","null","[]","null","null","ncconline.onmicrosoft.com","AzureADMyOrg","[]","null","null","null","[]","[]","[]","null","null","null","null","null","[]","Allow","[""https://soaconsentreturn.azurewebsites.net"",""https://security.optimization.assessment.local""]","null","null","true","false"
"""ar-prod-cmn-contract-management-infra""","fbd66d77-e093-4cd4-bbe9-2c4e87166895","2022-05-24T11:35:35Z","[]","[{""customKeyIdentifier"":null,""displayName"":""Secret used in DevOps"",""endDateTime"":""2027-03-07T08:49:11.879Z"",""hint"":""XGV"",""keyId"":""4fc8f3d5-14b3-41d1-b4dd-ea49261dcc0f"",""startDateTime"":""2025-03-07T08:49:11.879Z"",""secretText"":null}]","7226b7bd-090f-42e0-a936-6cef147827fd","null","[]","null","null","ncconline.onmicrosoft.com","AzureADMyOrg","[]","null","null","null","[]","[]","[]","null","null","null","null","null","[]","Allow","[]","null","null","false","false"
"""Sales Copilot Power Virtual Agents Bot (Power Virtual Agents)""","834a2101-1f8a-45fd-933b-dc7f90805cfb","2023-12-06T23:05:36Z","[]","[]","723e3484-f4ff-4105-9f3b-fb4552961f6a","null","[]","null","null","ncconline.onmicrosoft.com","AzureADMultipleOrgs","[""AIAgentBuilder"",""AgentCreatedBy:CopilotStudio"",""AgenticApp"",""power-virtual-agents-99e0c114-8510-426b-9d88-0a539a773f59""]","null","null","null","[]","[]","[]","null","null","null","null","null","[]","Allow","[]","null","null","false","false"
"""ar-prod-cmn-ramp-benify""","01f7f5d4-7277-4bec-8a26-2e74fdbe67e0","2025-09-12T11:55:08Z","[]","[]","7274832e-67da-4920-9b51-839925795f67","null","[]","null","null","ncconline.onmicrosoft.com","AzureADMyOrg","[]","null","null","null","[]","[]","[]","null","null","null","null","null","[]","Allow","[]","null","null","false","false"
"""ar-uat-cmn-contract-management-search-proxy""","4ffdcb42-bea3-4df6-9563-7dbcc76cab1b","2022-10-26T11:55:45Z","[]","[]","7294b7ef-f498-493d-8e1f-43a1337e843e","null","[""api://cm.search.proxy.uat.ncc.se""]","null","null","ncconline.onmicrosoft.com","AzureADMyOrg","[]","null","null","null","[]","[]","[]","null","null","null","null","null","[]","Allow","[""https://fn-cm-search-proxy-uat.azurewebsites.net/.auth/login/aad/callback""]","null","null","true","false"
"""ar-prod-cmn-contract-management-service""","2bfdd0f1-9900-4d68-a4e7-a1f50b849551","2022-05-25T08:11:00Z","[{""customKeyIdentifier"":""2FF3582856DDA50FE9EEEC50E8D0226C29F8F481"",""displayName"":""Self signed 2025-02-19"",""endDateTime"":""2027-02-19T19:57:14Z"",""keyId"":""83a733e0-d960-4305-b746-556708e83b68"",""startDateTime"":""2025-02-19T19:47:14Z"",""type"":""AsymmetricX509Cert"",""usage"":""Verify"",""key"":null}]","[]","72991142-13a8-4cd6-9ca2-0f20f937055a","null","[]","null","null","ncconline.onmicrosoft.com","AzureADMyOrg","[]","null","null","null","[]","[]","[""http://localhost""]","null","null","null","null","null","[]","Allow","[]","null","null","false","false"
"""WebApp-webapplication5ncc.azurewebsites.net""","992f142f-d01b-4cb8-b86d-9fc137a582fb","2017-10-05T16:31:03Z","[]","[{""customKeyIdentifier"":null,""displayName"":null,""endDateTime"":""2018-10-05T16:31:02.0666965Z"",""hint"":null,""keyId"":""d9287b59-a254-45b2-b4a8-e56954036136"",""startDateTime"":""2017-10-05T16:31:02.0666965Z"",""secretText"":null}]","72b3178f-56bc-4d49-82ae-22389513c146","false","[""https://ncconline.onmicrosoft.com/WebApp-webapplication5ncc.azurewebsites.net""]","null","null","null","AzureADMyOrg","[]","null","null","null","[]","[]","[]","null","null","null","null","null","[]","Allow","[""https://webapplication5ncc.azurewebsites.net/""]","https://webapplication5ncc.azurewebsites.net/","null","true","false"
"""ar-prod-cmn-wws-copilot""","002b1163-7086-4b28-ac3a-57c80afb9956","2024-09-16T12:01:56Z","[]","[{""customKeyIdentifier"":null,""displayName"":""WWS copilot"",""endDateTime"":""2026-09-17T09:58:38.666Z"",""hint"":""~v~"",""keyId"":""98036296-571f-40a1-b474-be14ec99a643"",""startDateTime"":""2024-09-17T09:58:38.666Z"",""secretText"":null}]","72e82e6e-f88a-4f40-b17c-d2e5a9ac1651","null","[""api://002b1163-7086-4b28-ac3a-57c80afb9956""]","null","null","ncconline.onmicrosoft.com","AzureADMyOrg","[]","null","null","null","[]","[]","[]","null","null","null","null","null","[]","Allow","[""https://europe.token.botframework.com/.auth/web/redirect""]","null","null","false","false"
"""ar-test-cmn-ramp-dkmiddleman""","7761af9f-9445-4528-9ea2-d04cd9a856fe","2025-01-28T13:49:59Z","[]","[{""customKeyIdentifier"":null,""displayName"":""Ramp-AppReg-ClientSecret"",""endDateTime"":""2027-01-30T09:21:09.519Z"",""hint"":"".FC"",""keyId"":""4328cfb2-0b14-4d44-b0a9-0d7bf6fb9a32"",""startDateTime"":""2025-01-30T09:21:09.519Z"",""secretText"":null}]","7301ce29-5318-4a88-9b5b-ee470df5a126","null","[]","null","null","ncconline.onmicrosoft.com","AzureADMyOrg","[]","null","null","null","[]","[]","[]","null","null","null","null","null","[]","Allow","[]","null","null","false","false"
"""D365 Sales Agent - Email Validation (Microsoft Copilot Studio)""","7b9ba0a2-9c3b-4fd9-b1ec-2600c68bdcc4","2025-06-10T11:36:13Z","[]","[]","730de638-2817-43c8-98dd-a2324e933fc4","null","[]","null","null","ncconline.onmicrosoft.com","AzureADMyOrg","[""AIAgentBuilder"",""AgentCreatedBy:CopilotStudio"",""AgenticApp"",""power-virtual-agents-8089be6a-4278-4f65-b2b0-c8ef179f6745""]","null","null","null","[]","[]","[]","null","null","null","null","null","[]","Allow","[]","null","null","false","false"
"""D365 Sales Agent - Engage Autonomous (Microsoft Copilot Studio)""","64fbd09e-e70f-40d9-8ffd-b3390d59737a","2025-06-08T01:16:26Z","[]","[]","731f66c6-5880-45a0-98d8-3910ace6d3cd","null","[]","null","null","ncconline.onmicrosoft.com","AzureADMyOrg","[""AIAgentBuilder"",""AgentCreatedBy:CopilotStudio"",""AgenticApp"",""power-virtual-agents-9d4fb00a-4f55-1b31-f96f-3b8129fbb80e""]","null","null","null","[]","[]","[]","null","null","null","null","null","[]","Allow","[]","null","null","false","false"
"""ar-prod-cmn-contract-management-contract-updated-client""","9f5c6db6-c750-4ae2-b77b-613f40f3edc2","2024-08-27T15:28:32Z","[{""customKeyIdentifier"":""2FF3582856DDA50FE9EEEC50E8D0226C29F8F481"",""displayName"":""Self-signed 2025-02-19"",""endDateTime"":""2027-02-19T19:57:14Z"",""keyId"":""aef1678d-9ac2-464d-a4ba-e0596541c8dc"",""startDateTime"":""2025-02-19T19:47:14Z"",""type"":""AsymmetricX509Cert"",""usage"":""Verify"",""key"":null}]","[]","7340e5d5-89b5-4dcb-8ffd-2765b44582e0","null","[]","null","null","ncconline.onmicrosoft.com","AzureADMyOrg","[]","null","null","null","[]","[]","[]","null","null","null","null","null","[]","Allow","[]","null","null","false","false"
"""ar-prod-cmn-digizuite-DAM""","c3b610b2-b260-4ad2-81e9-4f0da584f73f","2023-08-28T07:10:40Z","[]","[]","7384be65-4ddf-4d29-ab87-0192d0f0d7ab","null","[""api://c3b610b2-b260-4ad2-81e9-4f0da584f73f""]","null","ApplicationGroup","ncconline.onmicrosoft.com","AzureADMyOrg","[]","null","null","null","[]","[]","[]","null","null","null","null","null","[]","Allow","[""https://api-c0ba65dc-8046-4506-8702-17509689f46a.digizuite.app/DigizuiteCore/LoginService""]","null","null","false","false"
"""Stakeholder Agent (Microsoft Copilot Studio)""","38ea36a9-90f1-4237-9394-d61eeb991dc0","2025-08-18T22:57:15Z","[]","[]","738a6e07-efe9-4dad-a827-aed47d8b47d3","null","[]","null","null","ncconline.onmicrosoft.com","AzureADMyOrg","[""AIAgentBuilder"",""AgentCreatedBy:CopilotStudio"",""AgenticApp"",""power-virtual-agents-cd05470a-b4bd-84f5-2071-45f446fb3d39""]","null","null","null","[]","[]","[]","null","null","null","null","null","[]","Allow","[]","null","null","false","false"
"""ar-prod-cmn-automationapp""","0eed7636-e6d1-4873-92a3-25a1924a0abc","2022-11-02T11:12:34Z","[]","[{""customKeyIdentifier"":null,""displayName"":""ServiceNow"",""endDateTime"":""2025-11-16T11:55:07.486Z"",""hint"":""aqx"",""keyId"":""8c0115d0-9ff0-415d-a1a0-89f460fa11a9"",""startDateTime"":""2023-11-17T11:55:07.486Z"",""secretText"":null},{""customKeyIdentifier"":null,""displayName"":""ServiceNow_Import_Secret"",""endDateTime"":""2024-04-11T09:13:42.101Z"",""hint"":""xuP"",""keyId"":""3b24a4c5-ecce-40e1-b724-79f4dc4ff4e1"",""startDateTime"":""2023-04-12T09:13:42.101Z"",""secretText"":null}]","73b16c6c-bfdc-4290-ab3f-057d23414e93","null","[]","null","null","ncconline.onmicrosoft.com","AzureADMyOrg","[]","null","null","null","[]","[]","[]","null","null","null","null","null","[]","Allow","[]","null","null","false","false"
"""ea-prod-cmn-qualiware""","6baa084b-4d2a-43be-81b9-bfd68cb8cbce","2023-05-25T13:03:37Z","[]","[]","73b1e5eb-ce88-45a0-ba6f-bbc7aedf037e","true","[""api://6baa084b-4d2a-43be-81b9-bfd68cb8cbce""]","null","null","ncconline.onmicrosoft.com","AzureADMyOrg","[]","null","null","null","[]","[]","[""ms-appx-web://microsoft.aad.brokerplugin/6baa084b-4d2a-43be-81b9-bfd68cb8cbce""]","null","null","null","null","null","[]","Allow","[]","https://account.activedirectory.windowsazure.com:444/applications/default.aspx?metadata=customappsso|ISV9.1|primary|z","null","false","true"
"""D365 Sales - Configuration Agent (Microsoft Copilot Studio)""","84137a07-5689-4b0a-a22a-9c2d7c7d8970","2026-01-11T00:06:42Z","[]","[]","73b3611e-ee01-4096-bcb2-dab32eb47d2e","null","[]","null","null","ncconline.onmicrosoft.com","AzureADMyOrg","[""AIAgentBuilder"",""AgentCreatedBy:CopilotStudio"",""AgenticApp"",""power-virtual-agents-1b3fffe7-cce0-3e11-4982-dacafc7dfd25""]","null","null","null","[]","[]","[]","null","null","null","null","null","[]","Allow","[]","null","null","false","false"
"""WebApplication4""","cc7c38e4-fd0a-4d27-83cd-bc7d87755162","2017-10-05T16:04:11Z","[]","[{""customKeyIdentifier"":null,""displayName"":null,""endDateTime"":""2018-10-05T16:04:09.6559712Z"",""hint"":null,""keyId"":""fb642d58-7b84-4cd4-8eba-dae8ed60626c"",""startDateTime"":""2017-10-05T16:04:09.6549671Z"",""secretText"":null}]","73c2e3a0-0124-4196-86e2-ec3f17b496b8","false","[""https://ncconline.onmicrosoft.com/WebApplication4""]","null","null","null","AzureADMyOrg","[]","null","null","null","[]","[]","[]","null","null","null","null","null","[]","Allow","[""https://webapplicationncc.azurewebsites.net""]","https://localhost:44324/","null","true","false"
"""NCC IoT""","aa8079db-87e4-479f-99f4-ef3d7464b15c","2017-10-06T10:07:01Z","[]","[{""customKeyIdentifier"":null,""displayName"":null,""endDateTime"":""2019-10-06T10:07:01.1734955Z"",""hint"":null,""keyId"":""572792ef-d811-44cc-a064-60cd8ad1efb8"",""startDateTime"":""2017-10-06T10:07:01.1734955Z"",""secretText"":null}]","73f2a881-1267-44b6-8dea-b8717aaccd89","null","[""https://ncc.fi/d0b68902-502d-49d2-85ab-b4b4135f4921""]","null","null","null","AzureADMultipleOrgs","[]","null","null","null","[]","[]","[]","null","null","null","null","null","[]","Allow","[""http://ncciotconcretecontrol.azurewebsites.net""]","http://ncciotconcretecontrol.azurewebsites.net","null","true","false"
"""D365 Sales Agent - Research (Microsoft Copilot Studio)""","a351b0ca-4d64-4995-9b34-c235341a5c74","2025-11-20T19:26:06Z","[]","[]","7413a0ca-a78d-426b-a4b1-c3902ee0e43f","null","[]","null","null","ncconline.onmicrosoft.com","AzureADMyOrg","[""AIAgentBuilder"",""AgentCreatedBy:CopilotStudio"",""AgenticApp"",""power-virtual-agents-b4271645-f4c5-023b-d0d4-69688922fd21""]","null","null","null","[]","[]","[]","null","null","null","null","null","[]","Allow","[]","null","null","false","false"
"""ar-test-lime-common-appProxy""","1cc4f9a5-114e-479d-a3d6-9d238022ab7a","2025-07-07T10:11:09Z","[]","[{""customKeyIdentifier"":null,""displayName"":""CWAP_AuthSecret"",""endDateTime"":""2026-08-07T09:56:01.3119792Z"",""hint"":""6mw"",""keyId"":""262120d4-f7c5-4ac4-87dc-454d49cd30b4"",""startDateTime"":""2025-08-07T09:52:01.3119792Z"",""secretText"":null},{""customKeyIdentifier"":null,""displayName"":""CWAP_AuthSecret"",""endDateTime"":""2026-07-07T10:10:32.8902133Z"",""hint"":""tcU"",""keyId"":""17e43651-be74-4e35-83b0-c765f66ad7dd"",""startDateTime"":""2025-07-07T10:06:32.8902133Z"",""secretText"":null}]","7422cc74-9d51-4594-bce9-193da473eb5a","false","[""https://lime-test.ncc.info""]","null","null","ncconline.onmicrosoft.com","AzureADMyOrg","[]","null","2","null","[]","[]","[]","null","null","null","null","null","[]","Allow","[""https://lime-test.ncc.info/""]","https://lime-test.ncc.info/","https://lime-test.ncc.info/?appproxy=logout","true","false"
"""ncc-tfs-NCC-prod-cmn-appiot-536512e6-44e5-4e9a-849a-33131501e63f""","37992c30-7b64-4f0d-8634-053fe3136173","2018-09-26T09:28:15Z","[]","[{""customKeyIdentifier"":null,""displayName"":null,""endDateTime"":""2020-09-26T09:28:14.9378419Z"",""hint"":null,""keyId"":""044c802f-f759-40a1-afda-926deaea2cbe"",""startDateTime"":""2018-09-26T09:28:14.9378419Z"",""secretText"":null}]","743d2ff9-6134-4161-8241-5a7c8f2fcf0d","null","[""https://VisualStudio/SPNf93cb5c6-31a5-42ea-8716-a7f95a0f3334""]","null","null","null","AzureADMyOrg","[]","null","null","null","[]","[]","[]","null","null","null","null","null","[]","Allow","[""https://VisualStudio/SPN""]","https://VisualStudio/SPN","null","true","false"
"""DIGIENHED Assistent V2 (Microsoft Copilot Studio)""","e1f9bb63-7cf8-46d2-add7-8dc2ea1a4d83","2025-09-18T06:56:18Z","[]","[]","74816b88-7342-4be8-a871-01ea8a22921c","null","[]","null","null","ncconline.onmicrosoft.com","AzureADMyOrg","[""AIAgentBuilder"",""AgentCreatedBy:CopilotStudio"",""AgenticApp"",""power-virtual-agents-872221db-0639-1343-39d9-e882dc43b469""]","null","null","null","[]","[]","[]","null","null","null","null","null","[]","Allow","[]","null","null","false","false"
"""TagRunnerIndustry""","37060890-6787-4730-ab72-6e7216f89e77","2017-09-13T10:36:40Z","[]","[{""customKeyIdentifier"":""awBlAHkA"",""displayName"":null,""endDateTime"":""2299-12-30T23:00:00Z"",""hint"":null,""keyId"":""cea87d2e-defd-48e5-b664-c9d0714f304f"",""startDateTime"":""2017-09-13T10:37:06.3642721Z"",""secretText"":null}]","748a2fc0-0735-4ccc-960b-8231eb9c3571","false","[""https://ncconline.onmicrosoft.com/d06ff316-afc7-4694-8cd1-16f3d2f62c26""]","null","null","null","AzureADMyOrg","[]","null","null","null","[]","[]","[]","null","null","null","null","null","[]","Allow","[""https://tagrunner""]","https://tagrunner","null","true","false"
"""ar-test-lime-buse-infrase""","58acb418-4e18-4a97-8819-cd73bcaff60b","2025-05-08T09:47:12Z","[]","[{""customKeyIdentifier"":null,""displayName"":""CRM Lime Test EntraID BuSE InfraSE"",""endDateTime"":""2026-08-21T09:31:45.442Z"",""hint"":""3m1"",""keyId"":""bb3355bb-1654-4630-8acb-86af1096d98f"",""startDateTime"":""2025-08-21T09:31:45.442Z"",""secretText"":null}]","74970e57-c769-4557-b6df-4a0c1d140539","null","[]","null","null","ncconline.onmicrosoft.com","AzureADMyOrg","[]","null","null","null","[]","[]","[]","null","null","null","null","null","[]","Allow","[""https://lime-test.ncc.info/client/oauth2/authorize"",""https://cmnap165.adroot.net/client/oauth2/authorize""]","null","null","false","false"
"""ar-test-cmn-ramp-c7""","c6dc753b-5511-4c4a-9469-63a2ebdbd70a","2025-08-05T12:08:33Z","[]","[{""customKeyIdentifier"":null,""displayName"":""Ramp-AppReg-ClientSecret"",""endDateTime"":""2027-08-07T13:27:15.239Z"",""hint"":""qSV"",""keyId"":""7e8e286d-e415-4b7d-81ca-57715d458c1e"",""startDateTime"":""2025-08-07T13:27:15.239Z"",""secretText"":null}]","749e3d2b-e943-41da-9730-72fbe6d6eefd","null","[]","null","null","ncconline.onmicrosoft.com","AzureADMyOrg","[]","null","null","null","[]","[]","[]","null","null","null","null","null","[]","Allow","[]","null","null","false","false"
"""NCC Byggeweb import""","33be5cd8-8e3e-4b25-bea4-d94d19a5be66","2018-11-22T12:40:16Z","[]","[]","74b1c1ae-8cf8-476c-98ef-cb22f03dfb54","null","[]","null","null","ncconline.onmicrosoft.com","AzureADandPersonalMicrosoftAccount","[""appModelVersion:2"",""accessTokenVersion:1"",""availableToOtherTenants:true"",""supportsConvergence:true""]","null","2","null","[]","[]","[""https://login.live.com/oauth20_desktop.srf"",""urn:ietf:wg:oauth:2.0:oob"",""https://login.microsoftonline.com/common/oauth2/nativeclient"",""msal33be5cd8-8e3e-4b25-bea4-d94d19a5be66://auth""]","null","null","null","null","null","[]","Allow","[]","null","null","false","false"
"""ar-prod-cmn-cimtools-server""","8b08fd5d-88fa-4b8b-8d20-6ed39435635b","2024-05-14T07:29:27Z","[]","[{""customKeyIdentifier"":null,""displayName"":""ClientSecret"",""endDateTime"":""2026-06-19T08:57:15.414Z"",""hint"":""e_p"",""keyId"":""70a63445-7942-4133-a64f-1e44f256a6e0"",""startDateTime"":""2024-06-19T08:57:15.414Z"",""secretText"":null}]","74b4247b-3ea2-4e9d-a4f1-49aa7b0da1ae","null","[""api://8b08fd5d-88fa-4b8b-8d20-6ed39435635b""]","null","null","ncconline.onmicrosoft.com","AzureADMyOrg","[]","null","null","null","[]","[{""appId"":""bd34b620-2db5-45e1-bacd-9e52ef9862d6"",""delegatedPermissionIds"":[""1fe21de4-d101-4613-b188-e6b6ae8c22de"",""a51920ae-668b-43d2-b3b4-2edb309d965d""]},{""appId"":""c8fb8a76-e2f8-4121-b2bd-552ade14304d"",""delegatedPermissionIds"":[""ec9156e7-613a-4ebc-a2b6-86b439ffb02d"",""a51920ae-668b-43d2-b3b4-2edb309d965d"",""1fe21de4-d101-4613-b188-e6b6ae8c22de""]}]","[]","null","null","null","null","null","[]","Allow","[]","null","null","false","false"
"""ar-prod-cmn-ramp-refcvservice""","a28750dd-96c5-4c18-9c27-3a329efdeb00","2023-11-22T13:23:03Z","[]","[{""customKeyIdentifier"":null,""displayName"":""Ramp-AppReg"",""endDateTime"":""2027-11-24T13:42:31.029Z"",""hint"":""2Xk"",""keyId"":""ebbeb1bb-e156-4369-9eea-18f273b0129c"",""startDateTime"":""2025-11-24T13:42:31.029Z"",""secretText"":null},{""customKeyIdentifier"":null,""displayName"":""ServiceBus-Ramp-AppReg"",""endDateTime"":""2027-11-24T13:42:24.77Z"",""hint"":""kSP"",""keyId"":""4443bdd1-0f2b-4a51-ad9b-22f5292c4ddb"",""startDateTime"":""2025-11-24T13:42:24.77Z"",""secretText"":null}]","74d93942-ea6a-4cba-a70b-d260c3ef9aab","null","[]","null","null","ncconline.onmicrosoft.com","AzureADMyOrg","[]","null","null","null","[]","[]","[]","null","null","null","null","null","[]","Allow","[]","null","null","false","false"
"""ar-test-cmn-contract-management-search-proxy""","e0bb905a-a6c9-4695-94c1-1a0f73846fee","2022-09-15T16:18:45Z","[]","[]","75371f4b-95f1-4091-bbb2-1852dad43cff","null","[""api://cm.search.proxy.test.ncc.se""]","null","null","ncconline.onmicrosoft.com","AzureADMyOrg","[]","null","null","null","[]","[]","[]","null","null","null","null","null","[]","Allow","[""https://fn-cm-search-proxy-test.azurewebsites.net/.auth/login/aad/callback"",""https://fn-cm-search-proxy-dev.azurewebsites.net/.auth/login/aad/callback""]","null","null","true","false"
"""ar-test-cmn-ifs""","9baab81f-890a-4bfa-9c56-dd7f419286ce","2025-01-17T09:15:51Z","[]","[{""customKeyIdentifier"":null,""displayName"":""integration_platform_connection_250924"",""endDateTime"":""2026-09-24T13:37:37.868Z"",""hint"":""rU6"",""keyId"":""5b0d8f2d-c603-4199-8422-626793c2de00"",""startDateTime"":""2025-09-24T13:37:37.868Z"",""secretText"":null},{""customKeyIdentifier"":null,""displayName"":""integration_platform_connection"",""endDateTime"":""2026-03-31T12:02:08.946Z"",""hint"":""a~U"",""keyId"":""1a827a25-bc7e-45c3-bedf-95f3391f803e"",""startDateTime"":""2025-03-31T12:02:08.946Z"",""secretText"":null}]","753f408a-4e87-49f3-a667-12b47069c91b","null","[]","null","null","ncconline.onmicrosoft.com","AzureADMyOrg","[]","null","null","null","[]","[]","[]","null","null","null","null","null","[]","Allow","[]","null","null","false","false"
"""AR-DEV-CMN-ESO-CERTAUTH-TOTARA""","893c3972-0b80-4d8b-ac42-f890686a2a86","2021-10-26T14:56:16Z","[]","[{""customKeyIdentifier"":null,""displayName"":""Cient ID"",""endDateTime"":""2022-04-28T12:04:59.544Z"",""hint"":""1TZ"",""keyId"":""65bbdb75-c08d-43b6-9dff-ed4bdebc2948"",""startDateTime"":""2021-10-28T12:04:59.544Z"",""secretText"":null}]","75455306-286e-481e-b8fe-c2334093a497","null","[]","null","null","ncconline.onmicrosoft.com","AzureADMyOrg","[]","null","null","null","[]","[]","[]","null","null","null","null","null","[]","Allow","[]","null","null","false","false"
"""Agent (Microsoft Copilot Studio)""","cab337c9-644f-42c1-98af-db69aff6f694","2025-12-18T11:56:58Z","[]","[]","7562f78a-fe4a-4cda-b81e-519782566173","null","[]","null","null","ncconline.onmicrosoft.com","AzureADMyOrg","[""AIAgentBuilder"",""AgentCreatedBy:CopilotStudio"",""AgenticApp"",""power-virtual-agents-326fad3c-67d5-b0ea-044c-71c58a456bfe""]","null","null","null","[]","[]","[]","null","null","null","null","null","[]","Allow","[]","null","null","false","false"
"""E02 Centralen Produktionsrapportering""","1f605399-4e56-4b71-81c2-f3e5968fdc65","2025-03-12T10:08:40Z","[]","[]","756bf743-dd7a-45ed-b36c-615a2b2cc3fe","null","[]","null","null","ncconline.onmicrosoft.com","AzureADMyOrg","[""WorkspaceObjectId:4332a547-d731-4ca9-aece-7e17fe64b40c"",""Microsoft Fabric Identity""]","null","null","null","[]","[]","[]","null","null","null","null","null","[]","Allow","[]","null","null","false","false"
"""ar-prod-ind-azconsum""","e4191976-b721-4b8a-ab83-29990f31d655","2022-03-03T11:37:00Z","[]","[{""customKeyIdentifier"":null,""displayName"":""AzConsum Azure AD Client Secret"",""endDateTime"":""2024-04-22T13:31:15.187Z"",""hint"":""0OQ"",""keyId"":""9ce5af76-b433-44f4-b012-0ce89020109d"",""startDateTime"":""2022-04-22T13:31:15.187Z"",""secretText"":null}]","757f78b1-9caa-4db1-9606-42392dce3e5f","null","[]","null","null","ncconline.onmicrosoft.com","AzureADMyOrg","[]","null","null","null","[]","[]","[]","null","null","null","null","null","[]","Allow","[]","null","null","false","false"
"""Anbudsexpert-test (Microsoft Copilot Studio)""","b6631530-f653-4a29-b4b2-7639d57b5774","2025-04-09T11:17:32Z","[]","[]","7587ce02-ba22-475b-85ab-5e05b61afa96","null","[]","null","null","ncconline.onmicrosoft.com","AzureADMyOrg","[""AIAgentBuilder"",""AgentCreatedBy:CopilotStudio"",""AgenticApp"",""power-virtual-agents-1ea7fad3-aaea-bf3d-45e0-1b09aad4fa68""]","null","null","null","[]","[]","[]","null","null","null","null","null","[]","Allow","[]","null","null","false","false"
"""ar-prod-azure-discovery""","d8d1b9d3-8052-475b-870b-80b26902917c","2025-11-13T12:21:57Z","[]","[{""customKeyIdentifier"":null,""displayName"":""ar-prod-azure-discovery"",""endDateTime"":""2027-11-20T15:16:13.34Z"",""hint"":""msC"",""keyId"":""84a7cd72-d864-4ac0-a5b0-e5c441875034"",""startDateTime"":""2025-11-20T15:16:13.34Z"",""secretText"":null}]","758f4d79-8792-49b3-a73d-1b53e861fef6","null","[]","null","null","ncconline.onmicrosoft.com","AzureADMyOrg","[]","null","null","null","[]","[]","[]","null","null","null","null","null","[]","Allow","[]","null","null","false","false"
"""Handläggare (Microsoft Copilot Studio)""","ed9118e7-5c87-4717-b7b1-5720145121b3","2025-04-09T11:31:54Z","[]","[]","75922286-f772-455e-beac-c2708b331c4a","null","[]","null","null","ncconline.onmicrosoft.com","AzureADMyOrg","[""AIAgentBuilder"",""AgentCreatedBy:CopilotStudio"",""AgenticApp"",""power-virtual-agents-9bc63028-4d6b-6a8f-d10b-68a4c8a11fd1""]","null","null","null","[]","[]","[]","null","null","null","null","null","[]","Allow","[]","null","null","false","false"
"""Demo BMO (Microsoft Copilot Studio)""","8a471fe2-63a6-49e0-b97d-a90f972cce7e","2025-04-09T11:08:55Z","[]","[]","75968854-08bb-4e5f-b02b-97a547d38740","null","[]","null","null","ncconline.onmicrosoft.com","AzureADMyOrg","[""AIAgentBuilder"",""AgentCreatedBy:CopilotStudio"",""AgenticApp"",""power-virtual-agents-138ab1c8-7f99-8965-026e-1e8b02704bce""]","null","null","null","[]","[]","[]","null","null","null","null","null","[]","Allow","[]","null","null","false","false"
"""Copilot 1 (Microsoft Copilot Studio)""","e675d738-d082-4c69-a495-3cde9aeffa09","2024-10-16T10:39:30Z","[]","[]","76040be6-17cf-4344-a5d8-844d9f9b1323","null","[]","null","null","ncconline.onmicrosoft.com","AzureADMultipleOrgs","[""AIAgentBuilder"",""AgentCreatedBy:CopilotStudio"",""AgenticApp"",""power-virtual-agents-f0d36988-4bbf-d2ea-e559-169a66aa90bf""]","null","null","null","[]","[]","[]","null","null","null","null","null","[]","Allow","[]","null","null","false","false"
"""NccDevelopment-cmn-NCCApps-536512e6-44e5-4e9a-849a-33131501e63f""","b7e15a2e-c394-49da-abe0-9c989cbfff8f","2019-01-21T15:18:02Z","[]","[{""customKeyIdentifier"":null,""displayName"":""DevOps deploy"",""endDateTime"":""2025-08-30T22:00:00Z"",""hint"":""AjG"",""keyId"":""7f09dac2-9641-4829-ab18-ac579d350312"",""startDateTime"":""2023-08-31T12:47:25.376Z"",""secretText"":null},{""customKeyIdentifier"":null,""displayName"":""Password uploaded on Tue Feb 16 2021"",""endDateTime"":""2023-02-16T14:19:18.897Z"",""hint"":""m~2"",""keyId"":""461bd53d-a6d5-44af-b568-1e23ed8e4371"",""startDateTime"":""2021-02-16T14:19:32.05Z"",""secretText"":null}]","76075eea-3f90-4f71-bce8-cd507788efe9","null","[""https://VisualStudio/SPN719ba5c6-a5c5-4f19-994b-a70d17915e54""]","null","null","ncconline.onmicrosoft.com","AzureADMyOrg","[]","null","null","null","[]","[]","[]","null","null","null","null","null","[]","Allow","[""https://VisualStudio/SPN""]","https://VisualStudio/SPN","null","true","false"
"""Agent (Microsoft Copilot Studio)""","4052486b-e22b-455a-bf86-06b7fc1a57d2","2025-03-26T12:52:36Z","[]","[]","769bdcfe-7369-4522-8613-dbfca457745d","null","[]","null","null","ncconline.onmicrosoft.com","AzureADMyOrg","[""AIAgentBuilder"",""AgentCreatedBy:CopilotStudio"",""AgenticApp"",""power-virtual-agents-62267d31-720d-123a-9bd6-322f78e65e8e""]","null","null","null","[]","[]","[]","null","null","null","null","null","[]","Allow","[]","null","null","false","false"
"""ar-test-cmn-tagetik""","718da22d-8402-4868-9631-0a3ed585b857","2025-09-16T14:59:55Z","[]","[]","76bc448a-c528-4d7d-bb50-d0e48a27fe00","null","[]","null","null","ncconline.onmicrosoft.com","AzureADMyOrg","[]","null","null","null","[]","[]","[]","null","null","null","null","null","[]","Allow","[]","null","null","false","false"
"""Quality Evaluation Agent - Incident (Microsoft Copilot Studio)""","14a28be0-c763-4a84-9398-02773ea679b6","2025-08-07T18:25:44Z","[]","[]","76bd56ad-4337-4456-af96-0c8dbedb9602","null","[]","null","null","ncconline.onmicrosoft.com","AzureADMyOrg","[""AIAgentBuilder"",""AgentCreatedBy:CopilotStudio"",""AgenticApp"",""power-virtual-agents-2667afaa-7af1-6ae6-1350-0140ca0a86f7""]","null","null","null","[]","[]","[]","null","null","null","null","null","[]","Allow","[]","null","null","false","false"
"""AR-Test-IND-Dynamics-SalesAgreementService""","c4135fc7-ba98-4167-ac08-e8ffbede98a1","2021-11-02T16:17:39Z","[]","[{""customKeyIdentifier"":null,""displayName"":""SalesAgreementService"",""endDateTime"":""2023-11-08T14:11:02.988Z"",""hint"":""sES"",""keyId"":""94e3c355-548f-4979-9337-839501d6acac"",""startDateTime"":""2021-11-08T14:11:02.988Z"",""secretText"":null}]","76d2ea45-6dac-406e-bc2a-8da50a75e91a","null","[]","null","null","ncconline.onmicrosoft.com","AzureADMyOrg","[]","null","null","null","[]","[]","[]","null","null","null","null","null","[]","Allow","[]","null","null","false","false"
"""ncc-tfs-NCC-prod-cmn-appiot-536512e6-44e5-4e9a-849a-33131501e63f""","2f57fd04-f4ed-454e-a4ee-cdb6b7a3ceb0","2018-06-11T09:07:55Z","[]","[{""customKeyIdentifier"":null,""displayName"":null,""endDateTime"":""2020-06-11T09:07:55.0619208Z"",""hint"":null,""keyId"":""b611c8e6-fc48-4e15-8361-a1ae8393fe3a"",""startDateTime"":""2018-06-11T09:07:55.0619208Z"",""secretText"":null}]","76f927c9-4f77-446d-8eaf-c78374eae4a7","null","[""https://VisualStudio/SPN5e6cbec6-04e4-430e-a342-7a9007387f9e""]","null","null","null","AzureADMyOrg","[]","null","null","null","[]","[]","[]","null","null","null","null","null","[]","Allow","[""https://VisualStudio/SPN""]","https://VisualStudio/SPN","null","true","false"
"""Stakeholder Agent (Microsoft Copilot Studio)""","bca9d1e1-75a9-4212-a6c4-f714f71fb4bf","2025-08-19T07:51:32Z","[]","[]","772f3cd8-3e97-4363-b965-61ba076d4df9","null","[]","null","null","ncconline.onmicrosoft.com","AzureADMyOrg","[""AIAgentBuilder"",""AgentCreatedBy:CopilotStudio"",""AgenticApp"",""power-virtual-agents-e257f3b8-ce7f-891a-7244-d8734c626555""]","null","null","null","[]","[]","[]","null","null","null","null","null","[]","Allow","[]","null","null","false","false"
"""ncc test (Microsoft Copilot Studio)""","ff32c190-a7ae-45a2-9e90-98cd17913391","2025-02-02T10:42:52Z","[]","[]","773f6d55-bdb1-45d6-840f-8dc44f993a6a","null","[]","null","null","ncconline.onmicrosoft.com","AzureADMyOrg","[""AIAgentBuilder"",""AgentCreatedBy:CopilotStudio"",""AgenticApp"",""power-virtual-agents-701f30e3-7b17-7f18-1839-af7f232984b6""]","null","null","null","[]","[]","[]","null","null","null","null","null","[]","Allow","[]","null","null","false","false"
"""D365 Sales Agent - Email Validation (Microsoft Copilot Studio)""","fcecd7a1-3795-4742-85d3-5a77283c3415","2025-05-17T19:07:39Z","[]","[]","774de7dd-f0ba-44f7-bdc3-4bde3f750c71","null","[]","null","null","ncconline.onmicrosoft.com","AzureADMyOrg","[""AIAgentBuilder"",""AgentCreatedBy:CopilotStudio"",""AgenticApp"",""power-virtual-agents-55c18b37-8af2-1b4e-20bd-f241781b3550""]","null","null","null","[]","[]","[]","null","null","null","null","null","[]","Allow","[]","null","null","false","false"
"""secleand_billing_t2""","7ed2dab5-89b0-4804-9e32-07985904eaa4","2017-09-19T11:14:40Z","[]","[{""customKeyIdentifier"":""cwBlAGMAbABlAGEAbgBkAF8AYgBpAHQAMgA="",""displayName"":null,""endDateTime"":""2018-09-19T11:26:15.085Z"",""hint"":null,""keyId"":""e1efdd56-5a09-4bfe-873c-986228bf9d48"",""startDateTime"":""2017-09-19T11:27:05.2390448Z"",""secretText"":null}]","778b6cb2-8204-4ddf-825a-456ee9ea405e","false","[""https://ncconline.onmicrosoft.com/7dc8ef1c-78f0-4edb-8b20-0cc470eb42d1""]","null","null","null","AzureADMyOrg","[]","null","null","null","[]","[]","[]","null","null","null","null","null","[]","Allow","[""http://secleand_t2""]","http://secleand_t2","null","true","false"
"""ar-dev-cmn-ai-langfuse""","b89afff8-5267-47c3-a31b-cfa62d7b4d4a","2025-05-02T12:08:41Z","[]","[]","77b60665-f4aa-4583-806f-c2adbead797c","null","[]","null","null","ncconline.onmicrosoft.com","AzureADMyOrg","[]","null","null","null","[]","[]","[]","null","null","null","null","null","[]","Allow","[]","null","null","false","false"
"""D365 Sales - Configuration Agent (Microsoft Copilot Studio)""","423f7061-e1f7-4902-af97-476df50e6994","2026-01-09T18:12:09Z","[]","[]","77cc8643-2ed0-4093-8695-fd0ca23ba87c","null","[]","null","null","ncconline.onmicrosoft.com","AzureADMyOrg","[""AIAgentBuilder"",""AgentCreatedBy:CopilotStudio"",""AgenticApp"",""power-virtual-agents-3eb1591e-b6c7-2405-13aa-3ab26119818f""]","null","null","null","[]","[]","[]","null","null","null","null","null","[]","Allow","[]","null","null","false","false"
"""Handläggare 1 (Microsoft Copilot Studio)""","844bb100-1d46-4fed-b289-be1af99522bf","2026-01-30T09:29:09Z","[]","[]","77cd643a-3237-4021-887b-9500bfb14c69","null","[]","null","null","ncconline.onmicrosoft.com","AzureADMyOrg","[""AIAgentBuilder"",""AgentCreatedBy:CopilotStudio"",""AgenticApp"",""power-virtual-agents-442d8c51-f219-9cf8-c15d-af51479f3720""]","null","null","null","[]","[]","[]","null","null","null","null","null","[]","Allow","[]","null","null","false","false"
"""D365 Sales - Configuration Agent (Microsoft Copilot Studio)""","4dd51aeb-d8c8-4810-b7e6-5f90d2ad9cab","2026-01-23T20:42:14Z","[]","[]","77fe9ac1-ed52-4d46-95fb-f2c7b32a6ce5","null","[]","null","null","ncconline.onmicrosoft.com","AzureADMyOrg","[""AIAgentBuilder"",""AgentCreatedBy:CopilotStudio"",""AgenticApp"",""power-virtual-agents-21bb9d49-b913-ce12-e88d-559f1e04362a""]","null","null","null","[]","[]","[]","null","null","null","null","null","[]","Allow","[]","null","null","false","false"
"""ar-prod-ind-boss-client""","93136be1-71ed-41b2-8c53-4fc047f7e696","2021-12-08T12:37:33Z","[]","[]","780559a7-1576-423f-8f27-b05ab2e9e7fd","null","[]","null","null","ncconline.onmicrosoft.com","AzureADMultipleOrgs","[]","null","null","null","[]","[]","[]","null","null","null","null","null","[]","Allow","[]","null","https://sprangning.ncc.group/signout","false","true"
"""Customer Service Email Sentiment Generator (Microsoft Copilot Studio)""","7e55346b-2da1-414a-bb07-0e850912152c","2026-01-13T21:36:13Z","[]","[]","78297c88-ee9f-461c-bd45-b1e37f22146b","null","[]","null","null","ncconline.onmicrosoft.com","AzureADMyOrg","[""AIAgentBuilder"",""AgentCreatedBy:CopilotStudio"",""AgenticApp"",""power-virtual-agents-5837b137-b0ce-a3f0-71a1-1e3c04bec47a""]","null","null","null","[]","[]","[]","null","null","null","null","null","[]","Allow","[]","null","null","false","false"
"""ar-prod-cmn-digizuite-apim""","68ab16a8-ef2e-42cd-876f-61ef2ea02628","2023-11-30T09:46:08Z","[]","[{""customKeyIdentifier"":null,""displayName"":""svp access key"",""endDateTime"":""2026-05-25T06:37:17Z"",""hint"":""~ao"",""keyId"":""3e891e06-43ca-48b5-9a50-1bffa68ced83"",""startDateTime"":""2025-11-26T07:37:17Z"",""secretText"":null},{""customKeyIdentifier"":null,""displayName"":""svp access key"",""endDateTime"":""2025-11-29T09:48:24.217Z"",""hint"":""owW"",""keyId"":""24ae412c-71a9-4d6e-ba32-2b15024e5d7e"",""startDateTime"":""2023-11-30T09:48:24.217Z"",""secretText"":null}]","783c0e1f-10d5-4ec5-99a6-d390e8decb70","null","[]","null","null","ncconline.onmicrosoft.com","AzureADMyOrg","[]","null","null","null","[]","[]","[]","null","null","null","null","null","[]","Allow","[]","null","null","false","false"
"""D365 Sales Agent - TCP Prefill Agent (Microsoft Copilot Studio)""","93e5a3ed-855d-44f6-b4c3-ae45d4379afa","2025-11-20T19:26:06Z","[]","[]","783e2ffe-e08f-4935-aa02-59fd561a3810","null","[]","null","null","ncconline.onmicrosoft.com","AzureADMyOrg","[""AIAgentBuilder"",""AgentCreatedBy:CopilotStudio"",""AgenticApp"",""power-virtual-agents-01986e8b-788a-27a6-11e1-e467e786a11a""]","null","null","null","[]","[]","[]","null","null","null","null","null","[]","Allow","[]","null","null","false","false"
"""ar-prod-cmn-foresee-PowerBI-Dynamics-ReportEmbed""","30910642-0bac-4e3c-b325-460958bc0c9a","2022-11-29T11:51:42Z","[]","[]","78442b64-5165-4417-b8b7-02b7374fa403","null","[]","null","null","ncconline.onmicrosoft.com","AzureADMyOrg","[]","null","null","null","[]","[]","[]","null","null","null","null","null","[]","Allow","[""https://foresee.operations.eu.dynamics.com/ouath""]","null","null","false","false"
"""ar-prod-cmn-drillrigdata-sync""","e9f24dd3-91f2-4977-9eb4-00374c50e32a","2022-05-16T06:59:28Z","[]","[{""customKeyIdentifier"":null,""displayName"":""azure file share sync -3"",""endDateTime"":""2026-10-14T09:47:56.359Z"",""hint"":""LjM"",""keyId"":""1122f8e8-a5b8-450e-93fe-743ea6ea3fcf"",""startDateTime"":""2024-10-14T09:47:56.359Z"",""secretText"":null},{""customKeyIdentifier"":null,""displayName"":""azue file share sync -2"",""endDateTime"":""2026-05-20T07:15:03.076Z"",""hint"":""BEJ"",""keyId"":""aaeb5bf0-43da-42c3-8255-a31f86bb1149"",""startDateTime"":""2024-05-20T07:15:03.076Z"",""secretText"":null},{""customKeyIdentifier"":null,""displayName"":""azue file share sync"",""endDateTime"":""2024-05-19T07:58:29.066Z"",""hint"":""~.U"",""keyId"":""85e2c893-fa86-4514-88c2-b1c57528aef2"",""startDateTime"":""2022-05-19T07:58:29.066Z"",""secretText"":null}]","788afc0f-b0d8-410d-87e8-ab8e58aed164","null","[]","null","null","ncconline.onmicrosoft.com","AzureADMyOrg","[]","null","null","null","[]","[]","[]","null","null","null","null","null","[]","Allow","[""https://wa-dev-cmn-babn.ase02.ncc.info/signin-oidc""]","null","null","true","false"
"""sc-uat-ind-assetservice-integration-ramp""","0eec318f-2c9e-460a-b94c-bf909f228a8f","2023-03-16T07:55:13Z","[]","[{""customKeyIdentifier"":null,""displayName"":""Devops - AssetService Integration Ramp"",""endDateTime"":""2025-03-15T14:45:31.351Z"",""hint"":""5FD"",""keyId"":""5759e333-3536-4724-8aa2-5ec21283ff30"",""startDateTime"":""2023-03-16T14:45:31.351Z"",""secretText"":null}]","78a75b6d-4f70-42e8-aeb7-418b7a6a3b68","null","[]","null","null","ncconline.onmicrosoft.com","AzureADMyOrg","[]","null","null","null","[]","[]","[]","null","null","null","null","null","[]","Allow","[]","null","null","false","false"
"""ar-prod-ind-nccconnecct-terafform""","ae9d2766-3f36-4726-baa7-892bc007e601","2022-10-27T14:53:18Z","[]","[{""customKeyIdentifier"":null,""displayName"":""secret to deploy from terraform"",""endDateTime"":""2024-10-27T15:57:15.522Z"",""hint"":""xdG"",""keyId"":""43262557-df7e-4655-8ca7-429024f908dc"",""startDateTime"":""2022-10-27T14:57:15.522Z"",""secretText"":null}]","78ab4b36-24f0-4411-8388-392c9d55777a","null","[]","null","null","ncconline.onmicrosoft.com","AzureADMyOrg","[]","null","null","null","[]","[]","[]","null","null","null","null","null","[]","Allow","[]","null","null","false","false"
"""ar-prod-cmn-HRM""","98cef203-6c0e-444b-82b2-1daddf962e3b","2022-01-14T13:12:02Z","[]","[]","78b570fe-f81a-4f85-a9ca-74fdfd23b6b4","null","[""api://98cef203-6c0e-444b-82b2-1daddf962e3b""]","null","None","ncconline.onmicrosoft.com","AzureADMyOrg","[]","null","2","true","[]","[]","[]","null","null","null","null","null","[]","Allow","[]","null","null","false","false"
"""FU Granskaren (Microsoft Copilot Studio)""","0acb8499-00d9-4e83-a373-53482ad64774","2025-02-17T12:53:44Z","[]","[]","78c864b1-672e-4fe2-9661-b29d77a9c849","null","[]","null","null","ncconline.onmicrosoft.com","AzureADMyOrg","[""AIAgentBuilder"",""AgentCreatedBy:CopilotStudio"",""AgenticApp"",""power-virtual-agents-6f015344-70b2-c293-1d08-f465b547d1a0""]","null","null","null","[]","[]","[]","null","null","null","null","null","[]","Allow","[]","null","null","false","false"
"""Copilot for finance and operations apps (Microsoft Copilot Studio)""","f81c39c8-f48a-4f6c-b7e8-a62fe8e9afac","2025-04-29T10:12:08Z","[]","[]","78e7de6e-3696-43ad-ab1e-2ed6eaf71b29","null","[]","null","null","ncconline.onmicrosoft.com","AzureADMyOrg","[""AIAgentBuilder"",""AgentCreatedBy:CopilotStudio"",""AgenticApp"",""power-virtual-agents-672b4736-ea28-f2b7-5a2e-436a19d65cb9""]","null","null","null","[]","[]","[]","null","null","null","null","null","[]","Allow","[]","null","null","false","false"
"""Agent (Microsoft Copilot Studio)""","e3e8674d-0da7-4cca-a89d-46ae47554d98","2025-09-24T11:02:11Z","[]","[]","790156a2-4111-40e5-a7f0-8335585b02d6","null","[]","null","null","ncconline.onmicrosoft.com","AzureADMyOrg","[""AIAgentBuilder"",""AgentCreatedBy:CopilotStudio"",""AgenticApp"",""power-virtual-agents-572565a2-c8dc-0ad3-ba59-170d40e6aa62""]","null","null","null","[]","[]","[]","null","null","null","null","null","[]","Allow","[]","null","null","false","false"
